season,round,race_name,circuit_id,circuit_name,date,driver_id,driver_code,driver_name,constructor_id,constructor_name,grid,final_position,position_text,points,status,laps_completed,fastest_lap_rank,fastest_lap_time,quali_position,q1,q2,q3,num_pitstops,avg_pitstop_duration_s,first_pitstop_lap,num_compounds_used,compounds_used,air_temp_mean,track_temp_mean,humidity_mean,rainfall
2021,1,Bahrain Grand Prix,bahrain,Bahrain International Circuit,2021-03-28,hamilton,HAM,Lewis Hamilton,mercedes,Mercedes,2,1,1,25.0,Finished,56,4,1:34.015,2.0,1:30.617,1:30.085,1:29.385,2.0,24.4575,13.0,2.0,"HARD,MEDIUM",20.53834586466165,27.627819548872182,54.517293233082704,False
2021,1,Bahrain Grand Prix,bahrain,Bahrain International Circuit,2021-03-28,max_verstappen,VER,Max Verstappen,red_bull,Red Bull,1,2,2,18.0,Finished,56,2,1:33.228,1.0,1:30.499,1:30.318,1:28.997,2.0,24.307499999999997,17.0,2.0,"HARD,MEDIUM",20.53834586466165,27.627819548872182,54.517293233082704,False
2021,1,Bahrain Grand Prix,bahrain,Bahrain International Circuit,2021-03-28,bottas,BOT,Valtteri Bottas,mercedes,Mercedes,3,3,3,16.0,Finished,56,1,1:32.090,3.0,1:31.200,1:30.186,1:29.586,3.0,27.241666666666664,16.0,2.0,"HARD,MEDIUM",20.53834586466165,27.627819548872182,54.517293233082704,False
2021,1,Bahrain Grand Prix,bahrain,Bahrain International Circuit,2021-03-28,norris,NOR,Lando Norris,mclaren,McLaren,7,4,4,12.0,Finished,56,6,1:34.396,7.0,1:30.902,1:30.099,1:29.974,2.0,25.2695,12.0,3.0,"HARD,MEDIUM,SOFT",20.53834586466165,27.627819548872182,54.517293233082704,False
2021,1,Bahrain Grand Prix,bahrain,Bahrain International Circuit,2021-03-28,perez,PER,Sergio Pérez,red_bull,Red Bull,0,5,5,10.0,Finished,56,3,1:33.970,11.0,1:31.165,1:30.659,,3.0,24.096333333333334,2.0,2.0,"HARD,MEDIUM",20.53834586466165,27.627819548872182,54.517293233082704,False
2021,1,Bahrain Grand Prix,bahrain,Bahrain International Circuit,2021-03-28,leclerc,LEC,Charles Leclerc,ferrari,Ferrari,4,6,6,8.0,Finished,56,11,1:34.988,4.0,1:30.691,1:30.010,1:29.678,2.0,24.5505,12.0,3.0,"HARD,MEDIUM,SOFT",20.53834586466165,27.627819548872182,54.517293233082704,False
2021,1,Bahrain Grand Prix,bahrain,Bahrain International Circuit,2021-03-28,ricciardo,RIC,Daniel Ricciardo,mclaren,McLaren,6,7,7,6.0,Finished,56,10,1:34.932,6.0,1:30.795,1:30.222,1:29.927,2.0,24.6715,13.0,3.0,"HARD,MEDIUM,SOFT",20.53834586466165,27.627819548872182,54.517293233082704,False
2021,1,Bahrain Grand Prix,bahrain,Bahrain International Circuit,2021-03-28,sainz,SAI,Carlos Sainz,ferrari,Ferrari,8,8,8,4.0,Finished,56,7,1:34.509,8.0,1:31.653,1:30.009,1:30.215,2.0,24.347,15.0,3.0,"HARD,MEDIUM,SOFT",20.53834586466165,27.627819548872182,54.517293233082704,False
2021,1,Bahrain Grand Prix,bahrain,Bahrain International Circuit,2021-03-28,tsunoda,TSU,Yuki Tsunoda,alphatauri,AlphaTauri,13,9,9,2.0,Finished,56,8,1:34.761,13.0,1:30.607,1:31.203,,2.0,24.686999999999998,15.0,2.0,"HARD,MEDIUM",20.53834586466165,27.627819548872182,54.517293233082704,False
2021,1,Bahrain Grand Prix,bahrain,Bahrain International Circuit,2021-03-28,stroll,STR,Lance Stroll,aston_martin,Aston Martin,10,10,10,1.0,Finished,56,9,1:34.865,10.0,1:31.261,1:30.624,1:30.601,2.0,25.2045,12.0,3.0,"HARD,MEDIUM,SOFT",20.53834586466165,27.627819548872182,54.517293233082704,False
2021,1,Bahrain Grand Prix,bahrain,Bahrain International Circuit,2021-03-28,raikkonen,RAI,Kimi Räikkönen,alfa,Alfa Romeo,14,11,11,0.0,Finished,56,14,1:35.192,14.0,1:31.547,1:31.238,,2.0,24.0765,13.0,2.0,"HARD,MEDIUM",20.53834586466165,27.627819548872182,54.517293233082704,False
2021,1,Bahrain Grand Prix,bahrain,Bahrain International Circuit,2021-03-28,giovinazzi,GIO,Antonio Giovinazzi,alfa,Alfa Romeo,12,12,12,0.0,+1 Lap,55,13,1:35.122,12.0,1:30.998,1:30.708,,2.0,28.110500000000002,12.0,2.0,"HARD,MEDIUM",20.53834586466165,27.627819548872182,54.517293233082704,False
2021,1,Bahrain Grand Prix,bahrain,Bahrain International Circuit,2021-03-28,ocon,OCO,Esteban Ocon,alpine,Alpine F1 Team,16,13,13,0.0,+1 Lap,55,15,1:35.250,16.0,1:31.724,,,2.0,24.8485,13.0,3.0,"HARD,MEDIUM,SOFT",20.53834586466165,27.627819548872182,54.517293233082704,False
2021,1,Bahrain Grand Prix,bahrain,Bahrain International Circuit,2021-03-28,russell,RUS,George Russell,williams,Williams,15,14,14,0.0,+1 Lap,55,12,1:35.036,15.0,1:31.316,1:33.430,,2.0,24.4345,13.0,2.0,"MEDIUM,SOFT",20.53834586466165,27.627819548872182,54.517293233082704,False
2021,1,Bahrain Grand Prix,bahrain,Bahrain International Circuit,2021-03-28,vettel,VET,Sebastian Vettel,aston_martin,Aston Martin,20,15,15,0.0,+1 Lap,55,16,1:35.566,18.0,1:32.056,,,1.0,24.626,24.0,2.0,"HARD,MEDIUM",20.53834586466165,27.627819548872182,54.517293233082704,False
2021,1,Bahrain Grand Prix,bahrain,Bahrain International Circuit,2021-03-28,mick_schumacher,MSC,Mick Schumacher,haas,Haas F1 Team,18,16,16,0.0,+1 Lap,55,18,1:36.134,19.0,1:32.449,,,2.0,25.5705,14.0,2.0,"HARD,MEDIUM",20.53834586466165,27.627819548872182,54.517293233082704,False
2021,1,Bahrain Grand Prix,bahrain,Bahrain International Circuit,2021-03-28,gasly,GAS,Pierre Gasly,alphatauri,AlphaTauri,5,17,17,0.0,Retired,52,5,1:34.090,5.0,1:30.848,1:30.513,1:29.809,3.0,29.212666666666667,4.0,2.0,"HARD,MEDIUM",20.53834586466165,27.627819548872182,54.517293233082704,False
2021,1,Bahrain Grand Prix,bahrain,Bahrain International Circuit,2021-03-28,latifi,LAT,Nicholas Latifi,williams,Williams,17,18,18,0.0,Retired,51,19,1:36.602,17.0,1:31.936,,,2.0,25.014499999999998,14.0,2.0,"MEDIUM,SOFT",20.53834586466165,27.627819548872182,54.517293233082704,False
2021,1,Bahrain Grand Prix,bahrain,Bahrain International Circuit,2021-03-28,alonso,ALO,Fernando Alonso,alpine,Alpine F1 Team,9,19,R,0.0,Brakes,32,17,1:36.063,9.0,1:30.863,1:30.595,1:30.249,2.0,24.573999999999998,11.0,3.0,"HARD,MEDIUM,SOFT",20.53834586466165,27.627819548872182,54.517293233082704,False
2021,1,Bahrain Grand Prix,bahrain,Bahrain International Circuit,2021-03-28,mazepin,MAZ,Nikita Mazepin,haas,Haas F1 Team,19,20,R,0.0,Accident,0,,,20.0,1:33.273,,,,,,1.0,MEDIUM,20.53834586466165,27.627819548872182,54.517293233082704,False
2021,2,Emilia Romagna Grand Prix,imola,Autodromo Enzo e Dino Ferrari,2021-04-18,max_verstappen,VER,Max Verstappen,red_bull,Red Bull,3,1,1,25.0,Finished,63,2,1:17.524,3.0,1:15.109,1:14.884,1:14.498,2.0,29.809,27.0,2.0,"INTERMEDIATE,MEDIUM",10.621118012422361,16.827329192546582,69.4888198757764,True
2021,2,Emilia Romagna Grand Prix,imola,Autodromo Enzo e Dino Ferrari,2021-04-18,hamilton,HAM,Lewis Hamilton,mercedes,Mercedes,1,2,2,19.0,Finished,63,1,1:16.702,1.0,1:14.823,1:14.817,1:14.411,4.0,35.155,28.0,2.0,"INTERMEDIATE,MEDIUM",10.621118012422361,16.827329192546582,69.4888198757764,True
2021,2,Emilia Romagna Grand Prix,imola,Autodromo Enzo e Dino Ferrari,2021-04-18,norris,NOR,Lando Norris,mclaren,McLaren,7,3,3,15.0,Finished,63,3,1:18.259,7.0,1:15.009,1:14.718,1:14.875,2.0,30.654,28.0,3.0,"INTERMEDIATE,MEDIUM,SOFT",10.621118012422361,16.827329192546582,69.4888198757764,True
2021,2,Emilia Romagna Grand Prix,imola,Autodromo Enzo e Dino Ferrari,2021-04-18,leclerc,LEC,Charles Leclerc,ferrari,Ferrari,4,4,4,12.0,Finished,63,6,1:18.379,4.0,1:15.413,1:14.808,1:14.740,2.0,31.002,28.0,2.0,"INTERMEDIATE,MEDIUM",10.621118012422361,16.827329192546582,69.4888198757764,True
2021,2,Emilia Romagna Grand Prix,imola,Autodromo Enzo e Dino Ferrari,2021-04-18,sainz,SAI,Carlos Sainz,ferrari,Ferrari,11,5,5,10.0,Finished,63,7,1:18.490,11.0,1:15.406,1:15.199,,2.0,30.856,27.0,2.0,"INTERMEDIATE,MEDIUM",10.621118012422361,16.827329192546582,69.4888198757764,True
2021,2,Emilia Romagna Grand Prix,imola,Autodromo Enzo e Dino Ferrari,2021-04-18,ricciardo,RIC,Daniel Ricciardo,mclaren,McLaren,6,6,6,8.0,Finished,63,12,1:19.341,6.0,1:15.669,1:15.033,1:14.826,2.0,34.34,27.0,3.0,"INTERMEDIATE,MEDIUM,SOFT",10.621118012422361,16.827329192546582,69.4888198757764,True
2021,2,Emilia Romagna Grand Prix,imola,Autodromo Enzo e Dino Ferrari,2021-04-18,gasly,GAS,Pierre Gasly,alphatauri,AlphaTauri,5,7,7,6.0,Finished,63,9,1:18.994,5.0,1:15.548,1:14.927,1:14.790,4.0,39.809333333333335,14.0,3.0,"INTERMEDIATE,MEDIUM,WET",10.621118012422361,16.827329192546582,69.4888198757764,True
2021,2,Emilia Romagna Grand Prix,imola,Autodromo Enzo e Dino Ferrari,2021-04-18,stroll,STR,Lance Stroll,aston_martin,Aston Martin,10,8,8,4.0,Finished,63,8,1:18.782,10.0,1:15.522,1:15.138,,3.0,31.138,27.0,2.0,"INTERMEDIATE,MEDIUM",10.621118012422361,16.827329192546582,69.4888198757764,True
2021,2,Emilia Romagna Grand Prix,imola,Autodromo Enzo e Dino Ferrari,2021-04-18,ocon,OCO,Esteban Ocon,alpine,Alpine F1 Team,9,9,9,2.0,Finished,63,15,1:19.422,9.0,1:15.385,1:15.117,1:15.210,5.0,37.238,1.0,4.0,"INTERMEDIATE,MEDIUM,SOFT,WET",10.621118012422361,16.827329192546582,69.4888198757764,True
2021,2,Emilia Romagna Grand Prix,imola,Autodromo Enzo e Dino Ferrari,2021-04-18,alonso,ALO,Fernando Alonso,alpine,Alpine F1 Team,15,10,10,1.0,Finished,63,14,1:19.417,15.0,1:15.832,1:15.593,,3.0,44.2325,28.0,2.0,"INTERMEDIATE,MEDIUM",10.621118012422361,16.827329192546582,69.4888198757764,True
2021,2,Emilia Romagna Grand Prix,imola,Autodromo Enzo e Dino Ferrari,2021-04-18,perez,PER,Sergio Pérez,red_bull,Red Bull,2,11,11,0.0,Finished,63,13,1:19.396,2.0,1:15.395,1:14.716,1:14.446,2.0,44.608,28.0,3.0,"INTERMEDIATE,MEDIUM,SOFT",10.621118012422361,16.827329192546582,69.4888198757764,True
2021,2,Emilia Romagna Grand Prix,imola,Autodromo Enzo e Dino Ferrari,2021-04-18,tsunoda,TSU,Yuki Tsunoda,alphatauri,AlphaTauri,20,12,12,0.0,Finished,63,4,1:18.334,20.0,,,,3.0,30.696,25.0,3.0,"INTERMEDIATE,MEDIUM,SOFT",10.621118012422361,16.827329192546582,69.4888198757764,True
2021,2,Emilia Romagna Grand Prix,imola,Autodromo Enzo e Dino Ferrari,2021-04-18,raikkonen,RAI,Kimi Räikkönen,alfa,Alfa Romeo,16,13,13,0.0,Finished,63,5,1:18.353,16.0,1:15.974,,,3.0,30.28,26.0,2.0,"INTERMEDIATE,MEDIUM",10.621118012422361,16.827329192546582,69.4888198757764,True
2021,2,Emilia Romagna Grand Prix,imola,Autodromo Enzo e Dino Ferrari,2021-04-18,giovinazzi,GIO,Antonio Giovinazzi,alfa,Alfa Romeo,17,14,14,0.0,+1 Lap,62,16,1:19.470,17.0,1:16.122,,,4.0,31.0205,27.0,2.0,"INTERMEDIATE,MEDIUM",10.621118012422361,16.827329192546582,69.4888198757764,True
2021,2,Emilia Romagna Grand Prix,imola,Autodromo Enzo e Dino Ferrari,2021-04-18,vettel,VET,Sebastian Vettel,aston_martin,Aston Martin,0,15,15,0.0,Gearbox,61,10,1:19.074,13.0,1:15.459,1:15.394,,5.0,38.688250000000004,3.0,3.0,"INTERMEDIATE,MEDIUM,SOFT",10.621118012422361,16.827329192546582,69.4888198757764,True
2021,2,Emilia Romagna Grand Prix,imola,Autodromo Enzo e Dino Ferrari,2021-04-18,mick_schumacher,MSC,Mick Schumacher,haas,Haas F1 Team,18,16,16,0.0,+2 Laps,61,11,1:19.193,18.0,1:16.279,,,4.0,44.90266666666667,5.0,4.0,"INTERMEDIATE,MEDIUM,SOFT,WET",10.621118012422361,16.827329192546582,69.4888198757764,True
2021,2,Emilia Romagna Grand Prix,imola,Autodromo Enzo e Dino Ferrari,2021-04-18,mazepin,MAZ,Nikita Mazepin,haas,Haas F1 Team,19,17,17,0.0,+2 Laps,61,17,1:20.402,19.0,1:16.797,,,4.0,37.465666666666664,12.0,4.0,"INTERMEDIATE,MEDIUM,SOFT,WET",10.621118012422361,16.827329192546582,69.4888198757764,True
2021,2,Emilia Romagna Grand Prix,imola,Autodromo Enzo e Dino Ferrari,2021-04-18,bottas,BOT,Valtteri Bottas,mercedes,Mercedes,8,18,R,0.0,Collision,30,19,1:28.485,8.0,1:14.672,1:14.905,1:14.898,1.0,30.167,28.0,2.0,"INTERMEDIATE,MEDIUM",10.621118012422361,16.827329192546582,69.4888198757764,True
2021,2,Emilia Romagna Grand Prix,imola,Autodromo Enzo e Dino Ferrari,2021-04-18,russell,RUS,George Russell,williams,Williams,12,19,R,0.0,Collision,30,18,1:26.543,12.0,1:15.826,1:15.261,,1.0,29.983,26.0,2.0,"INTERMEDIATE,MEDIUM",10.621118012422361,16.827329192546582,69.4888198757764,True
2021,2,Emilia Romagna Grand Prix,imola,Autodromo Enzo e Dino Ferrari,2021-04-18,latifi,LAT,Nicholas Latifi,williams,Williams,14,20,R,0.0,Collision,0,,,14.0,1:15.653,1:15.593,,,,,1.0,INTERMEDIATE,10.621118012422361,16.827329192546582,69.4888198757764,True
2021,3,Portuguese Grand Prix,portimao,Autódromo Internacional do Algarve,2021-05-02,hamilton,HAM,Lewis Hamilton,mercedes,Mercedes,2,1,1,25.0,Finished,66,4,1:20.933,2.0,1:18.857,1:17.968,1:18.355,3.0,23.832333333333334,2.0,2.0,"HARD,MEDIUM",19.392537313432832,38.950746268656715,39.403731343283575,False
2021,3,Portuguese Grand Prix,portimao,Autódromo Internacional do Algarve,2021-05-02,max_verstappen,VER,Max Verstappen,red_bull,Red Bull,3,2,2,18.0,Finished,66,3,1:20.695,3.0,1:19.485,1:18.650,1:18.746,4.0,24.471,2.0,3.0,"HARD,MEDIUM,SOFT",19.392537313432832,38.950746268656715,39.403731343283575,False
2021,3,Portuguese Grand Prix,portimao,Autódromo Internacional do Algarve,2021-05-02,bottas,BOT,Valtteri Bottas,mercedes,Mercedes,1,3,3,16.0,Finished,66,1,1:19.865,1.0,1:18.722,1:18.458,1:18.348,4.0,24.240000000000002,2.0,3.0,"HARD,MEDIUM,SOFT",19.392537313432832,38.950746268656715,39.403731343283575,False
2021,3,Portuguese Grand Prix,portimao,Autódromo Internacional do Algarve,2021-05-02,perez,PER,Sergio Pérez,red_bull,Red Bull,4,4,4,12.0,Finished,66,2,1:20.643,4.0,1:19.337,1:18.845,1:18.890,3.0,23.532333333333337,2.0,2.0,"MEDIUM,SOFT",19.392537313432832,38.950746268656715,39.403731343283575,False
2021,3,Portuguese Grand Prix,portimao,Autódromo Internacional do Algarve,2021-05-02,norris,NOR,Lando Norris,mclaren,McLaren,7,5,5,10.0,Finished,66,7,1:21.696,7.0,1:18.794,1:18.481,1:19.116,3.0,23.636666666666667,2.0,2.0,"MEDIUM,SOFT",19.392537313432832,38.950746268656715,39.403731343283575,False
2021,3,Portuguese Grand Prix,portimao,Autódromo Internacional do Algarve,2021-05-02,leclerc,LEC,Charles Leclerc,ferrari,Ferrari,8,6,6,8.0,Finished,66,6,1:21.496,8.0,1:19.373,1:18.769,1:19.306,3.0,23.663999999999998,2.0,2.0,"HARD,MEDIUM",19.392537313432832,38.950746268656715,39.403731343283575,False
2021,3,Portuguese Grand Prix,portimao,Autódromo Internacional do Algarve,2021-05-02,ocon,OCO,Esteban Ocon,alpine,Alpine F1 Team,6,7,7,6.0,Finished,66,8,1:21.886,6.0,1:19.092,1:18.586,1:19.042,3.0,23.516000000000002,2.0,2.0,"HARD,SOFT",19.392537313432832,38.950746268656715,39.403731343283575,False
2021,3,Portuguese Grand Prix,portimao,Autódromo Internacional do Algarve,2021-05-02,alonso,ALO,Fernando Alonso,alpine,Alpine F1 Team,13,8,8,4.0,Finished,66,5,1:21.032,13.0,1:19.728,1:19.456,,3.0,23.171666666666667,2.0,2.0,"HARD,MEDIUM",19.392537313432832,38.950746268656715,39.403731343283575,False
2021,3,Portuguese Grand Prix,portimao,Autódromo Internacional do Algarve,2021-05-02,ricciardo,RIC,Daniel Ricciardo,mclaren,McLaren,16,9,9,2.0,Finished,66,10,1:21.987,16.0,1:19.839,,,3.0,24.319666666666667,2.0,2.0,"HARD,MEDIUM",19.392537313432832,38.950746268656715,39.403731343283575,False
2021,3,Portuguese Grand Prix,portimao,Autódromo Internacional do Algarve,2021-05-02,gasly,GAS,Pierre Gasly,alphatauri,AlphaTauri,9,10,10,1.0,Finished,66,11,1:22.014,9.0,1:19.464,1:19.052,1:19.475,3.0,23.281333333333333,2.0,2.0,"MEDIUM,SOFT",19.392537313432832,38.950746268656715,39.403731343283575,False
2021,3,Portuguese Grand Prix,portimao,Autódromo Internacional do Algarve,2021-05-02,sainz,SAI,Carlos Sainz,ferrari,Ferrari,5,11,11,0.0,Finished,66,14,1:22.325,5.0,1:19.309,1:18.813,1:19.039,3.0,23.388333333333332,2.0,2.0,"MEDIUM,SOFT",19.392537313432832,38.950746268656715,39.403731343283575,False
2021,3,Portuguese Grand Prix,portimao,Autódromo Internacional do Algarve,2021-05-02,giovinazzi,GIO,Antonio Giovinazzi,alfa,Alfa Romeo,12,12,12,0.0,+1 Lap,65,13,1:22.167,12.0,1:19.410,1:19.216,,3.0,23.961,2.0,2.0,"HARD,MEDIUM",19.392537313432832,38.950746268656715,39.403731343283575,False
2021,3,Portuguese Grand Prix,portimao,Autódromo Internacional do Algarve,2021-05-02,vettel,VET,Sebastian Vettel,aston_martin,Aston Martin,10,13,13,0.0,+1 Lap,65,15,1:22.416,10.0,1:19.403,1:18.970,1:19.659,3.0,23.256,2.0,2.0,"MEDIUM,SOFT",19.392537313432832,38.950746268656715,39.403731343283575,False
2021,3,Portuguese Grand Prix,portimao,Autódromo Internacional do Algarve,2021-05-02,stroll,STR,Lance Stroll,aston_martin,Aston Martin,17,14,14,0.0,+1 Lap,65,9,1:21.970,17.0,1:19.913,,,3.0,23.489,2.0,2.0,"MEDIUM,SOFT",19.392537313432832,38.950746268656715,39.403731343283575,False
2021,3,Portuguese Grand Prix,portimao,Autódromo Internacional do Algarve,2021-05-02,tsunoda,TSU,Yuki Tsunoda,alphatauri,AlphaTauri,14,15,15,0.0,+1 Lap,65,12,1:22.058,14.0,1:19.684,1:19.463,,3.0,23.67,2.0,2.0,"HARD,MEDIUM",19.392537313432832,38.950746268656715,39.403731343283575,False
2021,3,Portuguese Grand Prix,portimao,Autódromo Internacional do Algarve,2021-05-02,russell,RUS,George Russell,williams,Williams,11,16,16,0.0,+1 Lap,65,16,1:22.654,11.0,1:19.797,1:19.109,,3.0,24.376666666666665,2.0,2.0,"HARD,MEDIUM",19.392537313432832,38.950746268656715,39.403731343283575,False
2021,3,Portuguese Grand Prix,portimao,Autódromo Internacional do Algarve,2021-05-02,mick_schumacher,MSC,Mick Schumacher,haas,Haas F1 Team,19,17,17,0.0,+2 Laps,64,17,1:22.755,19.0,1:20.452,,,3.0,23.572666666666667,2.0,2.0,"HARD,MEDIUM",19.392537313432832,38.950746268656715,39.403731343283575,False
2021,3,Portuguese Grand Prix,portimao,Autódromo Internacional do Algarve,2021-05-02,latifi,LAT,Nicholas Latifi,williams,Williams,18,18,18,0.0,+2 Laps,64,18,1:23.155,18.0,1:20.285,,,3.0,23.43166666666667,2.0,2.0,"HARD,MEDIUM",19.392537313432832,38.950746268656715,39.403731343283575,False
2021,3,Portuguese Grand Prix,portimao,Autódromo Internacional do Algarve,2021-05-02,mazepin,MAZ,Nikita Mazepin,haas,Haas F1 Team,20,19,19,0.0,+2 Laps,64,19,1:23.641,20.0,1:20.912,,,4.0,24.2365,2.0,3.0,"HARD,MEDIUM,SOFT",19.392537313432832,38.950746268656715,39.403731343283575,False
2021,3,Portuguese Grand Prix,portimao,Autódromo Internacional do Algarve,2021-05-02,raikkonen,RAI,Kimi Räikkönen,alfa,Alfa Romeo,15,20,R,0.0,Collision damage,1,,,15.0,1:19.748,1:19.812,,,,,1.0,SOFT,19.392537313432832,38.950746268656715,39.403731343283575,False
2021,4,Spanish Grand Prix,catalunya,Circuit de Barcelona-Catalunya,2021-05-09,hamilton,HAM,Lewis Hamilton,mercedes,Mercedes,1,1,1,25.0,Finished,66,5,1:20.665,1.0,1:18.245,1:17.166,1:16.741,2.0,22.149,28.0,2.0,"MEDIUM,SOFT",22.203076923076924,32.9223076923077,57.55307692307692,False
2021,4,Spanish Grand Prix,catalunya,Circuit de Barcelona-Catalunya,2021-05-09,max_verstappen,VER,Max Verstappen,red_bull,Red Bull,2,2,2,19.0,Finished,66,1,1:18.149,2.0,1:18.090,1:16.922,1:16.777,2.0,22.5785,24.0,2.0,"MEDIUM,SOFT",22.203076923076924,32.9223076923077,57.55307692307692,False
2021,4,Spanish Grand Prix,catalunya,Circuit de Barcelona-Catalunya,2021-05-09,bottas,BOT,Valtteri Bottas,mercedes,Mercedes,3,3,3,15.0,Finished,66,2,1:19.430,3.0,1:18.005,1:17.142,1:16.873,2.0,21.9745,23.0,2.0,"MEDIUM,SOFT",22.203076923076924,32.9223076923077,57.55307692307692,False
2021,4,Spanish Grand Prix,catalunya,Circuit de Barcelona-Catalunya,2021-05-09,leclerc,LEC,Charles Leclerc,ferrari,Ferrari,4,4,4,12.0,Finished,66,4,1:20.459,4.0,1:18.041,1:17.717,1:17.510,2.0,21.9525,28.0,2.0,"MEDIUM,SOFT",22.203076923076924,32.9223076923077,57.55307692307692,False
2021,4,Spanish Grand Prix,catalunya,Circuit de Barcelona-Catalunya,2021-05-09,perez,PER,Sergio Pérez,red_bull,Red Bull,8,5,5,10.0,Finished,66,3,1:19.483,8.0,1:18.203,1:17.669,1:17.701,2.0,21.863500000000002,27.0,2.0,"MEDIUM,SOFT",22.203076923076924,32.9223076923077,57.55307692307692,False
2021,4,Spanish Grand Prix,catalunya,Circuit de Barcelona-Catalunya,2021-05-09,ricciardo,RIC,Daniel Ricciardo,mclaren,McLaren,7,6,6,8.0,Finished,66,10,1:21.853,7.0,1:18.264,1:17.719,1:17.622,2.0,22.084,25.0,2.0,"MEDIUM,SOFT",22.203076923076924,32.9223076923077,57.55307692307692,False
2021,4,Spanish Grand Prix,catalunya,Circuit de Barcelona-Catalunya,2021-05-09,sainz,SAI,Carlos Sainz,ferrari,Ferrari,6,7,7,6.0,Finished,66,9,1:21.568,6.0,1:18.205,1:17.656,1:17.620,2.0,21.817500000000003,22.0,2.0,"MEDIUM,SOFT",22.203076923076924,32.9223076923077,57.55307692307692,False
2021,4,Spanish Grand Prix,catalunya,Circuit de Barcelona-Catalunya,2021-05-09,norris,NOR,Lando Norris,mclaren,McLaren,9,8,8,4.0,+1 Lap,65,7,1:21.279,9.0,1:17.821,1:17.696,1:18.010,2.0,22.1655,23.0,2.0,"MEDIUM,SOFT",22.203076923076924,32.9223076923077,57.55307692307692,False
2021,4,Spanish Grand Prix,catalunya,Circuit de Barcelona-Catalunya,2021-05-09,ocon,OCO,Esteban Ocon,alpine,Alpine F1 Team,5,9,9,2.0,+1 Lap,65,18,1:23.311,5.0,1:18.281,1:17.743,1:17.580,1.0,22.798,23.0,2.0,"MEDIUM,SOFT",22.203076923076924,32.9223076923077,57.55307692307692,False
2021,4,Spanish Grand Prix,catalunya,Circuit de Barcelona-Catalunya,2021-05-09,gasly,GAS,Pierre Gasly,alphatauri,AlphaTauri,12,10,10,1.0,+1 Lap,65,8,1:21.375,12.0,1:18.190,1:17.982,,2.0,27.0535,18.0,2.0,"MEDIUM,SOFT",22.203076923076924,32.9223076923077,57.55307692307692,False
2021,4,Spanish Grand Prix,catalunya,Circuit de Barcelona-Catalunya,2021-05-09,stroll,STR,Lance Stroll,aston_martin,Aston Martin,11,11,11,0.0,+1 Lap,65,11,1:22.607,11.0,1:18.241,1:17.974,,2.0,21.594,22.0,2.0,"MEDIUM,SOFT",22.203076923076924,32.9223076923077,57.55307692307692,False
2021,4,Spanish Grand Prix,catalunya,Circuit de Barcelona-Catalunya,2021-05-09,raikkonen,RAI,Kimi Räikkönen,alfa,Alfa Romeo,17,12,12,0.0,+1 Lap,65,15,1:22.868,17.0,1:18.917,,,1.0,21.572,37.0,2.0,"MEDIUM,SOFT",22.203076923076924,32.9223076923077,57.55307692307692,False
2021,4,Spanish Grand Prix,catalunya,Circuit de Barcelona-Catalunya,2021-05-09,vettel,VET,Sebastian Vettel,aston_martin,Aston Martin,13,13,13,0.0,+1 Lap,65,14,1:22.820,13.0,1:18.289,1:18.079,,2.0,22.53,21.0,2.0,"MEDIUM,SOFT",22.203076923076924,32.9223076923077,57.55307692307692,False
2021,4,Spanish Grand Prix,catalunya,Circuit de Barcelona-Catalunya,2021-05-09,russell,RUS,George Russell,williams,Williams,15,14,14,0.0,+1 Lap,65,17,1:23.208,15.0,1:18.445,1:19.154,,2.0,22.866500000000002,9.0,2.0,"MEDIUM,SOFT",22.203076923076924,32.9223076923077,57.55307692307692,False
2021,4,Spanish Grand Prix,catalunya,Circuit de Barcelona-Catalunya,2021-05-09,giovinazzi,GIO,Antonio Giovinazzi,alfa,Alfa Romeo,14,15,15,0.0,+1 Lap,65,13,1:22.802,14.0,1:18.549,1:18.356,,2.0,38.772,8.0,2.0,"MEDIUM,SOFT",22.203076923076924,32.9223076923077,57.55307692307692,False
2021,4,Spanish Grand Prix,catalunya,Circuit de Barcelona-Catalunya,2021-05-09,latifi,LAT,Nicholas Latifi,williams,Williams,19,16,16,0.0,+1 Lap,65,16,1:22.905,19.0,1:19.219,,,3.0,23.500333333333334,9.0,2.0,"MEDIUM,SOFT",22.203076923076924,32.9223076923077,57.55307692307692,False
2021,4,Spanish Grand Prix,catalunya,Circuit de Barcelona-Catalunya,2021-05-09,alonso,ALO,Fernando Alonso,alpine,Alpine F1 Team,10,17,17,0.0,+1 Lap,65,6,1:21.182,10.0,1:18.281,1:17.966,1:18.147,2.0,22.761,21.0,2.0,"MEDIUM,SOFT",22.203076923076924,32.9223076923077,57.55307692307692,False
2021,4,Spanish Grand Prix,catalunya,Circuit de Barcelona-Catalunya,2021-05-09,mick_schumacher,MSC,Mick Schumacher,haas,Haas F1 Team,18,18,18,0.0,+2 Laps,64,12,1:22.637,18.0,1:19.117,,,2.0,23.158,23.0,2.0,"MEDIUM,SOFT",22.203076923076924,32.9223076923077,57.55307692307692,False
2021,4,Spanish Grand Prix,catalunya,Circuit de Barcelona-Catalunya,2021-05-09,mazepin,MAZ,Nikita Mazepin,haas,Haas F1 Team,20,19,19,0.0,+2 Laps,64,19,1:24.040,20.0,1:19.807,,,2.0,22.799999999999997,22.0,2.0,"MEDIUM,SOFT",22.203076923076924,32.9223076923077,57.55307692307692,False
2021,4,Spanish Grand Prix,catalunya,Circuit de Barcelona-Catalunya,2021-05-09,tsunoda,TSU,Yuki Tsunoda,alphatauri,AlphaTauri,16,20,R,0.0,Electrical,6,20,1:24.825,16.0,1:18.556,,,,,,1.0,SOFT,22.203076923076924,32.9223076923077,57.55307692307692,False
2021,5,Monaco Grand Prix,monaco,Circuit de Monaco,2021-05-23,max_verstappen,VER,Max Verstappen,red_bull,Red Bull,2,1,1,25.0,Finished,78,6,1:14.649,2.0,1:11.124,1:10.650,1:10.576,1.0,23.746,34.0,2.0,"HARD,SOFT",20.760740740740744,37.595555555555556,61.42444444444444,False
2021,5,Monaco Grand Prix,monaco,Circuit de Monaco,2021-05-23,sainz,SAI,Carlos Sainz,ferrari,Ferrari,4,2,2,18.0,Finished,78,5,1:14.621,4.0,1:11.324,1:10.806,1:10.611,1.0,24.15,32.0,2.0,"HARD,SOFT",20.760740740740744,37.595555555555556,61.42444444444444,False
2021,5,Monaco Grand Prix,monaco,Circuit de Monaco,2021-05-23,norris,NOR,Lando Norris,mclaren,McLaren,5,3,3,15.0,Finished,78,7,1:14.670,5.0,1:11.321,1:11.031,1:10.620,1.0,23.874,30.0,2.0,"HARD,SOFT",20.760740740740744,37.595555555555556,61.42444444444444,False
2021,5,Monaco Grand Prix,monaco,Circuit de Monaco,2021-05-23,perez,PER,Sergio Pérez,red_bull,Red Bull,9,4,4,12.0,Finished,78,3,1:14.552,9.0,1:11.644,1:11.019,1:11.573,1.0,24.548,35.0,2.0,"HARD,SOFT",20.760740740740744,37.595555555555556,61.42444444444444,False
2021,5,Monaco Grand Prix,monaco,Circuit de Monaco,2021-05-23,vettel,VET,Sebastian Vettel,aston_martin,Aston Martin,8,5,5,10.0,Finished,78,11,1:15.316,8.0,1:12.078,1:11.309,1:11.419,1.0,24.369,31.0,2.0,"HARD,SOFT",20.760740740740744,37.595555555555556,61.42444444444444,False
2021,5,Monaco Grand Prix,monaco,Circuit de Monaco,2021-05-23,gasly,GAS,Pierre Gasly,alphatauri,AlphaTauri,6,6,6,8.0,Finished,78,14,1:15.412,6.0,1:11.560,1:11.179,1:10.900,1.0,24.428,30.0,2.0,"HARD,SOFT",20.760740740740744,37.595555555555556,61.42444444444444,False
2021,5,Monaco Grand Prix,monaco,Circuit de Monaco,2021-05-23,hamilton,HAM,Lewis Hamilton,mercedes,Mercedes,7,7,7,7.0,Finished,78,1,1:12.909,7.0,1:11.622,1:11.116,1:11.095,2.0,24.0135,29.0,2.0,"HARD,SOFT",20.760740740740744,37.595555555555556,61.42444444444444,False
2021,5,Monaco Grand Prix,monaco,Circuit de Monaco,2021-05-23,stroll,STR,Lance Stroll,aston_martin,Aston Martin,13,8,8,4.0,+1 Lap,77,8,1:14.674,13.0,1:11.979,1:11.600,,1.0,23.474,58.0,2.0,"HARD,SOFT",20.760740740740744,37.595555555555556,61.42444444444444,False
2021,5,Monaco Grand Prix,monaco,Circuit de Monaco,2021-05-23,ocon,OCO,Esteban Ocon,alpine,Alpine F1 Team,11,9,9,2.0,+1 Lap,77,12,1:15.316,11.0,1:11.740,1:11.486,,1.0,23.935,37.0,2.0,"MEDIUM,SOFT",20.760740740740744,37.595555555555556,61.42444444444444,False
2021,5,Monaco Grand Prix,monaco,Circuit de Monaco,2021-05-23,giovinazzi,GIO,Antonio Giovinazzi,alfa,Alfa Romeo,10,10,10,1.0,+1 Lap,77,13,1:15.331,10.0,1:11.658,1:11.409,1:11.779,1.0,24.521,33.0,2.0,"HARD,SOFT",20.760740740740744,37.595555555555556,61.42444444444444,False
2021,5,Monaco Grand Prix,monaco,Circuit de Monaco,2021-05-23,raikkonen,RAI,Kimi Räikkönen,alfa,Alfa Romeo,14,11,11,0.0,+1 Lap,77,9,1:14.971,14.0,1:11.899,1:11.642,,1.0,24.077,43.0,2.0,"HARD,MEDIUM",20.760740740740744,37.595555555555556,61.42444444444444,False
2021,5,Monaco Grand Prix,monaco,Circuit de Monaco,2021-05-23,ricciardo,RIC,Daniel Ricciardo,mclaren,McLaren,12,12,12,0.0,+1 Lap,77,4,1:14.578,12.0,1:11.747,1:11.598,,1.0,24.715,36.0,2.0,"HARD,MEDIUM",20.760740740740744,37.595555555555556,61.42444444444444,False
2021,5,Monaco Grand Prix,monaco,Circuit de Monaco,2021-05-23,alonso,ALO,Fernando Alonso,alpine,Alpine F1 Team,17,13,13,0.0,+1 Lap,77,10,1:15.026,17.0,1:12.205,,,1.0,23.803,45.0,2.0,"MEDIUM,SOFT",20.760740740740744,37.595555555555556,61.42444444444444,False
2021,5,Monaco Grand Prix,monaco,Circuit de Monaco,2021-05-23,russell,RUS,George Russell,williams,Williams,15,14,14,0.0,+1 Lap,77,15,1:15.539,15.0,1:12.016,1:11.830,,1.0,23.928,31.0,2.0,"HARD,MEDIUM",20.760740740740744,37.595555555555556,61.42444444444444,False
2021,5,Monaco Grand Prix,monaco,Circuit de Monaco,2021-05-23,latifi,LAT,Nicholas Latifi,williams,Williams,18,15,15,0.0,+1 Lap,77,16,1:15.573,18.0,1:12.366,,,1.0,23.703,43.0,2.0,"HARD,MEDIUM",20.760740740740744,37.595555555555556,61.42444444444444,False
2021,5,Monaco Grand Prix,monaco,Circuit de Monaco,2021-05-23,tsunoda,TSU,Yuki Tsunoda,alphatauri,AlphaTauri,16,16,16,0.0,+1 Lap,77,2,1:14.037,16.0,1:12.096,,,1.0,24.43,64.0,2.0,"HARD,SOFT",20.760740740740744,37.595555555555556,61.42444444444444,False
2021,5,Monaco Grand Prix,monaco,Circuit de Monaco,2021-05-23,mazepin,MAZ,Nikita Mazepin,haas,Haas F1 Team,19,17,17,0.0,+3 Laps,75,19,1:16.866,19.0,1:12.958,,,1.0,25.202,34.0,2.0,"HARD,SOFT",20.760740740740744,37.595555555555556,61.42444444444444,False
2021,5,Monaco Grand Prix,monaco,Circuit de Monaco,2021-05-23,mick_schumacher,MSC,Mick Schumacher,haas,Haas F1 Team,20,18,18,0.0,+3 Laps,75,18,1:16.425,,,,,1.0,24.797,37.0,2.0,"HARD,SOFT",20.760740740740744,37.595555555555556,61.42444444444444,False
2021,5,Monaco Grand Prix,monaco,Circuit de Monaco,2021-05-23,bottas,BOT,Valtteri Bottas,mercedes,Mercedes,3,19,R,0.0,Wheel nut,29,17,1:15.706,3.0,1:10.938,1:10.695,1:10.601,,,,1.0,SOFT,20.760740740740744,37.595555555555556,61.42444444444444,False
2021,5,Monaco Grand Prix,monaco,Circuit de Monaco,2021-05-23,leclerc,LEC,Charles Leclerc,ferrari,Ferrari,1,20,W,0.0,Driveshaft,0,,,1.0,1:11.113,1:10.597,1:10.346,,,,,,20.760740740740744,37.595555555555556,61.42444444444444,False
2021,6,Azerbaijan Grand Prix,baku,Baku City Circuit,2021-06-06,perez,PER,Sergio Pérez,red_bull,Red Bull,6,1,1,25.0,Finished,51,2,1:44.687,7.0,1:41.968,1:41.630,1:41.917,3.0,18.575499999999998,13.0,2.0,"HARD,SOFT",24.17093023255814,38.31453488372093,55.80523255813954,False
2021,6,Azerbaijan Grand Prix,baku,Baku City Circuit,2021-06-06,vettel,VET,Sebastian Vettel,aston_martin,Aston Martin,11,2,2,18.0,Finished,51,4,1:44.890,11.0,1:42.460,1:42.224,,3.0,17.393,18.0,2.0,"HARD,SOFT",24.17093023255814,38.31453488372093,55.80523255813954,False
2021,6,Azerbaijan Grand Prix,baku,Baku City Circuit,2021-06-06,gasly,GAS,Pierre Gasly,alphatauri,AlphaTauri,4,3,3,15.0,Finished,51,6,1:45.220,4.0,1:42.288,1:41.932,1:41.565,3.0,17.6205,11.0,2.0,"HARD,SOFT",24.17093023255814,38.31453488372093,55.80523255813954,False
2021,6,Azerbaijan Grand Prix,baku,Baku City Circuit,2021-06-06,leclerc,LEC,Charles Leclerc,ferrari,Ferrari,1,4,4,12.0,Finished,51,8,1:45.382,1.0,1:42.241,1:41.659,1:41.218,3.0,17.464,9.0,2.0,"HARD,SOFT",24.17093023255814,38.31453488372093,55.80523255813954,False
2021,6,Azerbaijan Grand Prix,baku,Baku City Circuit,2021-06-06,norris,NOR,Lando Norris,mclaren,McLaren,9,5,5,10.0,Finished,51,7,1:45.326,6.0,1:42.167,1:41.813,1:41.747,3.0,18.1995,7.0,2.0,"HARD,SOFT",24.17093023255814,38.31453488372093,55.80523255813954,False
2021,6,Azerbaijan Grand Prix,baku,Baku City Circuit,2021-06-06,alonso,ALO,Fernando Alonso,alpine,Alpine F1 Team,8,6,6,8.0,Finished,51,11,1:45.624,9.0,1:42.934,1:42.195,1:42.327,4.0,18.527666666666665,7.0,2.0,"HARD,SOFT",24.17093023255814,38.31453488372093,55.80523255813954,False
2021,6,Azerbaijan Grand Prix,baku,Baku City Circuit,2021-06-06,tsunoda,TSU,Yuki Tsunoda,alphatauri,AlphaTauri,7,7,7,6.0,Finished,51,5,1:44.939,8.0,1:42.521,1:41.654,1:42.211,3.0,17.598,9.0,2.0,"HARD,SOFT",24.17093023255814,38.31453488372093,55.80523255813954,False
2021,6,Azerbaijan Grand Prix,baku,Baku City Circuit,2021-06-06,sainz,SAI,Carlos Sainz,ferrari,Ferrari,5,8,8,4.0,Finished,51,13,1:45.700,5.0,1:42.121,1:41.740,1:41.576,3.0,17.5915,10.0,2.0,"HARD,SOFT",24.17093023255814,38.31453488372093,55.80523255813954,False
2021,6,Azerbaijan Grand Prix,baku,Baku City Circuit,2021-06-06,ricciardo,RIC,Daniel Ricciardo,mclaren,McLaren,13,9,9,2.0,Finished,51,14,1:45.713,13.0,1:42.304,1:42.558,,3.0,17.538,11.0,2.0,"HARD,SOFT",24.17093023255814,38.31453488372093,55.80523255813954,False
2021,6,Azerbaijan Grand Prix,baku,Baku City Circuit,2021-06-06,raikkonen,RAI,Kimi Räikkönen,alfa,Alfa Romeo,14,10,10,1.0,Finished,51,10,1:45.601,14.0,1:42.923,1:42.587,,3.0,17.555999999999997,13.0,3.0,"HARD,MEDIUM,SOFT",24.17093023255814,38.31453488372093,55.80523255813954,False
2021,6,Azerbaijan Grand Prix,baku,Baku City Circuit,2021-06-06,giovinazzi,GIO,Antonio Giovinazzi,alfa,Alfa Romeo,20,11,11,0.0,Finished,51,9,1:45.575,20.0,,,,4.0,18.492,2.0,2.0,"HARD,SOFT",24.17093023255814,38.31453488372093,55.80523255813954,False
2021,6,Azerbaijan Grand Prix,baku,Baku City Circuit,2021-06-06,bottas,BOT,Valtteri Bottas,mercedes,Mercedes,10,12,12,0.0,Finished,51,12,1:45.665,10.0,1:42.701,1:42.106,1:42.659,3.0,20.851,11.0,2.0,"HARD,SOFT",24.17093023255814,38.31453488372093,55.80523255813954,False
2021,6,Azerbaijan Grand Prix,baku,Baku City Circuit,2021-06-06,mick_schumacher,MSC,Mick Schumacher,haas,Haas F1 Team,17,13,13,0.0,Finished,51,18,1:47.624,17.0,1:44.158,,,5.0,19.695,8.0,2.0,"HARD,SOFT",24.17093023255814,38.31453488372093,55.80523255813954,False
2021,6,Azerbaijan Grand Prix,baku,Baku City Circuit,2021-06-06,mazepin,MAZ,Nikita Mazepin,haas,Haas F1 Team,18,14,14,0.0,Finished,51,19,1:47.747,18.0,1:44.238,,,6.0,20.88775,9.0,2.0,"HARD,SOFT",24.17093023255814,38.31453488372093,55.80523255813954,False
2021,6,Azerbaijan Grand Prix,baku,Baku City Circuit,2021-06-06,hamilton,HAM,Lewis Hamilton,mercedes,Mercedes,2,15,15,0.0,Finished,51,3,1:44.769,2.0,1:41.545,1:41.634,1:41.450,3.0,18.951,11.0,2.0,"HARD,SOFT",24.17093023255814,38.31453488372093,55.80523255813954,False
2021,6,Azerbaijan Grand Prix,baku,Baku City Circuit,2021-06-06,latifi,LAT,Nicholas Latifi,williams,Williams,16,16,16,0.0,Finished,51,17,1:46.608,16.0,1:43.128,,,2.0,22.149,9.0,3.0,"HARD,MEDIUM,SOFT",24.17093023255814,38.31453488372093,55.80523255813954,False
2021,6,Azerbaijan Grand Prix,baku,Baku City Circuit,2021-06-06,russell,RUS,George Russell,williams,Williams,15,17,R,0.0,Gearbox,48,15,1:45.959,15.0,1:42.728,1:42.758,,4.0,20.479,1.0,3.0,"HARD,MEDIUM,SOFT",24.17093023255814,38.31453488372093,55.80523255813954,False
2021,6,Azerbaijan Grand Prix,baku,Baku City Circuit,2021-06-06,max_verstappen,VER,Max Verstappen,red_bull,Red Bull,3,18,R,0.0,Accident,45,1,1:44.481,3.0,1:41.760,1:41.625,1:41.563,1.0,19.769,12.0,2.0,"HARD,SOFT",24.17093023255814,38.31453488372093,55.80523255813954,False
2021,6,Azerbaijan Grand Prix,baku,Baku City Circuit,2021-06-06,stroll,STR,Lance Stroll,aston_martin,Aston Martin,19,19,R,0.0,Accident,29,16,1:46.207,19.0,,,,,,,1.0,HARD,24.17093023255814,38.31453488372093,55.80523255813954,False
2021,6,Azerbaijan Grand Prix,baku,Baku City Circuit,2021-06-06,ocon,OCO,Esteban Ocon,alpine,Alpine F1 Team,12,20,R,0.0,Turbo,3,20,1:50.850,12.0,1:42.426,1:42.273,,,,,1.0,SOFT,24.17093023255814,38.31453488372093,55.80523255813954,False
2021,7,French Grand Prix,ricard,Circuit Paul Ricard,2021-06-20,max_verstappen,VER,Max Verstappen,red_bull,Red Bull,1,1,1,26.0,Finished,53,1,1:36.404,1.0,1:31.001,1:31.080,1:29.990,2.0,29.963,18.0,2.0,"HARD,MEDIUM",25.314399999999996,35.22879999999999,58.6304,False
2021,7,French Grand Prix,ricard,Circuit Paul Ricard,2021-06-20,hamilton,HAM,Lewis Hamilton,mercedes,Mercedes,2,2,2,18.0,Finished,53,5,1:37.410,2.0,1:31.237,1:30.788,1:30.248,1.0,30.263,19.0,2.0,"HARD,MEDIUM",25.314399999999996,35.22879999999999,58.6304,False
2021,7,French Grand Prix,ricard,Circuit Paul Ricard,2021-06-20,perez,PER,Sergio Pérez,red_bull,Red Bull,4,3,3,15.0,Finished,53,2,1:36.693,4.0,1:31.560,1:30.971,1:30.445,1.0,29.682,24.0,2.0,"HARD,MEDIUM",25.314399999999996,35.22879999999999,58.6304,False
2021,7,French Grand Prix,ricard,Circuit Paul Ricard,2021-06-20,bottas,BOT,Valtteri Bottas,mercedes,Mercedes,3,4,4,12.0,Finished,53,3,1:36.960,3.0,1:31.669,1:30.735,1:30.376,1.0,30.572,17.0,2.0,"HARD,MEDIUM",25.314399999999996,35.22879999999999,58.6304,False
2021,7,French Grand Prix,ricard,Circuit Paul Ricard,2021-06-20,norris,NOR,Lando Norris,mclaren,McLaren,8,5,5,10.0,Finished,53,6,1:37.425,8.0,1:31.733,1:31.542,1:31.252,1.0,30.531,24.0,2.0,"HARD,MEDIUM",25.314399999999996,35.22879999999999,58.6304,False
2021,7,French Grand Prix,ricard,Circuit Paul Ricard,2021-06-20,ricciardo,RIC,Daniel Ricciardo,mclaren,McLaren,10,6,6,8.0,Finished,53,14,1:38.324,10.0,1:32.181,1:31.615,1:31.382,1.0,29.951,16.0,2.0,"HARD,MEDIUM",25.314399999999996,35.22879999999999,58.6304,False
2021,7,French Grand Prix,ricard,Circuit Paul Ricard,2021-06-20,gasly,GAS,Pierre Gasly,alphatauri,AlphaTauri,6,7,7,6.0,Finished,53,11,1:38.103,6.0,1:31.898,1:31.353,1:30.868,1.0,30.781,17.0,2.0,"HARD,MEDIUM",25.314399999999996,35.22879999999999,58.6304,False
2021,7,French Grand Prix,ricard,Circuit Paul Ricard,2021-06-20,alonso,ALO,Fernando Alonso,alpine,Alpine F1 Team,9,8,8,4.0,Finished,53,7,1:37.646,9.0,1:32.158,1:31.549,1:31.340,1.0,31.288,18.0,2.0,"HARD,MEDIUM",25.314399999999996,35.22879999999999,58.6304,False
2021,7,French Grand Prix,ricard,Circuit Paul Ricard,2021-06-20,vettel,VET,Sebastian Vettel,aston_martin,Aston Martin,12,9,9,2.0,Finished,53,4,1:37.138,12.0,1:32.132,1:31.767,,1.0,31.069,37.0,2.0,"HARD,MEDIUM",25.314399999999996,35.22879999999999,58.6304,False
2021,7,French Grand Prix,ricard,Circuit Paul Ricard,2021-06-20,stroll,STR,Lance Stroll,aston_martin,Aston Martin,19,10,10,1.0,Finished,53,9,1:37.828,19.0,,,,1.0,30.996,34.0,2.0,"HARD,SOFT",25.314399999999996,35.22879999999999,58.6304,False
2021,7,French Grand Prix,ricard,Circuit Paul Ricard,2021-06-20,sainz,SAI,Carlos Sainz,ferrari,Ferrari,5,11,11,0.0,Finished,53,18,1:38.931,5.0,1:32.079,1:31.146,1:30.840,1.0,30.534,17.0,2.0,"HARD,MEDIUM",25.314399999999996,35.22879999999999,58.6304,False
2021,7,French Grand Prix,ricard,Circuit Paul Ricard,2021-06-20,russell,RUS,George Russell,williams,Williams,14,12,12,0.0,+1 Lap,52,13,1:38.314,14.0,1:33.060,1:32.065,,1.0,30.092,17.0,2.0,"HARD,MEDIUM",25.314399999999996,35.22879999999999,58.6304,False
2021,7,French Grand Prix,ricard,Circuit Paul Ricard,2021-06-20,tsunoda,TSU,Yuki Tsunoda,alphatauri,AlphaTauri,0,13,13,0.0,+1 Lap,52,19,1:38.980,20.0,,,,1.0,30.226,15.0,2.0,"HARD,MEDIUM",25.314399999999996,35.22879999999999,58.6304,False
2021,7,French Grand Prix,ricard,Circuit Paul Ricard,2021-06-20,ocon,OCO,Esteban Ocon,alpine,Alpine F1 Team,11,14,14,0.0,+1 Lap,52,15,1:38.645,11.0,1:32.139,1:31.736,,1.0,30.207,28.0,2.0,"HARD,MEDIUM",25.314399999999996,35.22879999999999,58.6304,False
2021,7,French Grand Prix,ricard,Circuit Paul Ricard,2021-06-20,giovinazzi,GIO,Antonio Giovinazzi,alfa,Alfa Romeo,13,15,15,0.0,+1 Lap,52,16,1:38.702,13.0,1:32.722,1:31.813,,1.0,30.586,28.0,2.0,"HARD,MEDIUM",25.314399999999996,35.22879999999999,58.6304,False
2021,7,French Grand Prix,ricard,Circuit Paul Ricard,2021-06-20,leclerc,LEC,Charles Leclerc,ferrari,Ferrari,7,16,16,0.0,+1 Lap,52,8,1:37.681,7.0,1:32.209,1:31.567,1:30.987,2.0,31.083,14.0,2.0,"HARD,MEDIUM",25.314399999999996,35.22879999999999,58.6304,False
2021,7,French Grand Prix,ricard,Circuit Paul Ricard,2021-06-20,raikkonen,RAI,Kimi Räikkönen,alfa,Alfa Romeo,17,17,17,0.0,+1 Lap,52,10,1:37.992,17.0,1:33.354,,,1.0,31.327,33.0,2.0,"HARD,MEDIUM",25.314399999999996,35.22879999999999,58.6304,False
2021,7,French Grand Prix,ricard,Circuit Paul Ricard,2021-06-20,latifi,LAT,Nicholas Latifi,williams,Williams,16,18,18,0.0,+1 Lap,52,12,1:38.313,16.0,1:33.062,,,1.0,29.775,18.0,2.0,"HARD,MEDIUM",25.314399999999996,35.22879999999999,58.6304,False
2021,7,French Grand Prix,ricard,Circuit Paul Ricard,2021-06-20,mick_schumacher,MSC,Mick Schumacher,haas,Haas F1 Team,15,19,19,0.0,+1 Lap,52,17,1:38.847,15.0,1:32.942,,,1.0,31.457,15.0,2.0,"HARD,MEDIUM",25.314399999999996,35.22879999999999,58.6304,False
2021,7,French Grand Prix,ricard,Circuit Paul Ricard,2021-06-20,mazepin,MAZ,Nikita Mazepin,haas,Haas F1 Team,18,20,20,0.0,+1 Lap,52,20,1:39.317,18.0,1:33.554,,,1.0,30.983,31.0,2.0,"HARD,MEDIUM",25.314399999999996,35.22879999999999,58.6304,False
2021,8,Styrian Grand Prix,red_bull_ring,Red Bull Ring,2021-06-27,max_verstappen,VER,Max Verstappen,red_bull,Red Bull,1,1,1,25.0,Finished,71,3,1:08.017,1.0,1:04.489,1:04.433,1:03.841,1.0,20.936,29.0,2.0,"HARD,MEDIUM",26.692372881355933,52.35254237288136,33.246610169491525,False
2021,8,Styrian Grand Prix,red_bull_ring,Red Bull Ring,2021-06-27,hamilton,HAM,Lewis Hamilton,mercedes,Mercedes,2,2,2,19.0,Finished,71,1,1:07.058,3.0,1:04.672,1:04.512,1:04.067,2.0,21.4295,28.0,3.0,"HARD,MEDIUM,SOFT",26.692372881355933,52.35254237288136,33.246610169491525,False
2021,8,Styrian Grand Prix,red_bull_ring,Red Bull Ring,2021-06-27,bottas,BOT,Valtteri Bottas,mercedes,Mercedes,5,3,3,15.0,Finished,71,5,1:08.619,2.0,1:04.537,1:04.443,1:04.035,1.0,21.752,27.0,2.0,"HARD,MEDIUM",26.692372881355933,52.35254237288136,33.246610169491525,False
2021,8,Styrian Grand Prix,red_bull_ring,Red Bull Ring,2021-06-27,perez,PER,Sergio Pérez,red_bull,Red Bull,4,4,4,12.0,Finished,71,2,1:07.894,5.0,1:04.638,1:04.197,1:04.168,2.0,22.219,26.0,3.0,"HARD,MEDIUM,SOFT",26.692372881355933,52.35254237288136,33.246610169491525,False
2021,8,Styrian Grand Prix,red_bull_ring,Red Bull Ring,2021-06-27,norris,NOR,Lando Norris,mclaren,McLaren,3,5,5,10.0,+1 Lap,70,7,1:08.903,4.0,1:04.584,1:04.298,1:04.120,1.0,21.692,31.0,2.0,"HARD,SOFT",26.692372881355933,52.35254237288136,33.246610169491525,False
2021,8,Styrian Grand Prix,red_bull_ring,Red Bull Ring,2021-06-27,sainz,SAI,Carlos Sainz,ferrari,Ferrari,12,6,6,8.0,+1 Lap,70,4,1:08.609,12.0,1:04.859,1:04.800,,1.0,21.226,41.0,2.0,"HARD,MEDIUM",26.692372881355933,52.35254237288136,33.246610169491525,False
2021,8,Styrian Grand Prix,red_bull_ring,Red Bull Ring,2021-06-27,leclerc,LEC,Charles Leclerc,ferrari,Ferrari,7,7,7,6.0,+1 Lap,70,6,1:08.738,7.0,1:04.745,1:04.646,1:04.472,2.0,25.155,1.0,3.0,"HARD,MEDIUM,SOFT",26.692372881355933,52.35254237288136,33.246610169491525,False
2021,8,Styrian Grand Prix,red_bull_ring,Red Bull Ring,2021-06-27,stroll,STR,Lance Stroll,aston_martin,Aston Martin,9,8,8,4.0,+1 Lap,70,14,1:09.787,10.0,1:04.821,1:04.663,1:04.708,1.0,20.936,28.0,2.0,"HARD,SOFT",26.692372881355933,52.35254237288136,33.246610169491525,False
2021,8,Styrian Grand Prix,red_bull_ring,Red Bull Ring,2021-06-27,alonso,ALO,Fernando Alonso,alpine,Alpine F1 Team,8,9,9,2.0,+1 Lap,70,13,1:09.749,9.0,1:04.971,1:04.582,1:04.574,1.0,21.131,27.0,2.0,"HARD,SOFT",26.692372881355933,52.35254237288136,33.246610169491525,False
2021,8,Styrian Grand Prix,red_bull_ring,Red Bull Ring,2021-06-27,tsunoda,TSU,Yuki Tsunoda,alphatauri,AlphaTauri,11,10,10,1.0,+1 Lap,70,11,1:09.650,8.0,1:04.608,1:04.631,1:04.514,1.0,21.234,26.0,2.0,"HARD,SOFT",26.692372881355933,52.35254237288136,33.246610169491525,False
2021,8,Styrian Grand Prix,red_bull_ring,Red Bull Ring,2021-06-27,raikkonen,RAI,Kimi Räikkönen,alfa,Alfa Romeo,18,11,11,0.0,+1 Lap,70,8,1:09.128,18.0,1:05.429,,,1.0,21.227,36.0,2.0,"HARD,MEDIUM",26.692372881355933,52.35254237288136,33.246610169491525,False
2021,8,Styrian Grand Prix,red_bull_ring,Red Bull Ring,2021-06-27,vettel,VET,Sebastian Vettel,aston_martin,Aston Martin,14,12,12,0.0,+1 Lap,70,15,1:09.821,14.0,1:05.051,1:04.875,,1.0,21.546,27.0,2.0,"HARD,MEDIUM",26.692372881355933,52.35254237288136,33.246610169491525,False
2021,8,Styrian Grand Prix,red_bull_ring,Red Bull Ring,2021-06-27,ricciardo,RIC,Daniel Ricciardo,mclaren,McLaren,13,13,13,0.0,+1 Lap,70,9,1:09.305,13.0,1:05.142,1:04.808,,1.0,21.41,41.0,2.0,"HARD,MEDIUM",26.692372881355933,52.35254237288136,33.246610169491525,False
2021,8,Styrian Grand Prix,red_bull_ring,Red Bull Ring,2021-06-27,ocon,OCO,Esteban Ocon,alpine,Alpine F1 Team,17,14,14,0.0,+1 Lap,70,10,1:09.576,17.0,1:05.217,,,1.0,21.238,36.0,2.0,"HARD,MEDIUM",26.692372881355933,52.35254237288136,33.246610169491525,False
2021,8,Styrian Grand Prix,red_bull_ring,Red Bull Ring,2021-06-27,giovinazzi,GIO,Antonio Giovinazzi,alfa,Alfa Romeo,15,15,15,0.0,+1 Lap,70,12,1:09.723,15.0,1:05.092,1:04.913,,1.0,21.21,23.0,2.0,"HARD,MEDIUM",26.692372881355933,52.35254237288136,33.246610169491525,False
2021,8,Styrian Grand Prix,red_bull_ring,Red Bull Ring,2021-06-27,mick_schumacher,MSC,Mick Schumacher,haas,Haas F1 Team,19,16,16,0.0,+2 Laps,69,16,1:10.005,19.0,1:06.041,,,1.0,22.4,33.0,2.0,"HARD,MEDIUM",26.692372881355933,52.35254237288136,33.246610169491525,False
2021,8,Styrian Grand Prix,red_bull_ring,Red Bull Ring,2021-06-27,latifi,LAT,Nicholas Latifi,williams,Williams,16,17,17,0.0,+3 Laps,68,17,1:10.104,16.0,1:05.175,,,2.0,24.186,1.0,3.0,"HARD,MEDIUM,SOFT",26.692372881355933,52.35254237288136,33.246610169491525,False
2021,8,Styrian Grand Prix,red_bull_ring,Red Bull Ring,2021-06-27,mazepin,MAZ,Nikita Mazepin,haas,Haas F1 Team,20,18,18,0.0,+3 Laps,68,19,1:10.951,20.0,1:06.192,,,1.0,22.759,21.0,2.0,"HARD,MEDIUM",26.692372881355933,52.35254237288136,33.246610169491525,False
2021,8,Styrian Grand Prix,red_bull_ring,Red Bull Ring,2021-06-27,russell,RUS,George Russell,williams,Williams,10,19,R,0.0,Engine,36,18,1:10.499,11.0,1:05.033,1:04.671,,2.0,41.812,25.0,2.0,"HARD,MEDIUM",26.692372881355933,52.35254237288136,33.246610169491525,False
2021,8,Styrian Grand Prix,red_bull_ring,Red Bull Ring,2021-06-27,gasly,GAS,Pierre Gasly,alphatauri,AlphaTauri,6,20,R,0.0,Collision,1,,,6.0,1:04.765,1:04.429,1:04.236,,,,1.0,SOFT,26.692372881355933,52.35254237288136,33.246610169491525,False
2021,9,Austrian Grand Prix,red_bull_ring,Red Bull Ring,2021-07-04,max_verstappen,VER,Max Verstappen,red_bull,Red Bull,1,1,1,26.0,Finished,71,1,1:06.200,1.0,1:04.249,1:03.927,1:03.720,2.0,21.163,32.0,2.0,"HARD,MEDIUM",20.96602564102564,33.18397435897436,49.73076923076923,True
2021,9,Austrian Grand Prix,red_bull_ring,Red Bull Ring,2021-07-04,bottas,BOT,Valtteri Bottas,mercedes,Mercedes,5,2,2,18.0,Finished,71,6,1:08.374,5.0,1:04.563,1:04.376,1:04.049,1.0,21.071,30.0,2.0,"HARD,MEDIUM",20.96602564102564,33.18397435897436,49.73076923076923,True
2021,9,Austrian Grand Prix,red_bull_ring,Red Bull Ring,2021-07-04,norris,NOR,Lando Norris,mclaren,McLaren,2,3,3,15.0,Finished,71,10,1:08.471,2.0,1:04.345,1:04.415,1:03.768,1.0,26.474,30.0,2.0,"HARD,MEDIUM",20.96602564102564,33.18397435897436,49.73076923076923,True
2021,9,Austrian Grand Prix,red_bull_ring,Red Bull Ring,2021-07-04,hamilton,HAM,Lewis Hamilton,mercedes,Mercedes,4,4,4,12.0,Finished,71,3,1:08.126,4.0,1:04.506,1:04.258,1:04.014,2.0,21.213,31.0,2.0,"HARD,MEDIUM",20.96602564102564,33.18397435897436,49.73076923076923,True
2021,9,Austrian Grand Prix,red_bull_ring,Red Bull Ring,2021-07-04,sainz,SAI,Carlos Sainz,ferrari,Ferrari,10,5,5,10.0,Finished,71,2,1:07.762,11.0,1:04.596,1:04.559,,1.0,21.431,48.0,2.0,"HARD,MEDIUM",20.96602564102564,33.18397435897436,49.73076923076923,True
2021,9,Austrian Grand Prix,red_bull_ring,Red Bull Ring,2021-07-04,perez,PER,Sergio Pérez,red_bull,Red Bull,3,6,6,8.0,Finished,71,5,1:08.192,3.0,1:04.833,1:04.483,1:03.990,1.0,21.735,32.0,2.0,"HARD,MEDIUM",20.96602564102564,33.18397435897436,49.73076923076923,True
2021,9,Austrian Grand Prix,red_bull_ring,Red Bull Ring,2021-07-04,ricciardo,RIC,Daniel Ricciardo,mclaren,McLaren,13,7,7,6.0,Finished,71,14,1:08.820,13.0,1:04.977,1:04.719,,1.0,21.151,29.0,2.0,"HARD,MEDIUM",20.96602564102564,33.18397435897436,49.73076923076923,True
2021,9,Austrian Grand Prix,red_bull_ring,Red Bull Ring,2021-07-04,leclerc,LEC,Charles Leclerc,ferrari,Ferrari,12,8,8,4.0,Finished,71,13,1:08.698,12.0,1:04.906,1:04.600,,1.0,21.143,34.0,2.0,"HARD,MEDIUM",20.96602564102564,33.18397435897436,49.73076923076923,True
2021,9,Austrian Grand Prix,red_bull_ring,Red Bull Ring,2021-07-04,gasly,GAS,Pierre Gasly,alphatauri,AlphaTauri,6,9,9,2.0,Finished,71,4,1:08.146,6.0,1:04.841,1:04.412,1:04.107,2.0,21.707,13.0,2.0,"HARD,SOFT",20.96602564102564,33.18397435897436,49.73076923076923,True
2021,9,Austrian Grand Prix,red_bull_ring,Red Bull Ring,2021-07-04,alonso,ALO,Fernando Alonso,alpine,Alpine F1 Team,14,10,10,1.0,+1 Lap,70,7,1:08.405,14.0,1:04.472,1:04.856,,1.0,22.663,32.0,2.0,"HARD,MEDIUM",20.96602564102564,33.18397435897436,49.73076923076923,True
2021,9,Austrian Grand Prix,red_bull_ring,Red Bull Ring,2021-07-04,russell,RUS,George Russell,williams,Williams,8,11,11,0.0,+1 Lap,70,16,1:08.900,9.0,1:04.907,1:04.553,1:04.591,1.0,21.606,30.0,2.0,"HARD,MEDIUM",20.96602564102564,33.18397435897436,49.73076923076923,True
2021,9,Austrian Grand Prix,red_bull_ring,Red Bull Ring,2021-07-04,tsunoda,TSU,Yuki Tsunoda,alphatauri,AlphaTauri,7,12,12,0.0,+1 Lap,70,9,1:08.455,7.0,1:04.967,1:04.518,1:04.273,2.0,23.874499999999998,12.0,2.0,"HARD,SOFT",20.96602564102564,33.18397435897436,49.73076923076923,True
2021,9,Austrian Grand Prix,red_bull_ring,Red Bull Ring,2021-07-04,stroll,STR,Lance Stroll,aston_martin,Aston Martin,9,13,13,0.0,+1 Lap,70,12,1:08.659,10.0,1:04.927,1:04.547,1:04.618,2.0,21.4315,14.0,2.0,"HARD,SOFT",20.96602564102564,33.18397435897436,49.73076923076923,True
2021,9,Austrian Grand Prix,red_bull_ring,Red Bull Ring,2021-07-04,giovinazzi,GIO,Antonio Giovinazzi,alfa,Alfa Romeo,15,14,14,0.0,+1 Lap,70,17,1:09.042,15.0,1:04.782,1:05.083,,2.0,24.125500000000002,1.0,2.0,"HARD,MEDIUM",20.96602564102564,33.18397435897436,49.73076923076923,True
2021,9,Austrian Grand Prix,red_bull_ring,Red Bull Ring,2021-07-04,raikkonen,RAI,Kimi Räikkönen,alfa,Alfa Romeo,16,15,15,0.0,+1 Lap,70,15,1:08.874,16.0,1:05.009,,,1.0,21.896,37.0,2.0,"HARD,MEDIUM",20.96602564102564,33.18397435897436,49.73076923076923,True
2021,9,Austrian Grand Prix,red_bull_ring,Red Bull Ring,2021-07-04,latifi,LAT,Nicholas Latifi,williams,Williams,18,16,16,0.0,+1 Lap,70,11,1:08.520,18.0,1:05.195,,,1.0,21.152,33.0,2.0,"HARD,MEDIUM",20.96602564102564,33.18397435897436,49.73076923076923,True
2021,9,Austrian Grand Prix,red_bull_ring,Red Bull Ring,2021-07-04,vettel,VET,Sebastian Vettel,aston_martin,Aston Martin,11,17,17,0.0,Collision,69,8,1:08.420,8.0,1:04.846,1:04.493,1:04.570,2.0,20.9635,17.0,2.0,"HARD,SOFT",20.96602564102564,33.18397435897436,49.73076923076923,True
2021,9,Austrian Grand Prix,red_bull_ring,Red Bull Ring,2021-07-04,mick_schumacher,MSC,Mick Schumacher,haas,Haas F1 Team,19,18,18,0.0,+2 Laps,69,18,1:09.394,19.0,1:05.427,,,1.0,21.798,34.0,2.0,"HARD,MEDIUM",20.96602564102564,33.18397435897436,49.73076923076923,True
2021,9,Austrian Grand Prix,red_bull_ring,Red Bull Ring,2021-07-04,mazepin,MAZ,Nikita Mazepin,haas,Haas F1 Team,20,19,19,0.0,+2 Laps,69,19,1:09.757,20.0,1:05.951,,,2.0,23.182,27.0,2.0,"HARD,MEDIUM",20.96602564102564,33.18397435897436,49.73076923076923,True
2021,9,Austrian Grand Prix,red_bull_ring,Red Bull Ring,2021-07-04,ocon,OCO,Esteban Ocon,alpine,Alpine F1 Team,17,20,R,0.0,Collision,0,,,17.0,1:05.051,,,,,,1.0,MEDIUM,20.96602564102564,33.18397435897436,49.73076923076923,True
2021,10,British Grand Prix,silverstone,Silverstone Circuit,2021-07-18,hamilton,HAM,Lewis Hamilton,mercedes,Mercedes,2,1,1,25.0,Finished,52,2,1:29.699,1.0,1:26.786,1:26.023,1:26.134,2.0,40.266,2.0,2.0,"HARD,MEDIUM",29.400000000000002,50.93152173913043,37.202173913043474,False
2021,10,British Grand Prix,silverstone,Silverstone Circuit,2021-07-18,leclerc,LEC,Charles Leclerc,ferrari,Ferrari,4,2,2,18.0,Finished,52,5,1:30.569,4.0,1:27.051,1:26.919,1:26.828,2.0,28.433,2.0,2.0,"HARD,MEDIUM",29.400000000000002,50.93152173913043,37.202173913043474,False
2021,10,British Grand Prix,silverstone,Silverstone Circuit,2021-07-18,bottas,BOT,Valtteri Bottas,mercedes,Mercedes,3,3,3,15.0,Finished,52,4,1:30.524,3.0,1:27.487,1:26.764,1:26.328,2.0,28.209,2.0,2.0,"HARD,MEDIUM",29.400000000000002,50.93152173913043,37.202173913043474,False
2021,10,British Grand Prix,silverstone,Silverstone Circuit,2021-07-18,norris,NOR,Lando Norris,mclaren,McLaren,5,4,4,12.0,Finished,52,9,1:31.420,6.0,1:27.444,1:27.220,1:26.897,2.0,31.706,2.0,2.0,"HARD,MEDIUM",29.400000000000002,50.93152173913043,37.202173913043474,False
2021,10,British Grand Prix,silverstone,Silverstone Circuit,2021-07-18,ricciardo,RIC,Daniel Ricciardo,mclaren,McLaren,6,5,5,10.0,Finished,52,8,1:31.284,7.0,1:27.323,1:27.125,1:26.899,2.0,28.817,2.0,2.0,"HARD,MEDIUM",29.400000000000002,50.93152173913043,37.202173913043474,False
2021,10,British Grand Prix,silverstone,Silverstone Circuit,2021-07-18,sainz,SAI,Carlos Sainz,ferrari,Ferrari,10,6,6,8.0,Finished,52,7,1:31.223,9.0,1:27.337,1:26.848,1:27.007,2.0,37.509,2.0,2.0,"HARD,MEDIUM",29.400000000000002,50.93152173913043,37.202173913043474,False
2021,10,British Grand Prix,silverstone,Silverstone Circuit,2021-07-18,alonso,ALO,Fernando Alonso,alpine,Alpine F1 Team,7,7,7,6.0,Finished,52,10,1:31.698,11.0,1:27.580,1:27.245,,2.0,29.743,2.0,2.0,"HARD,MEDIUM",29.400000000000002,50.93152173913043,37.202173913043474,False
2021,10,British Grand Prix,silverstone,Silverstone Circuit,2021-07-18,stroll,STR,Lance Stroll,aston_martin,Aston Martin,14,8,8,4.0,Finished,52,12,1:31.992,15.0,1:28.017,1:27.665,,2.0,28.213,2.0,2.0,"HARD,MEDIUM",29.400000000000002,50.93152173913043,37.202173913043474,False
2021,10,British Grand Prix,silverstone,Silverstone Circuit,2021-07-18,ocon,OCO,Esteban Ocon,alpine,Alpine F1 Team,9,9,9,2.0,Finished,52,14,1:32.210,13.0,1:27.415,1:27.340,,2.0,28.772,2.0,2.0,"HARD,MEDIUM",29.400000000000002,50.93152173913043,37.202173913043474,False
2021,10,British Grand Prix,silverstone,Silverstone Circuit,2021-07-18,tsunoda,TSU,Yuki Tsunoda,alphatauri,AlphaTauri,16,10,10,1.0,Finished,52,6,1:30.826,16.0,1:28.043,,,2.0,29.134,2.0,2.0,"HARD,MEDIUM",29.400000000000002,50.93152173913043,37.202173913043474,False
2021,10,British Grand Prix,silverstone,Silverstone Circuit,2021-07-18,gasly,GAS,Pierre Gasly,alphatauri,AlphaTauri,11,11,11,0.0,Finished,52,3,1:30.266,12.0,1:27.600,1:27.273,,3.0,28.432499999999997,2.0,3.0,"HARD,MEDIUM,SOFT",29.400000000000002,50.93152173913043,37.202173913043474,False
2021,10,British Grand Prix,silverstone,Silverstone Circuit,2021-07-18,russell,RUS,George Russell,williams,Williams,12,12,12,0.0,+1 Lap,51,13,1:32.049,8.0,1:27.671,1:27.080,1:26.971,2.0,27.812,2.0,2.0,"HARD,MEDIUM",29.400000000000002,50.93152173913043,37.202173913043474,False
2021,10,British Grand Prix,silverstone,Silverstone Circuit,2021-07-18,giovinazzi,GIO,Antonio Giovinazzi,alfa,Alfa Romeo,15,13,13,0.0,+1 Lap,51,15,1:32.346,14.0,1:27.595,1:27.617,,2.0,28.137,2.0,2.0,"HARD,MEDIUM",29.400000000000002,50.93152173913043,37.202173913043474,False
2021,10,British Grand Prix,silverstone,Silverstone Circuit,2021-07-18,latifi,LAT,Nicholas Latifi,williams,Williams,17,14,14,0.0,+1 Lap,51,16,1:32.477,18.0,1:28.254,,,2.0,27.543,2.0,2.0,"HARD,MEDIUM",29.400000000000002,50.93152173913043,37.202173913043474,False
2021,10,British Grand Prix,silverstone,Silverstone Circuit,2021-07-18,raikkonen,RAI,Kimi Räikkönen,alfa,Alfa Romeo,13,15,15,0.0,+1 Lap,51,11,1:31.895,17.0,1:28.062,,,2.0,28.11,2.0,2.0,"HARD,MEDIUM",29.400000000000002,50.93152173913043,37.202173913043474,False
2021,10,British Grand Prix,silverstone,Silverstone Circuit,2021-07-18,perez,PER,Sergio Pérez,red_bull,Red Bull,0,16,16,0.0,+1 Lap,51,1,1:28.617,5.0,1:27.121,1:27.073,1:26.844,4.0,28.274,2.0,3.0,"HARD,MEDIUM,SOFT",29.400000000000002,50.93152173913043,37.202173913043474,False
2021,10,British Grand Prix,silverstone,Silverstone Circuit,2021-07-18,mazepin,MAZ,Nikita Mazepin,haas,Haas F1 Team,19,17,17,0.0,+1 Lap,51,18,1:32.909,20.0,1:29.051,,,2.0,29.253,2.0,2.0,"HARD,MEDIUM",29.400000000000002,50.93152173913043,37.202173913043474,False
2021,10,British Grand Prix,silverstone,Silverstone Circuit,2021-07-18,mick_schumacher,MSC,Mick Schumacher,haas,Haas F1 Team,18,18,18,0.0,+1 Lap,51,17,1:32.862,19.0,1:28.738,,,2.0,29.319,2.0,2.0,"HARD,MEDIUM",29.400000000000002,50.93152173913043,37.202173913043474,False
2021,10,British Grand Prix,silverstone,Silverstone Circuit,2021-07-18,vettel,VET,Sebastian Vettel,aston_martin,Aston Martin,8,19,R,0.0,Retired,40,19,1:33.059,10.0,1:27.493,1:27.103,1:27.179,2.0,28.145,2.0,2.0,"HARD,MEDIUM",29.400000000000002,50.93152173913043,37.202173913043474,False
2021,10,British Grand Prix,silverstone,Silverstone Circuit,2021-07-18,max_verstappen,VER,Max Verstappen,red_bull,Red Bull,1,20,R,0.0,Collision,0,,,2.0,1:26.751,1:26.315,1:26.209,,,,1.0,MEDIUM,29.400000000000002,50.93152173913043,37.202173913043474,False
2021,11,Hungarian Grand Prix,hungaroring,Hungaroring,2021-08-01,ocon,OCO,Esteban Ocon,alpine,Alpine F1 Team,8,1,1,25.0,Finished,70,5,1:21.421,8.0,1:17.367,1:16.766,1:16.653,3.0,30.582,2.0,3.0,"HARD,INTERMEDIATE,MEDIUM",27.226701570680625,37.822513089005234,68.61570680628273,True
2021,11,Hungarian Grand Prix,hungaroring,Hungaroring,2021-08-01,hamilton,HAM,Lewis Hamilton,mercedes,Mercedes,1,2,2,18.0,Finished,70,2,1:18.715,1.0,1:16.424,1:16.553,1:15.419,4.0,21.485,2.0,3.0,"HARD,INTERMEDIATE,MEDIUM",27.226701570680625,37.822513089005234,68.61570680628273,True
2021,11,Hungarian Grand Prix,hungaroring,Hungaroring,2021-08-01,sainz,SAI,Carlos Sainz,ferrari,Ferrari,15,3,3,15.0,Finished,70,6,1:21.423,15.0,1:16.649,,,3.0,32.3685,2.0,3.0,"HARD,INTERMEDIATE,MEDIUM",27.226701570680625,37.822513089005234,68.61570680628273,True
2021,11,Hungarian Grand Prix,hungaroring,Hungaroring,2021-08-01,alonso,ALO,Fernando Alonso,alpine,Alpine F1 Team,9,4,4,12.0,Finished,70,3,1:20.359,9.0,1:17.123,1:16.541,1:16.715,3.0,29.322499999999998,2.0,3.0,"HARD,INTERMEDIATE,MEDIUM",27.226701570680625,37.822513089005234,68.61570680628273,True
2021,11,Hungarian Grand Prix,hungaroring,Hungaroring,2021-08-01,gasly,GAS,Pierre Gasly,alphatauri,AlphaTauri,5,5,5,11.0,Finished,70,1,1:18.394,5.0,1:16.874,1:16.394,1:16.483,4.0,27.558999999999997,2.0,4.0,"HARD,INTERMEDIATE,MEDIUM,SOFT",27.226701570680625,37.822513089005234,68.61570680628273,True
2021,11,Hungarian Grand Prix,hungaroring,Hungaroring,2021-08-01,tsunoda,TSU,Yuki Tsunoda,alphatauri,AlphaTauri,16,6,6,8.0,Finished,70,10,1:22.450,16.0,1:17.919,,,3.0,31.2795,2.0,3.0,"HARD,INTERMEDIATE,MEDIUM",27.226701570680625,37.822513089005234,68.61570680628273,True
2021,11,Hungarian Grand Prix,hungaroring,Hungaroring,2021-08-01,latifi,LAT,Nicholas Latifi,williams,Williams,18,7,7,6.0,Finished,70,14,1:22.831,18.0,1:18.036,,,3.0,30.892500000000002,2.0,3.0,"HARD,INTERMEDIATE,MEDIUM",27.226701570680625,37.822513089005234,68.61570680628273,True
2021,11,Hungarian Grand Prix,hungaroring,Hungaroring,2021-08-01,russell,RUS,George Russell,williams,Williams,17,8,8,4.0,Finished,70,9,1:22.112,17.0,1:17.944,,,3.0,25.78,2.0,3.0,"HARD,INTERMEDIATE,MEDIUM",27.226701570680625,37.822513089005234,68.61570680628273,True
2021,11,Hungarian Grand Prix,hungaroring,Hungaroring,2021-08-01,max_verstappen,VER,Max Verstappen,red_bull,Red Bull,3,9,9,2.0,Finished,70,4,1:20.945,3.0,1:16.214,1:15.650,1:15.840,5.0,24.927249999999997,1.0,3.0,"HARD,INTERMEDIATE,MEDIUM",27.226701570680625,37.822513089005234,68.61570680628273,True
2021,11,Hungarian Grand Prix,hungaroring,Hungaroring,2021-08-01,raikkonen,RAI,Kimi Räikkönen,alfa,Alfa Romeo,13,10,10,1.0,+1 Lap,69,8,1:21.518,13.0,1:17.553,1:17.564,,4.0,31.026666666666667,2.0,4.0,"HARD,INTERMEDIATE,MEDIUM,SOFT",27.226701570680625,37.822513089005234,68.61570680628273,True
2021,11,Hungarian Grand Prix,hungaroring,Hungaroring,2021-08-01,ricciardo,RIC,Daniel Ricciardo,mclaren,McLaren,11,11,11,0.0,+1 Lap,69,13,1:22.802,11.0,1:17.664,1:16.871,,3.0,28.057499999999997,2.0,3.0,"HARD,INTERMEDIATE,MEDIUM",27.226701570680625,37.822513089005234,68.61570680628273,True
2021,11,Hungarian Grand Prix,hungaroring,Hungaroring,2021-08-01,mick_schumacher,MSC,Mick Schumacher,haas,Haas F1 Team,20,12,12,0.0,+1 Lap,69,11,1:22.711,20.0,,,,3.0,29.463,2.0,3.0,"HARD,INTERMEDIATE,MEDIUM",27.226701570680625,37.822513089005234,68.61570680628273,True
2021,11,Hungarian Grand Prix,hungaroring,Hungaroring,2021-08-01,giovinazzi,GIO,Antonio Giovinazzi,alfa,Alfa Romeo,0,13,13,0.0,+1 Lap,69,12,1:22.736,14.0,1:17.776,1:17.583,,5.0,28.634249999999998,1.0,3.0,"HARD,INTERMEDIATE,MEDIUM",27.226701570680625,37.822513089005234,68.61570680628273,True
2021,11,Hungarian Grand Prix,hungaroring,Hungaroring,2021-08-01,mazepin,MAZ,Nikita Mazepin,haas,Haas F1 Team,19,14,R,0.0,Collision,3,,,19.0,1:18.922,,,2.0,23.715,1.0,1.0,INTERMEDIATE,27.226701570680625,37.822513089005234,68.61570680628273,True
2021,11,Hungarian Grand Prix,hungaroring,Hungaroring,2021-08-01,norris,NOR,Lando Norris,mclaren,McLaren,6,15,R,0.0,Collision,2,,,6.0,1:17.081,1:16.385,1:16.489,1.0,38.267,1.0,1.0,INTERMEDIATE,27.226701570680625,37.822513089005234,68.61570680628273,True
2021,11,Hungarian Grand Prix,hungaroring,Hungaroring,2021-08-01,bottas,BOT,Valtteri Bottas,mercedes,Mercedes,2,16,R,0.0,Collision,0,,,2.0,1:16.569,1:16.702,1:15.734,,,,1.0,INTERMEDIATE,27.226701570680625,37.822513089005234,68.61570680628273,True
2021,11,Hungarian Grand Prix,hungaroring,Hungaroring,2021-08-01,perez,PER,Sergio Pérez,red_bull,Red Bull,4,17,R,0.0,Collision,0,,,4.0,1:17.233,1:16.443,1:16.421,,,,1.0,INTERMEDIATE,27.226701570680625,37.822513089005234,68.61570680628273,True
2021,11,Hungarian Grand Prix,hungaroring,Hungaroring,2021-08-01,leclerc,LEC,Charles Leclerc,ferrari,Ferrari,7,18,R,0.0,Collision,0,,,7.0,1:17.084,1:16.574,1:16.496,,,,1.0,INTERMEDIATE,27.226701570680625,37.822513089005234,68.61570680628273,True
2021,11,Hungarian Grand Prix,hungaroring,Hungaroring,2021-08-01,stroll,STR,Lance Stroll,aston_martin,Aston Martin,12,19,R,0.0,Collision,0,,,12.0,1:17.038,1:16.893,,,,,1.0,INTERMEDIATE,27.226701570680625,37.822513089005234,68.61570680628273,True
2021,11,Hungarian Grand Prix,hungaroring,Hungaroring,2021-08-01,vettel,VET,Sebastian Vettel,aston_martin,Aston Martin,10,20,D,0.0,Disqualified,70,7,1:21.459,10.0,1:17.105,1:16.794,1:16.750,3.0,31.792499999999997,2.0,3.0,"HARD,INTERMEDIATE,MEDIUM",27.226701570680625,37.822513089005234,68.61570680628273,True
2021,12,Belgian Grand Prix,spa,Circuit de Spa-Francorchamps,2021-08-29,max_verstappen,VER,Max Verstappen,red_bull,Red Bull,1,1,1,12.5,Finished,1,,,1.0,1:58.717,1:56.559,1:59.765,,,,1.0,UNKNOWN,13.012413793103448,15.258620689655173,96.43586206896552,True
2021,12,Belgian Grand Prix,spa,Circuit de Spa-Francorchamps,2021-08-29,russell,RUS,George Russell,williams,Williams,2,2,2,9.0,Finished,1,,,2.0,1:59.864,1:56.950,2:00.086,,,,1.0,UNKNOWN,13.012413793103448,15.258620689655173,96.43586206896552,True
2021,12,Belgian Grand Prix,spa,Circuit de Spa-Francorchamps,2021-08-29,hamilton,HAM,Lewis Hamilton,mercedes,Mercedes,3,3,3,7.5,Finished,1,,,3.0,1:59.218,1:56.229,2:00.099,,,,1.0,UNKNOWN,13.012413793103448,15.258620689655173,96.43586206896552,True
2021,12,Belgian Grand Prix,spa,Circuit de Spa-Francorchamps,2021-08-29,ricciardo,RIC,Daniel Ricciardo,mclaren,McLaren,4,4,4,6.0,Finished,1,,,4.0,2:01.583,1:57.127,2:00.864,,,,1.0,UNKNOWN,13.012413793103448,15.258620689655173,96.43586206896552,True
2021,12,Belgian Grand Prix,spa,Circuit de Spa-Francorchamps,2021-08-29,vettel,VET,Sebastian Vettel,aston_martin,Aston Martin,5,5,5,5.0,Finished,1,,,5.0,2:00.175,1:56.814,2:00.935,,,,1.0,UNKNOWN,13.012413793103448,15.258620689655173,96.43586206896552,True
2021,12,Belgian Grand Prix,spa,Circuit de Spa-Francorchamps,2021-08-29,gasly,GAS,Pierre Gasly,alphatauri,AlphaTauri,6,6,6,4.0,Finished,1,,,6.0,2:00.387,1:56.440,2:01.164,,,,1.0,UNKNOWN,13.012413793103448,15.258620689655173,96.43586206896552,True
2021,12,Belgian Grand Prix,spa,Circuit de Spa-Francorchamps,2021-08-29,ocon,OCO,Esteban Ocon,alpine,Alpine F1 Team,8,7,7,3.0,Finished,1,,,9.0,2:01.824,1:57.354,2:03.513,,,,1.0,UNKNOWN,13.012413793103448,15.258620689655173,96.43586206896552,True
2021,12,Belgian Grand Prix,spa,Circuit de Spa-Francorchamps,2021-08-29,leclerc,LEC,Charles Leclerc,ferrari,Ferrari,9,8,8,2.0,Finished,1,,,11.0,2:00.728,1:57.721,,,,,1.0,UNKNOWN,13.012413793103448,15.258620689655173,96.43586206896552,True
2021,12,Belgian Grand Prix,spa,Circuit de Spa-Francorchamps,2021-08-29,latifi,LAT,Nicholas Latifi,williams,Williams,10,9,9,1.0,Finished,1,,,12.0,2:00.966,1:58.056,,,,,1.0,UNKNOWN,13.012413793103448,15.258620689655173,96.43586206896552,True
2021,12,Belgian Grand Prix,spa,Circuit de Spa-Francorchamps,2021-08-29,sainz,SAI,Carlos Sainz,ferrari,Ferrari,11,10,10,0.5,Finished,1,,,13.0,2:01.184,1:58.137,,,,,1.0,UNKNOWN,13.012413793103448,15.258620689655173,96.43586206896552,True
2021,12,Belgian Grand Prix,spa,Circuit de Spa-Francorchamps,2021-08-29,alonso,ALO,Fernando Alonso,alpine,Alpine F1 Team,12,11,11,0.0,Finished,1,,,14.0,2:01.653,1:58.205,,,,,1.0,UNKNOWN,13.012413793103448,15.258620689655173,96.43586206896552,True
2021,12,Belgian Grand Prix,spa,Circuit de Spa-Francorchamps,2021-08-29,bottas,BOT,Valtteri Bottas,mercedes,Mercedes,13,12,12,0.0,Finished,1,,,8.0,1:59.870,1:56.295,2:02.502,,,,1.0,UNKNOWN,13.012413793103448,15.258620689655173,96.43586206896552,True
2021,12,Belgian Grand Prix,spa,Circuit de Spa-Francorchamps,2021-08-29,giovinazzi,GIO,Antonio Giovinazzi,alfa,Alfa Romeo,14,13,13,0.0,Finished,1,,,16.0,2:02.306,,,,,,1.0,UNKNOWN,13.012413793103448,15.258620689655173,96.43586206896552,True
2021,12,Belgian Grand Prix,spa,Circuit de Spa-Francorchamps,2021-08-29,norris,NOR,Lando Norris,mclaren,McLaren,15,14,14,0.0,Finished,1,,,10.0,1:58.301,1:56.025,,,,,1.0,UNKNOWN,13.012413793103448,15.258620689655173,96.43586206896552,True
2021,12,Belgian Grand Prix,spa,Circuit de Spa-Francorchamps,2021-08-29,tsunoda,TSU,Yuki Tsunoda,alphatauri,AlphaTauri,16,15,15,0.0,Finished,1,,,17.0,2:02.413,,,,,,1.0,UNKNOWN,13.012413793103448,15.258620689655173,96.43586206896552,True
2021,12,Belgian Grand Prix,spa,Circuit de Spa-Francorchamps,2021-08-29,mick_schumacher,MSC,Mick Schumacher,haas,Haas F1 Team,17,16,16,0.0,Finished,1,,,18.0,2:03.973,,,,,,1.0,UNKNOWN,13.012413793103448,15.258620689655173,96.43586206896552,True
2021,12,Belgian Grand Prix,spa,Circuit de Spa-Francorchamps,2021-08-29,mazepin,MAZ,Nikita Mazepin,haas,Haas F1 Team,18,17,17,0.0,Finished,1,,,20.0,2:04.939,,,,,,1.0,UNKNOWN,13.012413793103448,15.258620689655173,96.43586206896552,True
2021,12,Belgian Grand Prix,spa,Circuit de Spa-Francorchamps,2021-08-29,raikkonen,RAI,Kimi Räikkönen,alfa,Alfa Romeo,0,18,18,0.0,Finished,1,,,19.0,2:04.452,,,,,,1.0,UNKNOWN,13.012413793103448,15.258620689655173,96.43586206896552,True
2021,12,Belgian Grand Prix,spa,Circuit de Spa-Francorchamps,2021-08-29,perez,PER,Sergio Pérez,red_bull,Red Bull,0,19,19,0.0,Finished,1,,,7.0,1:59.334,1:56.886,2:02.112,,,,1.0,UNKNOWN,13.012413793103448,15.258620689655173,96.43586206896552,True
2021,12,Belgian Grand Prix,spa,Circuit de Spa-Francorchamps,2021-08-29,stroll,STR,Lance Stroll,aston_martin,Aston Martin,19,20,20,0.0,Finished,1,,,15.0,2:01.597,1:58.231,,,,,1.0,UNKNOWN,13.012413793103448,15.258620689655173,96.43586206896552,True
2021,13,Dutch Grand Prix,zandvoort,Circuit Park Zandvoort,2021-09-05,max_verstappen,VER,Max Verstappen,red_bull,Red Bull,1,1,1,25.0,Finished,72,3,1:13.275,1.0,1:10.036,1:09.071,1:08.885,2.0,18.86,21.0,3.0,"HARD,MEDIUM,SOFT",21.504430379746836,36.10569620253165,54.10822784810126,False
2021,13,Dutch Grand Prix,zandvoort,Circuit Park Zandvoort,2021-09-05,hamilton,HAM,Lewis Hamilton,mercedes,Mercedes,2,2,2,19.0,Finished,72,1,1:11.097,2.0,1:10.114,1:09.726,1:08.923,3.0,19.28,20.0,2.0,"MEDIUM,SOFT",21.504430379746836,36.10569620253165,54.10822784810126,False
2021,13,Dutch Grand Prix,zandvoort,Circuit Park Zandvoort,2021-09-05,bottas,BOT,Valtteri Bottas,mercedes,Mercedes,3,3,3,15.0,Finished,72,2,1:12.549,3.0,1:10.219,1:09.769,1:09.222,2.0,20.3015,31.0,2.0,"MEDIUM,SOFT",21.504430379746836,36.10569620253165,54.10822784810126,False
2021,13,Dutch Grand Prix,zandvoort,Circuit Park Zandvoort,2021-09-05,gasly,GAS,Pierre Gasly,alphatauri,AlphaTauri,4,4,4,12.0,+1 Lap,71,10,1:14.818,4.0,1:10.274,1:09.541,1:09.478,1.0,19.163,24.0,2.0,"MEDIUM,SOFT",21.504430379746836,36.10569620253165,54.10822784810126,False
2021,13,Dutch Grand Prix,zandvoort,Circuit Park Zandvoort,2021-09-05,leclerc,LEC,Charles Leclerc,ferrari,Ferrari,5,5,5,10.0,+1 Lap,71,9,1:14.780,5.0,1:09.829,1:09.437,1:09.527,1.0,19.49,34.0,2.0,"HARD,SOFT",21.504430379746836,36.10569620253165,54.10822784810126,False
2021,13,Dutch Grand Prix,zandvoort,Circuit Park Zandvoort,2021-09-05,alonso,ALO,Fernando Alonso,alpine,Alpine F1 Team,9,6,6,8.0,+1 Lap,71,7,1:14.323,9.0,1:10.435,1:10.020,1:09.956,1.0,19.018,33.0,2.0,"MEDIUM,SOFT",21.504430379746836,36.10569620253165,54.10822784810126,False
2021,13,Dutch Grand Prix,zandvoort,Circuit Park Zandvoort,2021-09-05,sainz,SAI,Carlos Sainz,ferrari,Ferrari,6,7,7,6.0,+1 Lap,71,13,1:15.260,6.0,1:10.022,1:09.870,1:09.537,1.0,20.327,31.0,2.0,"HARD,SOFT",21.504430379746836,36.10569620253165,54.10822784810126,False
2021,13,Dutch Grand Prix,zandvoort,Circuit Park Zandvoort,2021-09-05,perez,PER,Sergio Pérez,red_bull,Red Bull,0,8,8,4.0,+1 Lap,71,4,1:13.461,16.0,1:10.530,,,2.0,18.921,8.0,3.0,"HARD,MEDIUM,SOFT",21.504430379746836,36.10569620253165,54.10822784810126,False
2021,13,Dutch Grand Prix,zandvoort,Circuit Park Zandvoort,2021-09-05,ocon,OCO,Esteban Ocon,alpine,Alpine F1 Team,8,9,9,2.0,+1 Lap,71,8,1:14.675,8.0,1:10.179,1:09.919,1:09.933,1.0,19.24,31.0,2.0,"MEDIUM,SOFT",21.504430379746836,36.10569620253165,54.10822784810126,False
2021,13,Dutch Grand Prix,zandvoort,Circuit Park Zandvoort,2021-09-05,norris,NOR,Lando Norris,mclaren,McLaren,13,10,10,1.0,+1 Lap,71,6,1:14.236,13.0,1:10.489,1:10.406,,1.0,20.443,42.0,2.0,"HARD,MEDIUM",21.504430379746836,36.10569620253165,54.10822784810126,False
2021,13,Dutch Grand Prix,zandvoort,Circuit Park Zandvoort,2021-09-05,ricciardo,RIC,Daniel Ricciardo,mclaren,McLaren,10,11,11,0.0,+1 Lap,71,11,1:14.920,10.0,1:10.255,1:09.865,1:10.166,1.0,19.449,30.0,2.0,"HARD,SOFT",21.504430379746836,36.10569620253165,54.10822784810126,False
2021,13,Dutch Grand Prix,zandvoort,Circuit Park Zandvoort,2021-09-05,stroll,STR,Lance Stroll,aston_martin,Aston Martin,12,12,12,0.0,+2 Laps,70,15,1:15.611,12.0,1:10.438,1:10.367,,1.0,19.389,27.0,2.0,"HARD,SOFT",21.504430379746836,36.10569620253165,54.10822784810126,False
2021,13,Dutch Grand Prix,zandvoort,Circuit Park Zandvoort,2021-09-05,vettel,VET,Sebastian Vettel,aston_martin,Aston Martin,15,13,13,0.0,+2 Laps,70,5,1:13.958,17.0,1:10.731,,,2.0,18.6725,10.0,3.0,"HARD,MEDIUM,SOFT",21.504430379746836,36.10569620253165,54.10822784810126,False
2021,13,Dutch Grand Prix,zandvoort,Circuit Park Zandvoort,2021-09-05,giovinazzi,GIO,Antonio Giovinazzi,alfa,Alfa Romeo,7,14,14,0.0,+2 Laps,70,12,1:15.125,7.0,1:10.050,1:10.033,1:09.590,2.0,19.546,27.0,3.0,"HARD,MEDIUM,SOFT",21.504430379746836,36.10569620253165,54.10822784810126,False
2021,13,Dutch Grand Prix,zandvoort,Circuit Park Zandvoort,2021-09-05,kubica,KUB,Robert Kubica,alfa,Alfa Romeo,16,15,15,0.0,+2 Laps,70,14,1:15.442,18.0,1:11.301,,,1.0,19.708,40.0,2.0,"HARD,MEDIUM",21.504430379746836,36.10569620253165,54.10822784810126,False
2021,13,Dutch Grand Prix,zandvoort,Circuit Park Zandvoort,2021-09-05,latifi,LAT,Nicholas Latifi,williams,Williams,0,16,16,0.0,+2 Laps,70,18,1:15.790,14.0,1:10.093,1:11.161,,1.0,20.646,23.0,2.0,"HARD,MEDIUM",21.504430379746836,36.10569620253165,54.10822784810126,False
2021,13,Dutch Grand Prix,zandvoort,Circuit Park Zandvoort,2021-09-05,russell,RUS,George Russell,williams,Williams,11,17,17,0.0,Gearbox,69,16,1:15.628,11.0,1:10.382,1:10.332,,2.0,22.0835,27.0,3.0,"HARD,MEDIUM,SOFT",21.504430379746836,36.10569620253165,54.10822784810126,False
2021,13,Dutch Grand Prix,zandvoort,Circuit Park Zandvoort,2021-09-05,mick_schumacher,MSC,Mick Schumacher,haas,Haas F1 Team,17,18,18,0.0,+3 Laps,69,19,1:15.927,19.0,1:11.387,,,2.0,30.075499999999998,4.0,3.0,"HARD,MEDIUM,SOFT",21.504430379746836,36.10569620253165,54.10822784810126,False
2021,13,Dutch Grand Prix,zandvoort,Circuit Park Zandvoort,2021-09-05,tsunoda,TSU,Yuki Tsunoda,alphatauri,AlphaTauri,14,19,R,0.0,Power Unit,48,17,1:15.783,15.0,1:10.462,1:11.314,,1.0,19.85,31.0,2.0,"MEDIUM,SOFT",21.504430379746836,36.10569620253165,54.10822784810126,False
2021,13,Dutch Grand Prix,zandvoort,Circuit Park Zandvoort,2021-09-05,mazepin,MAZ,Nikita Mazepin,haas,Haas F1 Team,18,20,R,0.0,Hydraulics,41,20,1:16.066,20.0,1:11.875,,,1.0,19.999,33.0,2.0,"HARD,MEDIUM",21.504430379746836,36.10569620253165,54.10822784810126,False
2021,14,Italian Grand Prix,monza,Autodromo Nazionale di Monza,2021-09-12,ricciardo,RIC,Daniel Ricciardo,mclaren,McLaren,2,1,1,26.0,Finished,53,1,1:24.812,5.0,1:21.292,1:20.435,1:19.995,1.0,23.812,22.0,2.0,"HARD,MEDIUM",28.885234899328864,43.52751677852349,33.275838926174494,False
2021,14,Italian Grand Prix,monza,Autodromo Nazionale di Monza,2021-09-12,norris,NOR,Lando Norris,mclaren,McLaren,3,2,2,18.0,Finished,53,3,1:24.971,4.0,1:20.916,1:20.059,1:19.989,1.0,24.168,24.0,2.0,"HARD,MEDIUM",28.885234899328864,43.52751677852349,33.275838926174494,False
2021,14,Italian Grand Prix,monza,Autodromo Nazionale di Monza,2021-09-12,bottas,BOT,Valtteri Bottas,mercedes,Mercedes,19,3,3,15.0,Finished,53,2,1:24.827,1.0,1:20.685,1:20.032,1:19.555,1.0,24.308,26.0,2.0,"HARD,MEDIUM",28.885234899328864,43.52751677852349,33.275838926174494,False
2021,14,Italian Grand Prix,monza,Autodromo Nazionale di Monza,2021-09-12,leclerc,LEC,Charles Leclerc,ferrari,Ferrari,5,4,4,12.0,Finished,53,6,1:25.319,8.0,1:21.219,1:20.767,1:20.510,1.0,24.557,26.0,2.0,"HARD,MEDIUM",28.885234899328864,43.52751677852349,33.275838926174494,False
2021,14,Italian Grand Prix,monza,Autodromo Nazionale di Monza,2021-09-12,perez,PER,Sergio Pérez,red_bull,Red Bull,8,5,5,10.0,Finished,53,4,1:25.156,9.0,1:21.308,1:20.882,1:20.611,1.0,23.906,26.0,2.0,"HARD,MEDIUM",28.885234899328864,43.52751677852349,33.275838926174494,False
2021,14,Italian Grand Prix,monza,Autodromo Nazionale di Monza,2021-09-12,sainz,SAI,Carlos Sainz,ferrari,Ferrari,6,6,6,8.0,Finished,53,8,1:25.559,7.0,1:21.118,1:20.750,1:20.462,1.0,24.283,26.0,2.0,"HARD,MEDIUM",28.885234899328864,43.52751677852349,33.275838926174494,False
2021,14,Italian Grand Prix,monza,Autodromo Nazionale di Monza,2021-09-12,stroll,STR,Lance Stroll,aston_martin,Aston Martin,9,7,7,6.0,Finished,53,13,1:25.853,12.0,1:21.415,1:21.020,,1.0,24.846,25.0,2.0,"HARD,MEDIUM",28.885234899328864,43.52751677852349,33.275838926174494,False
2021,14,Italian Grand Prix,monza,Autodromo Nazionale di Monza,2021-09-12,alonso,ALO,Fernando Alonso,alpine,Alpine F1 Team,10,8,8,4.0,Finished,53,7,1:25.472,13.0,1:21.487,1:21.069,,1.0,24.797,25.0,2.0,"HARD,MEDIUM",28.885234899328864,43.52751677852349,33.275838926174494,False
2021,14,Italian Grand Prix,monza,Autodromo Nazionale di Monza,2021-09-12,russell,RUS,George Russell,williams,Williams,14,9,9,2.0,Finished,53,11,1:25.835,15.0,1:21.890,1:21.392,,1.0,24.156,26.0,2.0,"HARD,MEDIUM",28.885234899328864,43.52751677852349,33.275838926174494,False
2021,14,Italian Grand Prix,monza,Autodromo Nazionale di Monza,2021-09-12,ocon,OCO,Esteban Ocon,alpine,Alpine F1 Team,12,10,10,1.0,Finished,53,9,1:25.566,14.0,1:21.500,1:21.103,,1.0,30.333,26.0,2.0,"HARD,MEDIUM",28.885234899328864,43.52751677852349,33.275838926174494,False
2021,14,Italian Grand Prix,monza,Autodromo Nazionale di Monza,2021-09-12,latifi,LAT,Nicholas Latifi,williams,Williams,13,11,11,0.0,Finished,53,16,1:25.953,16.0,1:21.925,,,1.0,24.168,23.0,2.0,"HARD,MEDIUM",28.885234899328864,43.52751677852349,33.275838926174494,False
2021,14,Italian Grand Prix,monza,Autodromo Nazionale di Monza,2021-09-12,vettel,VET,Sebastian Vettel,aston_martin,Aston Martin,11,12,12,0.0,Finished,53,15,1:25.938,11.0,1:21.394,1:20.913,,2.0,25.542,22.0,2.0,"HARD,MEDIUM",28.885234899328864,43.52751677852349,33.275838926174494,False
2021,14,Italian Grand Prix,monza,Autodromo Nazionale di Monza,2021-09-12,giovinazzi,GIO,Antonio Giovinazzi,alfa,Alfa Romeo,7,13,13,0.0,Finished,53,10,1:25.718,10.0,1:21.197,1:20.726,1:20.808,2.0,33.8705,1.0,2.0,"HARD,MEDIUM",28.885234899328864,43.52751677852349,33.275838926174494,False
2021,14,Italian Grand Prix,monza,Autodromo Nazionale di Monza,2021-09-12,kubica,KUB,Robert Kubica,alfa,Alfa Romeo,17,14,14,0.0,Finished,53,12,1:25.849,19.0,1:22.530,,,1.0,24.501,26.0,2.0,"HARD,MEDIUM",28.885234899328864,43.52751677852349,33.275838926174494,False
2021,14,Italian Grand Prix,monza,Autodromo Nazionale di Monza,2021-09-12,mick_schumacher,MSC,Mick Schumacher,haas,Haas F1 Team,18,15,15,0.0,Finished,53,17,1:26.707,18.0,1:22.248,,,1.0,24.714,23.0,2.0,"HARD,MEDIUM",28.885234899328864,43.52751677852349,33.275838926174494,False
2021,14,Italian Grand Prix,monza,Autodromo Nazionale di Monza,2021-09-12,mazepin,MAZ,Nikita Mazepin,haas,Haas F1 Team,16,16,R,0.0,Power Unit,41,18,1:27.202,20.0,1:22.716,,,3.0,26.88366666666667,24.0,3.0,"HARD,MEDIUM,SOFT",28.885234899328864,43.52751677852349,33.275838926174494,False
2021,14,Italian Grand Prix,monza,Autodromo Nazionale di Monza,2021-09-12,hamilton,HAM,Lewis Hamilton,mercedes,Mercedes,4,17,R,0.0,Collision,25,14,1:25.870,2.0,1:20.543,1:19.936,1:19.651,1.0,25.619,25.0,1.0,HARD,28.885234899328864,43.52751677852349,33.275838926174494,False
2021,14,Italian Grand Prix,monza,Autodromo Nazionale di Monza,2021-09-12,max_verstappen,VER,Max Verstappen,red_bull,Red Bull,1,18,R,0.0,Collision,25,5,1:25.173,3.0,1:21.035,1:20.229,1:19.966,1.0,32.456,23.0,2.0,"HARD,MEDIUM",28.885234899328864,43.52751677852349,33.275838926174494,False
2021,14,Italian Grand Prix,monza,Autodromo Nazionale di Monza,2021-09-12,gasly,GAS,Pierre Gasly,alphatauri,AlphaTauri,0,19,R,0.0,Suspension,3,19,1:29.005,6.0,1:21.440,1:20.556,1:20.260,,,,1.0,HARD,28.885234899328864,43.52751677852349,33.275838926174494,False
2021,14,Italian Grand Prix,monza,Autodromo Nazionale di Monza,2021-09-12,tsunoda,TSU,Yuki Tsunoda,alphatauri,AlphaTauri,0,20,W,0.0,Brakes,0,,,17.0,1:21.973,,,,,,,,28.885234899328864,43.52751677852349,33.275838926174494,False
2021,15,Russian Grand Prix,sochi,Sochi Autodrom,2021-09-26,hamilton,HAM,Lewis Hamilton,mercedes,Mercedes,4,1,1,25.0,Finished,53,2,1:37.575,4.0,1:45.992,1:45.129,1:44.050,2.0,29.9615,26.0,3.0,"HARD,INTERMEDIATE,MEDIUM",19.13860759493671,21.75696202531645,61.947468354430384,True
2021,15,Russian Grand Prix,sochi,Sochi Autodrom,2021-09-26,max_verstappen,VER,Max Verstappen,red_bull,Red Bull,20,2,2,18.0,Finished,53,5,1:38.396,20.0,,,,2.0,30.2975,26.0,3.0,"HARD,INTERMEDIATE,MEDIUM",19.13860759493671,21.75696202531645,61.947468354430384,True
2021,15,Russian Grand Prix,sochi,Sochi Autodrom,2021-09-26,sainz,SAI,Carlos Sainz,ferrari,Ferrari,2,3,3,15.0,Finished,53,12,1:39.294,2.0,1:47.924,1:46.521,1:42.510,2.0,30.695999999999998,14.0,3.0,"HARD,INTERMEDIATE,MEDIUM",19.13860759493671,21.75696202531645,61.947468354430384,True
2021,15,Russian Grand Prix,sochi,Sochi Autodrom,2021-09-26,ricciardo,RIC,Daniel Ricciardo,mclaren,McLaren,5,4,4,12.0,Finished,53,9,1:39.124,5.0,1:48.345,1:46.361,1:44.156,2.0,32.3165,22.0,3.0,"HARD,INTERMEDIATE,MEDIUM",19.13860759493671,21.75696202531645,61.947468354430384,True
2021,15,Russian Grand Prix,sochi,Sochi Autodrom,2021-09-26,bottas,BOT,Valtteri Bottas,mercedes,Mercedes,16,5,5,10.0,Finished,53,3,1:38.216,7.0,1:46.396,1:45.306,1:44.710,2.0,29.752499999999998,28.0,3.0,"HARD,INTERMEDIATE,MEDIUM",19.13860759493671,21.75696202531645,61.947468354430384,True
2021,15,Russian Grand Prix,sochi,Sochi Autodrom,2021-09-26,alonso,ALO,Fernando Alonso,alpine,Alpine F1 Team,6,6,6,8.0,Finished,53,6,1:38.686,6.0,1:47.877,1:45.514,1:44.204,2.0,30.4295,36.0,3.0,"HARD,INTERMEDIATE,MEDIUM",19.13860759493671,21.75696202531645,61.947468354430384,True
2021,15,Russian Grand Prix,sochi,Sochi Autodrom,2021-09-26,norris,NOR,Lando Norris,mclaren,McLaren,1,7,7,7.0,Finished,53,1,1:37.423,1.0,1:47.238,1:45.827,1:41.993,2.0,31.247,28.0,3.0,"HARD,INTERMEDIATE,MEDIUM",19.13860759493671,21.75696202531645,61.947468354430384,True
2021,15,Russian Grand Prix,sochi,Sochi Autodrom,2021-09-26,raikkonen,RAI,Kimi Räikkönen,alfa,Alfa Romeo,13,8,8,4.0,Finished,53,16,1:40.289,16.0,1:49.586,,,2.0,30.116500000000002,15.0,3.0,"HARD,INTERMEDIATE,MEDIUM",19.13860759493671,21.75696202531645,61.947468354430384,True
2021,15,Russian Grand Prix,sochi,Sochi Autodrom,2021-09-26,perez,PER,Sergio Pérez,red_bull,Red Bull,8,9,9,2.0,Finished,53,10,1:39.215,9.0,1:46.455,1:45.834,1:45.337,2.0,34.1695,36.0,3.0,"HARD,INTERMEDIATE,MEDIUM",19.13860759493671,21.75696202531645,61.947468354430384,True
2021,15,Russian Grand Prix,sochi,Sochi Autodrom,2021-09-26,russell,RUS,George Russell,williams,Williams,3,10,10,1.0,Finished,53,18,1:40.596,3.0,1:48.303,1:46.435,1:42.983,2.0,31.373,13.0,3.0,"HARD,INTERMEDIATE,MEDIUM",19.13860759493671,21.75696202531645,61.947468354430384,True
2021,15,Russian Grand Prix,sochi,Sochi Autodrom,2021-09-26,stroll,STR,Lance Stroll,aston_martin,Aston Martin,7,11,11,0.0,Finished,53,17,1:40.464,8.0,1:48.322,1:46.360,1:44.956,2.0,36.682500000000005,12.0,3.0,"HARD,INTERMEDIATE,MEDIUM",19.13860759493671,21.75696202531645,61.947468354430384,True
2021,15,Russian Grand Prix,sochi,Sochi Autodrom,2021-09-26,vettel,VET,Sebastian Vettel,aston_martin,Aston Martin,10,12,12,0.0,+1 Lap,52,11,1:39.251,11.0,1:47.205,1:46.573,,2.0,30.685000000000002,26.0,3.0,"HARD,INTERMEDIATE,MEDIUM",19.13860759493671,21.75696202531645,61.947468354430384,True
2021,15,Russian Grand Prix,sochi,Sochi Autodrom,2021-09-26,gasly,GAS,Pierre Gasly,alphatauri,AlphaTauri,11,13,13,0.0,+1 Lap,52,4,1:38.279,12.0,1:47.828,1:46.641,,2.0,30.6345,33.0,3.0,"HARD,INTERMEDIATE,MEDIUM",19.13860759493671,21.75696202531645,61.947468354430384,True
2021,15,Russian Grand Prix,sochi,Sochi Autodrom,2021-09-26,ocon,OCO,Esteban Ocon,alpine,Alpine F1 Team,9,14,14,0.0,+1 Lap,52,19,1:40.598,10.0,1:48.099,1:46.070,1:45.865,2.0,31.582500000000003,15.0,3.0,"HARD,INTERMEDIATE,MEDIUM",19.13860759493671,21.75696202531645,61.947468354430384,True
2021,15,Russian Grand Prix,sochi,Sochi Autodrom,2021-09-26,leclerc,LEC,Charles Leclerc,ferrari,Ferrari,19,15,15,0.0,+1 Lap,52,7,1:38.994,15.0,1:48.470,,,2.0,32.2485,35.0,3.0,"HARD,INTERMEDIATE,MEDIUM",19.13860759493671,21.75696202531645,61.947468354430384,True
2021,15,Russian Grand Prix,sochi,Sochi Autodrom,2021-09-26,giovinazzi,GIO,Antonio Giovinazzi,alfa,Alfa Romeo,17,16,16,0.0,+1 Lap,52,8,1:39.058,18.0,1:51.023,,,2.0,32.021,36.0,3.0,"HARD,INTERMEDIATE,MEDIUM",19.13860759493671,21.75696202531645,61.947468354430384,True
2021,15,Russian Grand Prix,sochi,Sochi Autodrom,2021-09-26,tsunoda,TSU,Yuki Tsunoda,alphatauri,AlphaTauri,12,17,17,0.0,+1 Lap,52,13,1:39.960,13.0,1:48.854,1:46.751,,3.0,30.688,13.0,4.0,"HARD,INTERMEDIATE,MEDIUM,SOFT",19.13860759493671,21.75696202531645,61.947468354430384,True
2021,15,Russian Grand Prix,sochi,Sochi Autodrom,2021-09-26,mazepin,MAZ,Nikita Mazepin,haas,Haas F1 Team,15,18,18,0.0,+2 Laps,51,20,1:41.713,19.0,1:53.764,,,2.0,32.028999999999996,14.0,3.0,"HARD,INTERMEDIATE,MEDIUM",19.13860759493671,21.75696202531645,61.947468354430384,True
2021,15,Russian Grand Prix,sochi,Sochi Autodrom,2021-09-26,latifi,LAT,Nicholas Latifi,williams,Williams,18,19,19,0.0,Accident,47,14,1:40.000,14.0,1:48.252,,,1.0,30.056,13.0,2.0,"HARD,MEDIUM",19.13860759493671,21.75696202531645,61.947468354430384,True
2021,15,Russian Grand Prix,sochi,Sochi Autodrom,2021-09-26,mick_schumacher,MSC,Mick Schumacher,haas,Haas F1 Team,14,20,R,0.0,Oil leak,32,15,1:40.276,17.0,1:49.830,,,1.0,29.996,20.0,2.0,"HARD,MEDIUM",19.13860759493671,21.75696202531645,61.947468354430384,True
2021,16,Turkish Grand Prix,istanbul,Istanbul Park,2021-10-10,bottas,BOT,Valtteri Bottas,mercedes,Mercedes,1,1,1,26.0,Finished,58,1,1:30.432,2.0,1:25.047,1:23.579,1:22.998,1.0,22.962,37.0,1.0,INTERMEDIATE,15.82547770700637,18.18089171974522,93.5248407643312,False
2021,16,Turkish Grand Prix,istanbul,Istanbul Park,2021-10-10,max_verstappen,VER,Max Verstappen,red_bull,Red Bull,2,2,2,18.0,Finished,58,9,1:32.759,3.0,1:24.592,1:23.732,1:23.196,1.0,22.442,36.0,1.0,INTERMEDIATE,15.82547770700637,18.18089171974522,93.5248407643312,False
2021,16,Turkish Grand Prix,istanbul,Istanbul Park,2021-10-10,perez,PER,Sergio Pérez,red_bull,Red Bull,6,3,3,15.0,Finished,58,4,1:32.459,7.0,1:24.963,1:23.961,1:23.706,1.0,22.463,37.0,1.0,INTERMEDIATE,15.82547770700637,18.18089171974522,93.5248407643312,False
2021,16,Turkish Grand Prix,istanbul,Istanbul Park,2021-10-10,leclerc,LEC,Charles Leclerc,ferrari,Ferrari,3,4,4,12.0,Finished,58,8,1:32.737,4.0,1:24.869,1:24.015,1:23.265,1.0,23.646,47.0,1.0,INTERMEDIATE,15.82547770700637,18.18089171974522,93.5248407643312,False
2021,16,Turkish Grand Prix,istanbul,Istanbul Park,2021-10-10,hamilton,HAM,Lewis Hamilton,mercedes,Mercedes,11,5,5,10.0,Finished,58,10,1:32.763,1.0,1:24.585,1:23.082,1:22.868,1.0,22.684,50.0,1.0,INTERMEDIATE,15.82547770700637,18.18089171974522,93.5248407643312,False
2021,16,Turkish Grand Prix,istanbul,Istanbul Park,2021-10-10,gasly,GAS,Pierre Gasly,alphatauri,AlphaTauri,4,6,6,8.0,Finished,58,11,1:32.814,5.0,1:24.704,1:23.817,1:23.326,1.0,29.31,39.0,1.0,INTERMEDIATE,15.82547770700637,18.18089171974522,93.5248407643312,False
2021,16,Turkish Grand Prix,istanbul,Istanbul Park,2021-10-10,norris,NOR,Lando Norris,mclaren,McLaren,7,7,7,6.0,Finished,58,3,1:32.446,8.0,1:25.138,1:24.642,1:23.954,1.0,23.239,34.0,1.0,INTERMEDIATE,15.82547770700637,18.18089171974522,93.5248407643312,False
2021,16,Turkish Grand Prix,istanbul,Istanbul Park,2021-10-10,sainz,SAI,Carlos Sainz,ferrari,Ferrari,19,8,8,4.0,Finished,58,2,1:31.921,15.0,1:25.177,,,1.0,28.353,36.0,1.0,INTERMEDIATE,15.82547770700637,18.18089171974522,93.5248407643312,False
2021,16,Turkish Grand Prix,istanbul,Istanbul Park,2021-10-10,stroll,STR,Lance Stroll,aston_martin,Aston Martin,8,9,9,2.0,Finished,58,6,1:32.608,9.0,1:25.511,1:24.601,1:24.305,1.0,35.509,39.0,1.0,INTERMEDIATE,15.82547770700637,18.18089171974522,93.5248407643312,False
2021,16,Turkish Grand Prix,istanbul,Istanbul Park,2021-10-10,ocon,OCO,Esteban Ocon,alpine,Alpine F1 Team,12,10,10,1.0,+1 Lap,57,19,1:34.584,12.0,1:25.422,1:24.842,,,,,1.0,INTERMEDIATE,15.82547770700637,18.18089171974522,93.5248407643312,False
2021,16,Turkish Grand Prix,istanbul,Istanbul Park,2021-10-10,giovinazzi,GIO,Antonio Giovinazzi,alfa,Alfa Romeo,16,11,11,0.0,+1 Lap,57,13,1:32.904,18.0,1:26.430,,,1.0,23.15,40.0,1.0,INTERMEDIATE,15.82547770700637,18.18089171974522,93.5248407643312,False
2021,16,Turkish Grand Prix,istanbul,Istanbul Park,2021-10-10,raikkonen,RAI,Kimi Räikkönen,alfa,Alfa Romeo,17,12,12,0.0,+1 Lap,57,5,1:32.586,19.0,1:27.525,,,1.0,23.164,37.0,1.0,INTERMEDIATE,15.82547770700637,18.18089171974522,93.5248407643312,False
2021,16,Turkish Grand Prix,istanbul,Istanbul Park,2021-10-10,ricciardo,RIC,Daniel Ricciardo,mclaren,McLaren,20,13,13,0.0,+1 Lap,57,15,1:33.255,16.0,1:25.881,,,1.0,23.028,21.0,1.0,INTERMEDIATE,15.82547770700637,18.18089171974522,93.5248407643312,False
2021,16,Turkish Grand Prix,istanbul,Istanbul Park,2021-10-10,tsunoda,TSU,Yuki Tsunoda,alphatauri,AlphaTauri,9,14,14,0.0,+1 Lap,57,12,1:32.844,10.0,1:25.409,1:24.054,1:24.368,1.0,23.329,35.0,1.0,INTERMEDIATE,15.82547770700637,18.18089171974522,93.5248407643312,False
2021,16,Turkish Grand Prix,istanbul,Istanbul Park,2021-10-10,russell,RUS,George Russell,williams,Williams,13,15,15,0.0,+1 Lap,57,16,1:33.399,13.0,1:25.417,1:25.007,,1.0,23.551,35.0,1.0,INTERMEDIATE,15.82547770700637,18.18089171974522,93.5248407643312,False
2021,16,Turkish Grand Prix,istanbul,Istanbul Park,2021-10-10,alonso,ALO,Fernando Alonso,alpine,Alpine F1 Team,5,16,16,0.0,+1 Lap,57,14,1:33.252,6.0,1:25.174,1:23.914,1:23.477,1.0,29.116,30.0,1.0,INTERMEDIATE,15.82547770700637,18.18089171974522,93.5248407643312,False
2021,16,Turkish Grand Prix,istanbul,Istanbul Park,2021-10-10,latifi,LAT,Nicholas Latifi,williams,Williams,15,17,17,0.0,+1 Lap,57,17,1:33.672,17.0,1:26.086,,,1.0,24.104,34.0,1.0,INTERMEDIATE,15.82547770700637,18.18089171974522,93.5248407643312,False
2021,16,Turkish Grand Prix,istanbul,Istanbul Park,2021-10-10,vettel,VET,Sebastian Vettel,aston_martin,Aston Martin,10,18,18,0.0,+1 Lap,57,7,1:32.730,11.0,1:25.787,1:24.795,,2.0,23.506999999999998,36.0,2.0,"INTERMEDIATE,MEDIUM",15.82547770700637,18.18089171974522,93.5248407643312,False
2021,16,Turkish Grand Prix,istanbul,Istanbul Park,2021-10-10,mick_schumacher,MSC,Mick Schumacher,haas,Haas F1 Team,14,19,19,0.0,+2 Laps,56,18,1:34.209,14.0,1:25.555,1:25.200,,1.0,23.892,39.0,1.0,INTERMEDIATE,15.82547770700637,18.18089171974522,93.5248407643312,False
2021,16,Turkish Grand Prix,istanbul,Istanbul Park,2021-10-10,mazepin,MAZ,Nikita Mazepin,haas,Haas F1 Team,18,20,20,0.0,+2 Laps,56,20,1:35.438,20.0,1:28.449,,,1.0,23.829,35.0,1.0,INTERMEDIATE,15.82547770700637,18.18089171974522,93.5248407643312,False
2021,17,United States Grand Prix,americas,Circuit of the Americas,2021-10-24,max_verstappen,VER,Max Verstappen,red_bull,Red Bull,1,1,1,25.0,Finished,56,2,1:39.096,1.0,1:34.352,1:33.464,1:32.910,2.0,23.889499999999998,10.0,2.0,"HARD,MEDIUM",28.148447204968942,37.47080745341616,61.192546583850934,False
2021,17,United States Grand Prix,americas,Circuit of the Americas,2021-10-24,hamilton,HAM,Lewis Hamilton,mercedes,Mercedes,2,2,2,19.0,Finished,56,1,1:38.485,2.0,1:34.579,1:33.797,1:33.119,2.0,24.0785,13.0,2.0,"HARD,MEDIUM",28.148447204968942,37.47080745341616,61.192546583850934,False
2021,17,United States Grand Prix,americas,Circuit of the Americas,2021-10-24,perez,PER,Sergio Pérez,red_bull,Red Bull,3,3,3,15.0,Finished,56,4,1:39.566,3.0,1:34.369,1:34.178,1:33.134,2.0,24.311,12.0,2.0,"HARD,MEDIUM",28.148447204968942,37.47080745341616,61.192546583850934,False
2021,17,United States Grand Prix,americas,Circuit of the Americas,2021-10-24,leclerc,LEC,Charles Leclerc,ferrari,Ferrari,4,4,4,12.0,Finished,56,3,1:39.303,5.0,1:34.153,1:33.928,1:33.606,2.0,23.908,12.0,2.0,"HARD,MEDIUM",28.148447204968942,37.47080745341616,61.192546583850934,False
2021,17,United States Grand Prix,americas,Circuit of the Americas,2021-10-24,ricciardo,RIC,Daniel Ricciardo,mclaren,McLaren,6,5,5,10.0,Finished,56,8,1:40.345,7.0,1:34.407,1:34.643,1:33.808,2.0,24.106,11.0,2.0,"HARD,MEDIUM",28.148447204968942,37.47080745341616,61.192546583850934,False
2021,17,United States Grand Prix,americas,Circuit of the Americas,2021-10-24,bottas,BOT,Valtteri Bottas,mercedes,Mercedes,9,6,6,8.0,Finished,56,6,1:40.147,4.0,1:34.590,1:33.959,1:33.475,2.0,24.0315,15.0,2.0,"HARD,MEDIUM",28.148447204968942,37.47080745341616,61.192546583850934,False
2021,17,United States Grand Prix,americas,Circuit of the Americas,2021-10-24,sainz,SAI,Carlos Sainz,ferrari,Ferrari,5,7,7,6.0,Finished,56,9,1:40.377,6.0,1:34.558,1:34.126,1:33.792,2.0,25.14,11.0,2.0,"HARD,SOFT",28.148447204968942,37.47080745341616,61.192546583850934,False
2021,17,United States Grand Prix,americas,Circuit of the Americas,2021-10-24,norris,NOR,Lando Norris,mclaren,McLaren,7,8,8,4.0,Finished,56,7,1:40.228,8.0,1:34.551,1:33.880,1:33.887,2.0,24.9665,10.0,2.0,"HARD,MEDIUM",28.148447204968942,37.47080745341616,61.192546583850934,False
2021,17,United States Grand Prix,americas,Circuit of the Americas,2021-10-24,tsunoda,TSU,Yuki Tsunoda,alphatauri,AlphaTauri,10,9,9,2.0,+1 Lap,55,13,1:41.151,10.0,1:35.360,1:35.137,1:34.918,2.0,23.6655,9.0,2.0,"HARD,SOFT",28.148447204968942,37.47080745341616,61.192546583850934,False
2021,17,United States Grand Prix,americas,Circuit of the Americas,2021-10-24,vettel,VET,Sebastian Vettel,aston_martin,Aston Martin,18,10,10,1.0,+1 Lap,55,10,1:40.481,12.0,1:35.281,1:35.500,,2.0,24.413,17.0,2.0,"HARD,MEDIUM",28.148447204968942,37.47080745341616,61.192546583850934,False
2021,17,United States Grand Prix,americas,Circuit of the Americas,2021-10-24,giovinazzi,GIO,Antonio Giovinazzi,alfa,Alfa Romeo,12,11,11,0.0,+1 Lap,55,12,1:41.145,13.0,1:35.920,1:35.794,,2.0,23.7475,8.0,2.0,"HARD,MEDIUM",28.148447204968942,37.47080745341616,61.192546583850934,False
2021,17,United States Grand Prix,americas,Circuit of the Americas,2021-10-24,stroll,STR,Lance Stroll,aston_martin,Aston Martin,13,12,12,0.0,+1 Lap,55,14,1:41.189,16.0,1:35.983,,,2.0,23.641,18.0,2.0,"HARD,MEDIUM",28.148447204968942,37.47080745341616,61.192546583850934,False
2021,17,United States Grand Prix,americas,Circuit of the Americas,2021-10-24,raikkonen,RAI,Kimi Räikkönen,alfa,Alfa Romeo,15,13,13,0.0,+1 Lap,55,15,1:41.340,18.0,1:36.311,,,2.0,24.1405,12.0,2.0,"HARD,MEDIUM",28.148447204968942,37.47080745341616,61.192546583850934,False
2021,17,United States Grand Prix,americas,Circuit of the Americas,2021-10-24,russell,RUS,George Russell,williams,Williams,20,14,14,0.0,+1 Lap,55,11,1:41.120,15.0,1:35.746,,,2.0,24.276,9.0,2.0,"HARD,MEDIUM",28.148447204968942,37.47080745341616,61.192546583850934,False
2021,17,United States Grand Prix,americas,Circuit of the Americas,2021-10-24,latifi,LAT,Nicholas Latifi,williams,Williams,14,15,15,0.0,+1 Lap,55,17,1:41.818,17.0,1:35.995,,,2.0,28.1315,5.0,2.0,"HARD,MEDIUM",28.148447204968942,37.47080745341616,61.192546583850934,False
2021,17,United States Grand Prix,americas,Circuit of the Americas,2021-10-24,mick_schumacher,MSC,Mick Schumacher,haas,Haas F1 Team,16,16,16,0.0,+2 Laps,54,16,1:41.395,19.0,1:36.499,,,2.0,24.27,11.0,2.0,"HARD,MEDIUM",28.148447204968942,37.47080745341616,61.192546583850934,False
2021,17,United States Grand Prix,americas,Circuit of the Americas,2021-10-24,mazepin,MAZ,Nikita Mazepin,haas,Haas F1 Team,17,17,17,0.0,+2 Laps,54,20,1:42.886,20.0,1:36.796,,,3.0,26.484333333333336,1.0,2.0,"HARD,MEDIUM",28.148447204968942,37.47080745341616,61.192546583850934,False
2021,17,United States Grand Prix,americas,Circuit of the Americas,2021-10-24,alonso,ALO,Fernando Alonso,alpine,Alpine F1 Team,19,18,R,0.0,Rear wing,49,5,1:40.067,14.0,1:35.756,1:44.549,,3.0,23.578000000000003,7.0,2.0,"HARD,MEDIUM",28.148447204968942,37.47080745341616,61.192546583850934,False
2021,17,United States Grand Prix,americas,Circuit of the Americas,2021-10-24,ocon,OCO,Esteban Ocon,alpine,Alpine F1 Team,11,19,R,0.0,Mechanical,40,19,1:42.194,11.0,1:35.747,1:35.377,,2.0,32.3595,3.0,2.0,"HARD,MEDIUM",28.148447204968942,37.47080745341616,61.192546583850934,False
2021,17,United States Grand Prix,americas,Circuit of the Americas,2021-10-24,gasly,GAS,Pierre Gasly,alphatauri,AlphaTauri,8,20,R,0.0,Suspension,14,18,1:42.015,9.0,1:34.567,1:34.583,1:34.118,1.0,23.745,10.0,2.0,"HARD,MEDIUM",28.148447204968942,37.47080745341616,61.192546583850934,False
2021,18,Mexico City Grand Prix,rodriguez,Autódromo Hermanos Rodríguez,2021-11-07,max_verstappen,VER,Max Verstappen,red_bull,Red Bull,3,1,1,25.0,Finished,71,2,1:18.999,3.0,1:16.788,1:16.483,1:16.225,1.0,21.908,33.0,2.0,"HARD,MEDIUM",21.206707317073167,47.579268292682926,31.2109756097561,False
2021,18,Mexico City Grand Prix,rodriguez,Autódromo Hermanos Rodríguez,2021-11-07,hamilton,HAM,Lewis Hamilton,mercedes,Mercedes,2,2,2,18.0,Finished,71,4,1:19.820,2.0,1:17.207,1:16.474,1:16.020,1.0,22.373,29.0,2.0,"HARD,MEDIUM",21.206707317073167,47.579268292682926,31.2109756097561,False
2021,18,Mexico City Grand Prix,rodriguez,Autódromo Hermanos Rodríguez,2021-11-07,perez,PER,Sergio Pérez,red_bull,Red Bull,4,3,3,15.0,Finished,71,3,1:19.468,4.0,1:17.003,1:17.055,1:16.342,1.0,22.114,40.0,2.0,"HARD,MEDIUM",21.206707317073167,47.579268292682926,31.2109756097561,False
2021,18,Mexico City Grand Prix,rodriguez,Autódromo Hermanos Rodríguez,2021-11-07,gasly,GAS,Pierre Gasly,alphatauri,AlphaTauri,5,4,4,12.0,Finished,71,7,1:20.510,5.0,1:16.908,1:16.955,1:16.456,1.0,22.549,31.0,2.0,"HARD,MEDIUM",21.206707317073167,47.579268292682926,31.2109756097561,False
2021,18,Mexico City Grand Prix,rodriguez,Autódromo Hermanos Rodríguez,2021-11-07,leclerc,LEC,Charles Leclerc,ferrari,Ferrari,8,5,5,10.0,Finished,71,9,1:20.665,8.0,1:16.748,1:17.034,1:16.837,1.0,22.085,30.0,2.0,"HARD,MEDIUM",21.206707317073167,47.579268292682926,31.2109756097561,False
2021,18,Mexico City Grand Prix,rodriguez,Autódromo Hermanos Rodríguez,2021-11-07,sainz,SAI,Carlos Sainz,ferrari,Ferrari,6,6,6,8.0,+1 Lap,70,5,1:20.081,6.0,1:17.517,1:17.248,1:16.761,1.0,22.031,42.0,2.0,"HARD,MEDIUM",21.206707317073167,47.579268292682926,31.2109756097561,False
2021,18,Mexico City Grand Prix,rodriguez,Autódromo Hermanos Rodríguez,2021-11-07,vettel,VET,Sebastian Vettel,aston_martin,Aston Martin,9,7,7,6.0,+1 Lap,70,6,1:20.460,11.0,1:17.502,1:17.746,,1.0,22.277,33.0,2.0,"HARD,MEDIUM",21.206707317073167,47.579268292682926,31.2109756097561,False
2021,18,Mexico City Grand Prix,rodriguez,Autódromo Hermanos Rodríguez,2021-11-07,raikkonen,RAI,Kimi Räikkönen,alfa,Alfa Romeo,10,8,8,4.0,+1 Lap,70,11,1:20.713,12.0,1:17.606,1:17.958,,1.0,22.424,32.0,2.0,"HARD,MEDIUM",21.206707317073167,47.579268292682926,31.2109756097561,False
2021,18,Mexico City Grand Prix,rodriguez,Autódromo Hermanos Rodríguez,2021-11-07,alonso,ALO,Fernando Alonso,alpine,Alpine F1 Team,12,9,9,2.0,+1 Lap,70,10,1:20.711,16.0,1:18.452,,,1.0,23.985,39.0,2.0,"HARD,MEDIUM",21.206707317073167,47.579268292682926,31.2109756097561,False
2021,18,Mexico City Grand Prix,rodriguez,Autódromo Hermanos Rodríguez,2021-11-07,norris,NOR,Lando Norris,mclaren,McLaren,18,10,10,1.0,+1 Lap,70,8,1:20.617,10.0,1:17.569,1:17.473,1:36.830,1.0,22.534,44.0,2.0,"HARD,MEDIUM",21.206707317073167,47.579268292682926,31.2109756097561,False
2021,18,Mexico City Grand Prix,rodriguez,Autódromo Hermanos Rodríguez,2021-11-07,giovinazzi,GIO,Antonio Giovinazzi,alfa,Alfa Romeo,11,11,11,0.0,+1 Lap,70,16,1:21.523,14.0,1:17.897,1:18.290,,1.0,22.205,16.0,2.0,"HARD,MEDIUM",21.206707317073167,47.579268292682926,31.2109756097561,False
2021,18,Mexico City Grand Prix,rodriguez,Autódromo Hermanos Rodríguez,2021-11-07,ricciardo,RIC,Daniel Ricciardo,mclaren,McLaren,7,12,12,0.0,+1 Lap,70,13,1:21.069,7.0,1:17.719,1:17.092,1:16.763,2.0,30.4705,1.0,2.0,"HARD,MEDIUM",21.206707317073167,47.579268292682926,31.2109756097561,False
2021,18,Mexico City Grand Prix,rodriguez,Autódromo Hermanos Rodríguez,2021-11-07,ocon,OCO,Esteban Ocon,alpine,Alpine F1 Team,19,13,13,0.0,+1 Lap,70,14,1:21.348,15.0,1:18.126,1:18.405,,1.0,23.1,14.0,2.0,"HARD,SOFT",21.206707317073167,47.579268292682926,31.2109756097561,False
2021,18,Mexico City Grand Prix,rodriguez,Autódromo Hermanos Rodríguez,2021-11-07,stroll,STR,Lance Stroll,aston_martin,Aston Martin,20,14,14,0.0,+2 Laps,69,12,1:20.930,20.0,1:20.873,,,2.0,24.820999999999998,12.0,2.0,"HARD,MEDIUM",21.206707317073167,47.579268292682926,31.2109756097561,False
2021,18,Mexico City Grand Prix,rodriguez,Autódromo Hermanos Rodríguez,2021-11-07,bottas,BOT,Valtteri Bottas,mercedes,Mercedes,1,15,15,0.0,+2 Laps,69,1,1:17.774,1.0,1:16.727,1:16.864,1:15.875,4.0,25.8125,1.0,3.0,"HARD,MEDIUM,SOFT",21.206707317073167,47.579268292682926,31.2109756097561,False
2021,18,Mexico City Grand Prix,rodriguez,Autódromo Hermanos Rodríguez,2021-11-07,russell,RUS,George Russell,williams,Williams,16,16,16,0.0,+2 Laps,69,18,1:22.016,13.0,1:17.958,1:18.172,,1.0,21.984,15.0,2.0,"HARD,MEDIUM",21.206707317073167,47.579268292682926,31.2109756097561,False
2021,18,Mexico City Grand Prix,rodriguez,Autódromo Hermanos Rodríguez,2021-11-07,latifi,LAT,Nicholas Latifi,williams,Williams,13,17,17,0.0,+2 Laps,69,17,1:21.546,17.0,1:18.756,,,2.0,23.21,11.0,2.0,"HARD,MEDIUM",21.206707317073167,47.579268292682926,31.2109756097561,False
2021,18,Mexico City Grand Prix,rodriguez,Autódromo Hermanos Rodríguez,2021-11-07,mazepin,MAZ,Nikita Mazepin,haas,Haas F1 Team,15,18,18,0.0,+3 Laps,68,15,1:21.402,19.0,1:19.303,,,2.0,24.3655,13.0,2.0,"HARD,MEDIUM",21.206707317073167,47.579268292682926,31.2109756097561,False
2021,18,Mexico City Grand Prix,rodriguez,Autódromo Hermanos Rodríguez,2021-11-07,mick_schumacher,MSC,Mick Schumacher,haas,Haas F1 Team,14,19,R,0.0,Collision,0,,,18.0,1:18.858,,,,,,1.0,MEDIUM,21.206707317073167,47.579268292682926,31.2109756097561,False
2021,18,Mexico City Grand Prix,rodriguez,Autódromo Hermanos Rodríguez,2021-11-07,tsunoda,TSU,Yuki Tsunoda,alphatauri,AlphaTauri,17,20,R,0.0,Collision,0,,,9.0,1:17.330,1:16.701,1:17.158,,,,1.0,SOFT,21.206707317073167,47.579268292682926,31.2109756097561,False
2021,19,São Paulo Grand Prix,interlagos,Autódromo José Carlos Pace,2021-11-14,hamilton,HAM,Lewis Hamilton,mercedes,Mercedes,10,1,1,25.0,Finished,71,2,1:11.982,1.0,1:08.733,1:08.068,1:07.934,4.0,20.481,7.0,2.0,"HARD,MEDIUM",23.1373417721519,51.56139240506329,60.10126582278481,False
2021,19,São Paulo Grand Prix,interlagos,Autódromo José Carlos Pace,2021-11-14,max_verstappen,VER,Max Verstappen,red_bull,Red Bull,2,2,2,18.0,Finished,71,3,1:12.486,2.0,1:09.329,1:08.499,1:08.372,4.0,20.30275,7.0,2.0,"HARD,MEDIUM",23.1373417721519,51.56139240506329,60.10126582278481,False
2021,19,São Paulo Grand Prix,interlagos,Autódromo José Carlos Pace,2021-11-14,bottas,BOT,Valtteri Bottas,mercedes,Mercedes,1,3,3,15.0,Finished,71,4,1:12.526,3.0,1:09.040,1:08.426,1:08.469,4.0,20.463750000000005,7.0,2.0,"HARD,MEDIUM",23.1373417721519,51.56139240506329,60.10126582278481,False
2021,19,São Paulo Grand Prix,interlagos,Autódromo José Carlos Pace,2021-11-14,perez,PER,Sergio Pérez,red_bull,Red Bull,4,4,4,13.0,Finished,71,1,1:11.010,4.0,1:09.172,1:08.973,1:08.483,5.0,21.0362,7.0,3.0,"HARD,MEDIUM,SOFT",23.1373417721519,51.56139240506329,60.10126582278481,False
2021,19,São Paulo Grand Prix,interlagos,Autódromo José Carlos Pace,2021-11-14,leclerc,LEC,Charles Leclerc,ferrari,Ferrari,6,5,5,10.0,Finished,71,7,1:12.822,7.0,1:09.155,1:08.859,1:08.960,4.0,20.36125,7.0,2.0,"HARD,MEDIUM",23.1373417721519,51.56139240506329,60.10126582278481,False
2021,19,São Paulo Grand Prix,interlagos,Autódromo José Carlos Pace,2021-11-14,sainz,SAI,Carlos Sainz,ferrari,Ferrari,3,6,6,8.0,Finished,71,6,1:12.710,6.0,1:09.046,1:09.031,1:08.826,4.0,20.72475,7.0,2.0,"HARD,MEDIUM",23.1373417721519,51.56139240506329,60.10126582278481,False
2021,19,São Paulo Grand Prix,interlagos,Autódromo José Carlos Pace,2021-11-14,gasly,GAS,Pierre Gasly,alphatauri,AlphaTauri,7,7,7,6.0,+1 Lap,70,8,1:13.227,5.0,1:09.347,1:08.903,1:08.777,4.0,21.0505,7.0,2.0,"HARD,MEDIUM",23.1373417721519,51.56139240506329,60.10126582278481,False
2021,19,São Paulo Grand Prix,interlagos,Autódromo José Carlos Pace,2021-11-14,ocon,OCO,Esteban Ocon,alpine,Alpine F1 Team,8,8,8,4.0,+1 Lap,70,16,1:14.430,11.0,1:09.430,1:09.189,,3.0,20.202333333333332,7.0,2.0,"HARD,MEDIUM",23.1373417721519,51.56139240506329,60.10126582278481,False
2021,19,São Paulo Grand Prix,interlagos,Autódromo José Carlos Pace,2021-11-14,alonso,ALO,Fernando Alonso,alpine,Alpine F1 Team,12,9,9,2.0,+1 Lap,70,12,1:13.922,10.0,1:09.391,1:09.137,1:09.113,3.0,19.94366666666667,7.0,2.0,"HARD,MEDIUM",23.1373417721519,51.56139240506329,60.10126582278481,False
2021,19,São Paulo Grand Prix,interlagos,Autódromo José Carlos Pace,2021-11-14,norris,NOR,Lando Norris,mclaren,McLaren,5,10,10,1.0,+1 Lap,70,10,1:13.761,8.0,1:09.365,1:09.030,1:08.980,5.0,21.2184,1.0,2.0,"HARD,MEDIUM",23.1373417721519,51.56139240506329,60.10126582278481,False
2021,19,São Paulo Grand Prix,interlagos,Autódromo José Carlos Pace,2021-11-14,vettel,VET,Sebastian Vettel,aston_martin,Aston Martin,9,11,11,0.0,+1 Lap,70,9,1:13.634,12.0,1:09.451,1:09.399,,4.0,20.86125,7.0,2.0,"HARD,MEDIUM",23.1373417721519,51.56139240506329,60.10126582278481,False
2021,19,São Paulo Grand Prix,interlagos,Autódromo José Carlos Pace,2021-11-14,raikkonen,RAI,Kimi Räikkönen,alfa,Alfa Romeo,0,12,12,0.0,+1 Lap,70,5,1:12.621,14.0,1:09.598,1:09.503,,4.0,20.82425,7.0,2.0,"HARD,MEDIUM",23.1373417721519,51.56139240506329,60.10126582278481,False
2021,19,São Paulo Grand Prix,interlagos,Autódromo José Carlos Pace,2021-11-14,russell,RUS,George Russell,williams,Williams,17,13,13,0.0,+1 Lap,70,15,1:14.355,18.0,1:09.953,,,4.0,21.283250000000002,6.0,2.0,"HARD,MEDIUM",23.1373417721519,51.56139240506329,60.10126582278481,False
2021,19,São Paulo Grand Prix,interlagos,Autódromo José Carlos Pace,2021-11-14,giovinazzi,GIO,Antonio Giovinazzi,alfa,Alfa Romeo,13,14,14,0.0,+1 Lap,70,14,1:14.227,15.0,1:09.342,1:10.227,,4.0,20.522499999999997,7.0,2.0,"HARD,MEDIUM",23.1373417721519,51.56139240506329,60.10126582278481,False
2021,19,São Paulo Grand Prix,interlagos,Autódromo José Carlos Pace,2021-11-14,tsunoda,TSU,Yuki Tsunoda,alphatauri,AlphaTauri,15,15,15,0.0,+1 Lap,70,13,1:14.204,13.0,1:09.350,1:09.483,,5.0,24.264599999999998,4.0,2.0,"HARD,SOFT",23.1373417721519,51.56139240506329,60.10126582278481,False
2021,19,São Paulo Grand Prix,interlagos,Autódromo José Carlos Pace,2021-11-14,latifi,LAT,Nicholas Latifi,williams,Williams,16,16,16,0.0,+1 Lap,70,18,1:14.616,17.0,1:09.897,,,4.0,20.707749999999997,7.0,2.0,"HARD,MEDIUM",23.1373417721519,51.56139240506329,60.10126582278481,False
2021,19,São Paulo Grand Prix,interlagos,Autódromo José Carlos Pace,2021-11-14,mazepin,MAZ,Nikita Mazepin,haas,Haas F1 Team,19,17,17,0.0,+2 Laps,69,19,1:14.954,20.0,1:10.589,,,3.0,20.002666666666666,7.0,2.0,"HARD,MEDIUM",23.1373417721519,51.56139240506329,60.10126582278481,False
2021,19,São Paulo Grand Prix,interlagos,Autódromo José Carlos Pace,2021-11-14,mick_schumacher,MSC,Mick Schumacher,haas,Haas F1 Team,18,18,18,0.0,+2 Laps,69,11,1:13.793,19.0,1:10.329,,,5.0,25.5692,7.0,2.0,"HARD,MEDIUM",23.1373417721519,51.56139240506329,60.10126582278481,False
2021,19,São Paulo Grand Prix,interlagos,Autódromo José Carlos Pace,2021-11-14,ricciardo,RIC,Daniel Ricciardo,mclaren,McLaren,11,19,R,0.0,Power loss,49,17,1:14.443,9.0,1:09.374,1:09.093,1:09.039,3.0,20.306,7.0,2.0,"HARD,MEDIUM",23.1373417721519,51.56139240506329,60.10126582278481,False
2021,19,São Paulo Grand Prix,interlagos,Autódromo José Carlos Pace,2021-11-14,stroll,STR,Lance Stroll,aston_martin,Aston Martin,14,20,R,0.0,Collision damage,47,20,1:15.344,16.0,1:09.663,,,3.0,20.293333333333333,7.0,2.0,"HARD,MEDIUM",23.1373417721519,51.56139240506329,60.10126582278481,False
2021,20,Qatar Grand Prix,losail,Lusail International Circuit,2021-11-21,hamilton,HAM,Lewis Hamilton,mercedes,Mercedes,1,1,1,25.0,Finished,57,2,1:25.084,1.0,1:21.901,1:21.682,1:20.827,2.0,25.308,18.0,2.0,"HARD,MEDIUM",26.41513157894737,30.60328947368421,75.54013157894737,True
2021,20,Qatar Grand Prix,losail,Lusail International Circuit,2021-11-21,max_verstappen,VER,Max Verstappen,red_bull,Red Bull,7,2,2,19.0,Finished,57,1,1:23.196,2.0,1:21.996,1:21.984,1:21.282,3.0,25.313333333333333,17.0,3.0,"HARD,MEDIUM,SOFT",26.41513157894737,30.60328947368421,75.54013157894737,True
2021,20,Qatar Grand Prix,losail,Lusail International Circuit,2021-11-21,alonso,ALO,Fernando Alonso,alpine,Alpine F1 Team,3,3,3,15.0,Finished,57,10,1:26.682,5.0,1:22.422,1:21.894,1:21.670,1.0,25.991,23.0,2.0,"HARD,SOFT",26.41513157894737,30.60328947368421,75.54013157894737,True
2021,20,Qatar Grand Prix,losail,Lusail International Circuit,2021-11-21,perez,PER,Sergio Pérez,red_bull,Red Bull,11,4,4,12.0,Finished,57,3,1:25.613,11.0,1:22.398,1:22.346,,2.0,25.4195,19.0,2.0,"HARD,MEDIUM",26.41513157894737,30.60328947368421,75.54013157894737,True
2021,20,Qatar Grand Prix,losail,Lusail International Circuit,2021-11-21,ocon,OCO,Esteban Ocon,alpine,Alpine F1 Team,9,5,5,10.0,Finished,57,13,1:27.061,9.0,1:22.565,1:22.012,1:22.028,1.0,25.517,24.0,2.0,"HARD,SOFT",26.41513157894737,30.60328947368421,75.54013157894737,True
2021,20,Qatar Grand Prix,losail,Lusail International Circuit,2021-11-21,stroll,STR,Lance Stroll,aston_martin,Aston Martin,12,6,6,8.0,Finished,57,17,1:27.356,12.0,1:22.551,1:22.460,,1.0,26.157,23.0,2.0,"HARD,MEDIUM",26.41513157894737,30.60328947368421,75.54013157894737,True
2021,20,Qatar Grand Prix,losail,Lusail International Circuit,2021-11-21,sainz,SAI,Carlos Sainz,ferrari,Ferrari,5,7,7,6.0,Finished,57,9,1:26.570,7.0,1:22.304,1:22.241,1:21.840,1.0,25.639,27.0,2.0,"HARD,MEDIUM",26.41513157894737,30.60328947368421,75.54013157894737,True
2021,20,Qatar Grand Prix,losail,Lusail International Circuit,2021-11-21,leclerc,LEC,Charles Leclerc,ferrari,Ferrari,13,8,8,4.0,Finished,57,8,1:26.555,13.0,1:22.742,1:22.463,,1.0,25.799,27.0,2.0,"HARD,MEDIUM",26.41513157894737,30.60328947368421,75.54013157894737,True
2021,20,Qatar Grand Prix,losail,Lusail International Circuit,2021-11-21,norris,NOR,Lando Norris,mclaren,McLaren,4,9,9,2.0,+1 Lap,56,4,1:25.746,6.0,1:22.839,1:22.216,1:21.731,2.0,25.935499999999998,25.0,3.0,"HARD,MEDIUM,SOFT",26.41513157894737,30.60328947368421,75.54013157894737,True
2021,20,Qatar Grand Prix,losail,Lusail International Circuit,2021-11-21,vettel,VET,Sebastian Vettel,aston_martin,Aston Martin,10,10,10,1.0,+1 Lap,56,7,1:26.434,10.0,1:22.549,1:22.146,1:22.785,1.0,25.726,26.0,2.0,"MEDIUM,SOFT",26.41513157894737,30.60328947368421,75.54013157894737,True
2021,20,Qatar Grand Prix,losail,Lusail International Circuit,2021-11-21,gasly,GAS,Pierre Gasly,alphatauri,AlphaTauri,2,11,11,0.0,+1 Lap,56,11,1:27.019,4.0,1:22.535,1:21.728,1:21.640,2.0,25.869500000000002,13.0,2.0,"MEDIUM,SOFT",26.41513157894737,30.60328947368421,75.54013157894737,True
2021,20,Qatar Grand Prix,losail,Lusail International Circuit,2021-11-21,ricciardo,RIC,Daniel Ricciardo,mclaren,McLaren,14,12,12,0.0,+1 Lap,56,14,1:27.198,14.0,1:22.688,1:22.597,,1.0,25.562,26.0,2.0,"HARD,MEDIUM",26.41513157894737,30.60328947368421,75.54013157894737,True
2021,20,Qatar Grand Prix,losail,Lusail International Circuit,2021-11-21,tsunoda,TSU,Yuki Tsunoda,alphatauri,AlphaTauri,8,13,13,0.0,+1 Lap,56,12,1:27.043,8.0,1:22.458,1:22.058,1:21.881,2.0,26.1665,9.0,3.0,"HARD,MEDIUM,SOFT",26.41513157894737,30.60328947368421,75.54013157894737,True
2021,20,Qatar Grand Prix,losail,Lusail International Circuit,2021-11-21,raikkonen,RAI,Kimi Räikkönen,alfa,Alfa Romeo,16,14,14,0.0,+1 Lap,56,6,1:26.358,16.0,1:23.156,,,2.0,25.9035,10.0,3.0,"HARD,MEDIUM,SOFT",26.41513157894737,30.60328947368421,75.54013157894737,True
2021,20,Qatar Grand Prix,losail,Lusail International Circuit,2021-11-21,giovinazzi,GIO,Antonio Giovinazzi,alfa,Alfa Romeo,18,15,15,0.0,+1 Lap,56,18,1:27.823,18.0,1:23.262,,,2.0,25.667,15.0,2.0,"MEDIUM,SOFT",26.41513157894737,30.60328947368421,75.54013157894737,True
2021,20,Qatar Grand Prix,losail,Lusail International Circuit,2021-11-21,mick_schumacher,MSC,Mick Schumacher,haas,Haas F1 Team,19,16,16,0.0,+1 Lap,56,19,1:28.412,19.0,1:23.407,,,1.0,25.881,22.0,2.0,"MEDIUM,SOFT",26.41513157894737,30.60328947368421,75.54013157894737,True
2021,20,Qatar Grand Prix,losail,Lusail International Circuit,2021-11-21,russell,RUS,George Russell,williams,Williams,15,17,17,0.0,+2 Laps,55,5,1:25.768,15.0,1:22.863,1:22.756,,2.0,30.563499999999998,17.0,2.0,"HARD,SOFT",26.41513157894737,30.60328947368421,75.54013157894737,True
2021,20,Qatar Grand Prix,losail,Lusail International Circuit,2021-11-21,mazepin,MAZ,Nikita Mazepin,haas,Haas F1 Team,20,18,18,0.0,+2 Laps,55,16,1:27.340,20.0,1:25.859,,,1.0,26.515,31.0,2.0,"MEDIUM,SOFT",26.41513157894737,30.60328947368421,75.54013157894737,True
2021,20,Qatar Grand Prix,losail,Lusail International Circuit,2021-11-21,latifi,LAT,Nicholas Latifi,williams,Williams,17,19,R,0.0,Puncture,50,20,1:28.732,17.0,1:23.213,,,1.0,25.811,18.0,2.0,"HARD,SOFT",26.41513157894737,30.60328947368421,75.54013157894737,True
2021,20,Qatar Grand Prix,losail,Lusail International Circuit,2021-11-21,bottas,BOT,Valtteri Bottas,mercedes,Mercedes,6,20,R,0.0,Damage,48,15,1:27.246,3.0,1:22.016,1:21.991,1:21.478,1.0,36.341,33.0,2.0,"HARD,MEDIUM",26.41513157894737,30.60328947368421,75.54013157894737,True
2021,21,Saudi Arabian Grand Prix,jeddah,Jeddah Corniche Circuit,2021-12-05,hamilton,HAM,Lewis Hamilton,mercedes,Mercedes,1,1,1,26.0,Finished,50,1,1:30.734,1.0,1:28.466,1:27.712,1:27.511,3.0,20.58,10.0,2.0,"HARD,MEDIUM",28.816062176165804,31.68497409326425,76.20310880829015,False
2021,21,Saudi Arabian Grand Prix,jeddah,Jeddah Corniche Circuit,2021-12-05,max_verstappen,VER,Max Verstappen,red_bull,Red Bull,3,2,2,18.0,Finished,50,3,1:31.488,3.0,1:28.285,1:27.953,1:27.653,2.0,,13.0,2.0,"HARD,MEDIUM",28.816062176165804,31.68497409326425,76.20310880829015,False
2021,21,Saudi Arabian Grand Prix,jeddah,Jeddah Corniche Circuit,2021-12-05,bottas,BOT,Valtteri Bottas,mercedes,Mercedes,2,3,3,15.0,Finished,50,2,1:31.408,2.0,1:28.057,1:28.054,1:27.622,3.0,21.668,10.0,2.0,"HARD,MEDIUM",28.816062176165804,31.68497409326425,76.20310880829015,False
2021,21,Saudi Arabian Grand Prix,jeddah,Jeddah Corniche Circuit,2021-12-05,ocon,OCO,Esteban Ocon,alpine,Alpine F1 Team,9,4,4,12.0,Finished,50,6,1:31.797,9.0,1:28.752,1:28.574,1:28.647,2.0,,13.0,2.0,"HARD,MEDIUM",28.816062176165804,31.68497409326425,76.20310880829015,False
2021,21,Saudi Arabian Grand Prix,jeddah,Jeddah Corniche Circuit,2021-12-05,ricciardo,RIC,Daniel Ricciardo,mclaren,McLaren,11,5,5,10.0,Finished,50,11,1:32.716,11.0,1:28.216,1:28.668,,2.0,,13.0,2.0,"HARD,MEDIUM",28.816062176165804,31.68497409326425,76.20310880829015,False
2021,21,Saudi Arabian Grand Prix,jeddah,Jeddah Corniche Circuit,2021-12-05,gasly,GAS,Pierre Gasly,alphatauri,AlphaTauri,6,6,6,8.0,Finished,50,9,1:32.297,6.0,1:28.401,1:28.314,1:28.125,2.0,,13.0,2.0,"HARD,MEDIUM",28.816062176165804,31.68497409326425,76.20310880829015,False
2021,21,Saudi Arabian Grand Prix,jeddah,Jeddah Corniche Circuit,2021-12-05,leclerc,LEC,Charles Leclerc,ferrari,Ferrari,4,7,7,6.0,Finished,50,4,1:31.601,4.0,1:28.310,1:28.459,1:28.054,3.0,20.531,10.0,2.0,"HARD,MEDIUM",28.816062176165804,31.68497409326425,76.20310880829015,False
2021,21,Saudi Arabian Grand Prix,jeddah,Jeddah Corniche Circuit,2021-12-05,sainz,SAI,Carlos Sainz,ferrari,Ferrari,15,8,8,4.0,Finished,50,7,1:31.851,15.0,1:28.237,1:53.652,,2.0,,13.0,2.0,"HARD,MEDIUM",28.816062176165804,31.68497409326425,76.20310880829015,False
2021,21,Saudi Arabian Grand Prix,jeddah,Jeddah Corniche Circuit,2021-12-05,giovinazzi,GIO,Antonio Giovinazzi,alfa,Alfa Romeo,10,9,9,2.0,Finished,50,15,1:32.865,10.0,1:28.899,1:28.616,1:28.754,2.0,,13.0,2.0,"HARD,MEDIUM",28.816062176165804,31.68497409326425,76.20310880829015,False
2021,21,Saudi Arabian Grand Prix,jeddah,Jeddah Corniche Circuit,2021-12-05,norris,NOR,Lando Norris,mclaren,McLaren,7,10,10,1.0,Finished,50,8,1:31.914,7.0,1:28.338,1:28.344,1:28.180,3.0,20.973,10.0,2.0,"HARD,SOFT",28.816062176165804,31.68497409326425,76.20310880829015,False
2021,21,Saudi Arabian Grand Prix,jeddah,Jeddah Corniche Circuit,2021-12-05,stroll,STR,Lance Stroll,aston_martin,Aston Martin,18,11,11,0.0,Finished,50,14,1:32.804,18.0,1:29.368,,,3.0,27.165,9.0,2.0,"HARD,MEDIUM",28.816062176165804,31.68497409326425,76.20310880829015,False
2021,21,Saudi Arabian Grand Prix,jeddah,Jeddah Corniche Circuit,2021-12-05,latifi,LAT,Nicholas Latifi,williams,Williams,16,12,12,0.0,Finished,50,12,1:32.751,16.0,1:29.177,,,3.0,24.22,10.0,2.0,"HARD,MEDIUM",28.816062176165804,31.68497409326425,76.20310880829015,False
2021,21,Saudi Arabian Grand Prix,jeddah,Jeddah Corniche Circuit,2021-12-05,alonso,ALO,Fernando Alonso,alpine,Alpine F1 Team,13,13,13,0.0,+1 Lap,49,5,1:31.633,13.0,1:28.944,1:28.920,,4.0,20.751,10.0,3.0,"HARD,MEDIUM,SOFT",28.816062176165804,31.68497409326425,76.20310880829015,False
2021,21,Saudi Arabian Grand Prix,jeddah,Jeddah Corniche Circuit,2021-12-05,tsunoda,TSU,Yuki Tsunoda,alphatauri,AlphaTauri,8,14,14,0.0,+1 Lap,49,10,1:32.506,8.0,1:28.503,1:28.222,1:28.442,3.0,27.874,13.0,2.0,"HARD,MEDIUM",28.816062176165804,31.68497409326425,76.20310880829015,False
2021,21,Saudi Arabian Grand Prix,jeddah,Jeddah Corniche Circuit,2021-12-05,raikkonen,RAI,Kimi Räikkönen,alfa,Alfa Romeo,12,15,15,0.0,+1 Lap,49,13,1:32.778,12.0,1:28.856,1:28.885,,3.0,34.489,13.0,2.0,"HARD,MEDIUM",28.816062176165804,31.68497409326425,76.20310880829015,False
2021,21,Saudi Arabian Grand Prix,jeddah,Jeddah Corniche Circuit,2021-12-05,vettel,VET,Sebastian Vettel,aston_martin,Aston Martin,17,16,R,0.0,Collision damage,44,16,1:34.030,17.0,1:29.198,,,2.0,,13.0,2.0,"HARD,MEDIUM",28.816062176165804,31.68497409326425,76.20310880829015,False
2021,21,Saudi Arabian Grand Prix,jeddah,Jeddah Corniche Circuit,2021-12-05,perez,PER,Sergio Pérez,red_bull,Red Bull,5,17,R,0.0,Collision,14,17,1:34.138,5.0,1:28.021,1:27.946,1:28.123,2.0,20.71,10.0,2.0,"HARD,MEDIUM",28.816062176165804,31.68497409326425,76.20310880829015,False
2021,21,Saudi Arabian Grand Prix,jeddah,Jeddah Corniche Circuit,2021-12-05,mazepin,MAZ,Nikita Mazepin,haas,Haas F1 Team,20,18,R,0.0,Collision,14,20,1:37.043,20.0,1:30.473,,,1.0,,13.0,2.0,"HARD,MEDIUM",28.816062176165804,31.68497409326425,76.20310880829015,False
2021,21,Saudi Arabian Grand Prix,jeddah,Jeddah Corniche Circuit,2021-12-05,russell,RUS,George Russell,williams,Williams,14,19,R,0.0,Collision,14,19,1:36.130,14.0,1:28.926,1:29.054,,2.0,20.519,9.0,2.0,"HARD,MEDIUM",28.816062176165804,31.68497409326425,76.20310880829015,False
2021,21,Saudi Arabian Grand Prix,jeddah,Jeddah Corniche Circuit,2021-12-05,mick_schumacher,MSC,Mick Schumacher,haas,Haas F1 Team,19,20,R,0.0,Accident,8,18,1:36.043,19.0,1:29.464,,,,,,1.0,MEDIUM,28.816062176165804,31.68497409326425,76.20310880829015,False
2021,22,Abu Dhabi Grand Prix,yas_marina,Yas Marina Circuit,2021-12-12,max_verstappen,VER,Max Verstappen,red_bull,Red Bull,1,1,1,26.0,Finished,58,1,1:26.103,1.0,1:23.322,1:22.800,1:22.109,3.0,21.492,13.0,2.0,"HARD,SOFT",24.519108280254777,28.465605095541402,59.05477707006369,False
2021,22,Abu Dhabi Grand Prix,yas_marina,Yas Marina Circuit,2021-12-12,hamilton,HAM,Lewis Hamilton,mercedes,Mercedes,2,2,2,18.0,Finished,58,3,1:26.615,2.0,1:22.845,1:23.145,1:22.480,1.0,21.595,14.0,2.0,"HARD,MEDIUM",24.519108280254777,28.465605095541402,59.05477707006369,False
2021,22,Abu Dhabi Grand Prix,yas_marina,Yas Marina Circuit,2021-12-12,sainz,SAI,Carlos Sainz,ferrari,Ferrari,5,3,3,15.0,Finished,58,9,1:27.618,5.0,1:23.624,1:23.174,1:22.992,1.0,22.213,19.0,2.0,"HARD,SOFT",24.519108280254777,28.465605095541402,59.05477707006369,False
2021,22,Abu Dhabi Grand Prix,yas_marina,Yas Marina Circuit,2021-12-12,tsunoda,TSU,Yuki Tsunoda,alphatauri,AlphaTauri,8,4,4,12.0,Finished,58,7,1:27.496,8.0,1:23.428,1:23.404,1:23.220,2.0,22.182,23.0,3.0,"HARD,MEDIUM,SOFT",24.519108280254777,28.465605095541402,59.05477707006369,False
2021,22,Abu Dhabi Grand Prix,yas_marina,Yas Marina Circuit,2021-12-12,gasly,GAS,Pierre Gasly,alphatauri,AlphaTauri,12,5,5,10.0,Finished,58,6,1:27.342,12.0,1:23.489,1:24.043,,2.0,22.0265,36.0,3.0,"HARD,MEDIUM,SOFT",24.519108280254777,28.465605095541402,59.05477707006369,False
2021,22,Abu Dhabi Grand Prix,yas_marina,Yas Marina Circuit,2021-12-12,bottas,BOT,Valtteri Bottas,mercedes,Mercedes,6,6,6,8.0,Finished,58,5,1:26.862,6.0,1:23.117,1:23.246,1:23.036,1.0,21.669,30.0,2.0,"HARD,MEDIUM",24.519108280254777,28.465605095541402,59.05477707006369,False
2021,22,Abu Dhabi Grand Prix,yas_marina,Yas Marina Circuit,2021-12-12,norris,NOR,Lando Norris,mclaren,McLaren,3,7,7,6.0,Finished,58,4,1:26.762,3.0,1:23.553,1:23.256,1:22.931,2.0,21.7765,17.0,3.0,"HARD,MEDIUM,SOFT",24.519108280254777,28.465605095541402,59.05477707006369,False
2021,22,Abu Dhabi Grand Prix,yas_marina,Yas Marina Circuit,2021-12-12,alonso,ALO,Fernando Alonso,alpine,Alpine F1 Team,11,8,8,4.0,Finished,58,8,1:27.607,11.0,1:23.846,1:23.460,,1.0,21.304,36.0,2.0,"HARD,MEDIUM",24.519108280254777,28.465605095541402,59.05477707006369,False
2021,22,Abu Dhabi Grand Prix,yas_marina,Yas Marina Circuit,2021-12-12,ocon,OCO,Esteban Ocon,alpine,Alpine F1 Team,9,9,9,2.0,Finished,58,10,1:28.249,9.0,1:23.764,1:23.420,1:23.389,1.0,21.677,15.0,2.0,"HARD,SOFT",24.519108280254777,28.465605095541402,59.05477707006369,False
2021,22,Abu Dhabi Grand Prix,yas_marina,Yas Marina Circuit,2021-12-12,leclerc,LEC,Charles Leclerc,ferrari,Ferrari,7,10,10,1.0,Finished,58,12,1:28.433,7.0,1:23.467,1:23.202,1:23.122,2.0,21.817,15.0,3.0,"HARD,MEDIUM,SOFT",24.519108280254777,28.465605095541402,59.05477707006369,False
2021,22,Abu Dhabi Grand Prix,yas_marina,Yas Marina Circuit,2021-12-12,vettel,VET,Sebastian Vettel,aston_martin,Aston Martin,15,11,11,0.0,Finished,58,11,1:28.303,15.0,1:24.225,1:24.305,,1.0,21.221,23.0,2.0,"HARD,MEDIUM",24.519108280254777,28.465605095541402,59.05477707006369,False
2021,22,Abu Dhabi Grand Prix,yas_marina,Yas Marina Circuit,2021-12-12,ricciardo,RIC,Daniel Ricciardo,mclaren,McLaren,10,12,12,0.0,+1 Lap,57,14,1:28.723,10.0,1:23.829,1:23.448,1:23.409,2.0,21.7525,18.0,2.0,"HARD,SOFT",24.519108280254777,28.465605095541402,59.05477707006369,False
2021,22,Abu Dhabi Grand Prix,yas_marina,Yas Marina Circuit,2021-12-12,stroll,STR,Lance Stroll,aston_martin,Aston Martin,13,13,13,0.0,+1 Lap,57,13,1:28.567,13.0,1:24.061,1:24.066,,2.0,22.4745,21.0,3.0,"HARD,MEDIUM,SOFT",24.519108280254777,28.465605095541402,59.05477707006369,False
2021,22,Abu Dhabi Grand Prix,yas_marina,Yas Marina Circuit,2021-12-12,mick_schumacher,MSC,Mick Schumacher,haas,Haas F1 Team,19,14,14,0.0,+1 Lap,57,17,1:29.457,19.0,1:24.906,,,2.0,22.097,10.0,2.0,"HARD,SOFT",24.519108280254777,28.465605095541402,59.05477707006369,False
2021,22,Abu Dhabi Grand Prix,yas_marina,Yas Marina Circuit,2021-12-12,perez,PER,Sergio Pérez,red_bull,Red Bull,4,15,15,0.0,Engine,55,2,1:26.419,4.0,1:23.350,1:23.135,1:22.947,3.0,21.423000000000002,21.0,2.0,"HARD,SOFT",24.519108280254777,28.465605095541402,59.05477707006369,False
2021,22,Abu Dhabi Grand Prix,yas_marina,Yas Marina Circuit,2021-12-12,latifi,LAT,Nicholas Latifi,williams,Williams,16,16,R,0.0,Accident,50,15,1:29.293,16.0,1:24.338,,,1.0,21.241,28.0,2.0,"HARD,MEDIUM",24.519108280254777,28.465605095541402,59.05477707006369,False
2021,22,Abu Dhabi Grand Prix,yas_marina,Yas Marina Circuit,2021-12-12,giovinazzi,GIO,Antonio Giovinazzi,alfa,Alfa Romeo,14,17,R,0.0,Gearbox,33,16,1:29.442,14.0,1:24.118,1:24.251,,1.0,22.283,17.0,2.0,"HARD,MEDIUM",24.519108280254777,28.465605095541402,59.05477707006369,False
2021,22,Abu Dhabi Grand Prix,yas_marina,Yas Marina Circuit,2021-12-12,russell,RUS,George Russell,williams,Williams,17,18,R,0.0,Gearbox,26,19,1:30.647,17.0,1:24.423,,,,,,1.0,MEDIUM,24.519108280254777,28.465605095541402,59.05477707006369,False
2021,22,Abu Dhabi Grand Prix,yas_marina,Yas Marina Circuit,2021-12-12,raikkonen,RAI,Kimi Räikkönen,alfa,Alfa Romeo,18,19,R,0.0,Brakes,25,18,1:29.698,18.0,1:24.779,,,1.0,22.338,21.0,2.0,"HARD,MEDIUM",24.519108280254777,28.465605095541402,59.05477707006369,False
2021,22,Abu Dhabi Grand Prix,yas_marina,Yas Marina Circuit,2021-12-12,mazepin,MAZ,Nikita Mazepin,haas,Haas F1 Team,20,20,W,0.0,Illness,0,,,20.0,1:25.685,,,,,,,,24.519108280254777,28.465605095541402,59.05477707006369,False
2022,1,Bahrain Grand Prix,bahrain,Bahrain International Circuit,2022-03-20,leclerc,LEC,Charles Leclerc,ferrari,Ferrari,1,1,1,26.0,Finished,57,1,1:34.570,1.0,1:31.471,1:30.932,1:30.558,3.0,24.717333333333332,15.0,2.0,"MEDIUM,SOFT",23.617791411042944,28.61042944785276,29.49079754601227,False
2022,1,Bahrain Grand Prix,bahrain,Bahrain International Circuit,2022-03-20,sainz,SAI,Carlos Sainz,ferrari,Ferrari,3,2,2,18.0,Finished,57,3,1:35.740,3.0,1:31.567,1:30.787,1:30.687,3.0,24.463666666666665,14.0,2.0,"MEDIUM,SOFT",23.617791411042944,28.61042944785276,29.49079754601227,False
2022,1,Bahrain Grand Prix,bahrain,Bahrain International Circuit,2022-03-20,hamilton,HAM,Lewis Hamilton,mercedes,Mercedes,5,3,3,15.0,Finished,57,5,1:36.228,5.0,1:32.285,1:31.048,1:31.238,3.0,25.525333333333332,11.0,3.0,"HARD,MEDIUM,SOFT",23.617791411042944,28.61042944785276,29.49079754601227,False
2022,1,Bahrain Grand Prix,bahrain,Bahrain International Circuit,2022-03-20,russell,RUS,George Russell,mercedes,Mercedes,9,4,4,12.0,Finished,57,6,1:36.302,9.0,1:32.269,1:31.252,1:32.216,3.0,25.59866666666667,15.0,3.0,"HARD,MEDIUM,SOFT",23.617791411042944,28.61042944785276,29.49079754601227,False
2022,1,Bahrain Grand Prix,bahrain,Bahrain International Circuit,2022-03-20,kevin_magnussen,MAG,Kevin Magnussen,haas,Haas F1 Team,7,5,5,10.0,Finished,57,8,1:36.623,7.0,1:31.955,1:31.461,1:31.808,3.0,25.801666666666666,14.0,2.0,"MEDIUM,SOFT",23.617791411042944,28.61042944785276,29.49079754601227,False
2022,1,Bahrain Grand Prix,bahrain,Bahrain International Circuit,2022-03-20,bottas,BOT,Valtteri Bottas,alfa,Alfa Romeo,6,6,6,8.0,Finished,57,7,1:36.599,6.0,1:31.919,1:31.717,1:31.560,3.0,25.412333333333333,14.0,2.0,"MEDIUM,SOFT",23.617791411042944,28.61042944785276,29.49079754601227,False
2022,1,Bahrain Grand Prix,bahrain,Bahrain International Circuit,2022-03-20,ocon,OCO,Esteban Ocon,alpine,Alpine F1 Team,11,7,7,6.0,Finished,57,14,1:37.110,11.0,1:32.041,1:31.782,,3.0,26.703333333333333,14.0,3.0,"HARD,MEDIUM,SOFT",23.617791411042944,28.61042944785276,29.49079754601227,False
2022,1,Bahrain Grand Prix,bahrain,Bahrain International Circuit,2022-03-20,tsunoda,TSU,Yuki Tsunoda,alphatauri,AlphaTauri,16,8,8,4.0,Finished,57,13,1:37.104,16.0,1:32.750,,,3.0,24.877666666666666,15.0,2.0,"MEDIUM,SOFT",23.617791411042944,28.61042944785276,29.49079754601227,False
2022,1,Bahrain Grand Prix,bahrain,Bahrain International Circuit,2022-03-20,alonso,ALO,Fernando Alonso,alpine,Alpine F1 Team,8,9,9,2.0,Finished,57,10,1:36.733,8.0,1:32.346,1:31.621,1:32.195,3.0,24.927333333333333,11.0,3.0,"HARD,MEDIUM,SOFT",23.617791411042944,28.61042944785276,29.49079754601227,False
2022,1,Bahrain Grand Prix,bahrain,Bahrain International Circuit,2022-03-20,zhou,ZHO,Guanyu Zhou,alfa,Alfa Romeo,15,10,10,1.0,Finished,57,9,1:36.685,15.0,1:32.493,1:33.543,,3.0,26.455333333333332,15.0,2.0,"MEDIUM,SOFT",23.617791411042944,28.61042944785276,29.49079754601227,False
2022,1,Bahrain Grand Prix,bahrain,Bahrain International Circuit,2022-03-20,mick_schumacher,MSC,Mick Schumacher,haas,Haas F1 Team,12,11,11,0.0,Finished,57,11,1:36.956,12.0,1:32.380,1:31.998,,2.0,25.4,12.0,2.0,"MEDIUM,SOFT",23.617791411042944,28.61042944785276,29.49079754601227,False
2022,1,Bahrain Grand Prix,bahrain,Bahrain International Circuit,2022-03-20,stroll,STR,Lance Stroll,aston_martin,Aston Martin,19,12,12,0.0,Finished,57,15,1:37.146,19.0,1:33.032,,,3.0,25.911666666666665,18.0,2.0,"MEDIUM,SOFT",23.617791411042944,28.61042944785276,29.49079754601227,False
2022,1,Bahrain Grand Prix,bahrain,Bahrain International Circuit,2022-03-20,albon,ALB,Alexander Albon,williams,Williams,14,13,13,0.0,Finished,57,18,1:37.355,14.0,1:32.726,1:32.664,,3.0,25.16633333333333,13.0,2.0,"MEDIUM,SOFT",23.617791411042944,28.61042944785276,29.49079754601227,False
2022,1,Bahrain Grand Prix,bahrain,Bahrain International Circuit,2022-03-20,ricciardo,RIC,Daniel Ricciardo,mclaren,McLaren,18,14,14,0.0,Finished,57,16,1:37.261,18.0,1:32.945,,,3.0,24.979666666666663,17.0,3.0,"HARD,MEDIUM,SOFT",23.617791411042944,28.61042944785276,29.49079754601227,False
2022,1,Bahrain Grand Prix,bahrain,Bahrain International Circuit,2022-03-20,norris,NOR,Lando Norris,mclaren,McLaren,13,15,15,0.0,Finished,57,12,1:36.988,13.0,1:32.239,1:32.008,,3.0,25.636666666666667,24.0,3.0,"HARD,MEDIUM,SOFT",23.617791411042944,28.61042944785276,29.49079754601227,False
2022,1,Bahrain Grand Prix,bahrain,Bahrain International Circuit,2022-03-20,latifi,LAT,Nicholas Latifi,williams,Williams,20,16,16,0.0,Finished,57,20,1:38.251,20.0,1:33.634,,,3.0,24.631,14.0,2.0,"MEDIUM,SOFT",23.617791411042944,28.61042944785276,29.49079754601227,False
2022,1,Bahrain Grand Prix,bahrain,Bahrain International Circuit,2022-03-20,hulkenberg,HUL,Nico Hülkenberg,aston_martin,Aston Martin,17,17,17,0.0,Finished,57,19,1:38.201,17.0,1:32.777,,,3.0,26.608333333333334,19.0,2.0,"MEDIUM,SOFT",23.617791411042944,28.61042944785276,29.49079754601227,False
2022,1,Bahrain Grand Prix,bahrain,Bahrain International Circuit,2022-03-20,perez,PER,Sergio Pérez,red_bull,Red Bull,4,18,18,0.0,Fuel pressure,56,4,1:36.089,4.0,1:32.311,1:31.008,1:30.921,3.0,24.721999999999998,15.0,2.0,"MEDIUM,SOFT",23.617791411042944,28.61042944785276,29.49079754601227,False
2022,1,Bahrain Grand Prix,bahrain,Bahrain International Circuit,2022-03-20,max_verstappen,VER,Max Verstappen,red_bull,Red Bull,2,19,19,0.0,Fuel pressure,54,2,1:35.440,2.0,1:31.785,1:30.757,1:30.681,3.0,24.745333333333335,14.0,2.0,"MEDIUM,SOFT",23.617791411042944,28.61042944785276,29.49079754601227,False
2022,1,Bahrain Grand Prix,bahrain,Bahrain International Circuit,2022-03-20,gasly,GAS,Pierre Gasly,alphatauri,AlphaTauri,10,20,R,0.0,Power Unit,44,17,1:37.324,10.0,1:32.096,1:31.635,1:32.338,2.0,25.225,14.0,3.0,"HARD,MEDIUM,SOFT",23.617791411042944,28.61042944785276,29.49079754601227,False
2022,2,Saudi Arabian Grand Prix,jeddah,Jeddah Corniche Circuit,2022-03-27,max_verstappen,VER,Max Verstappen,red_bull,Red Bull,4,1,1,25.0,Finished,50,2,1:31.772,4.0,1:28.928,1:28.945,1:28.461,1.0,20.731,16.0,2.0,"HARD,MEDIUM",25.42039473684211,28.40921052631579,59.66447368421053,False
2022,2,Saudi Arabian Grand Prix,jeddah,Jeddah Corniche Circuit,2022-03-27,leclerc,LEC,Charles Leclerc,ferrari,Ferrari,2,2,2,19.0,Finished,50,1,1:31.634,2.0,1:29.039,1:28.780,1:28.225,1.0,21.038,16.0,2.0,"HARD,MEDIUM",25.42039473684211,28.40921052631579,59.66447368421053,False
2022,2,Saudi Arabian Grand Prix,jeddah,Jeddah Corniche Circuit,2022-03-27,sainz,SAI,Carlos Sainz,ferrari,Ferrari,3,3,3,15.0,Finished,50,3,1:31.905,3.0,1:28.855,1:28.686,1:28.402,1.0,21.521,16.0,2.0,"HARD,MEDIUM",25.42039473684211,28.40921052631579,59.66447368421053,False
2022,2,Saudi Arabian Grand Prix,jeddah,Jeddah Corniche Circuit,2022-03-27,perez,PER,Sergio Pérez,red_bull,Red Bull,1,4,4,12.0,Finished,50,4,1:32.042,1.0,1:29.705,1:28.924,1:28.200,1.0,20.481,15.0,2.0,"HARD,MEDIUM",25.42039473684211,28.40921052631579,59.66447368421053,False
2022,2,Saudi Arabian Grand Prix,jeddah,Jeddah Corniche Circuit,2022-03-27,russell,RUS,George Russell,mercedes,Mercedes,6,5,5,10.0,Finished,50,7,1:32.821,6.0,1:29.680,1:29.618,1:29.104,1.0,21.415,16.0,2.0,"HARD,MEDIUM",25.42039473684211,28.40921052631579,59.66447368421053,False
2022,2,Saudi Arabian Grand Prix,jeddah,Jeddah Corniche Circuit,2022-03-27,ocon,OCO,Esteban Ocon,alpine,Alpine F1 Team,5,6,6,8.0,Finished,50,9,1:33.103,5.0,1:30.093,1:29.584,1:29.068,1.0,21.141,16.0,2.0,"HARD,MEDIUM",25.42039473684211,28.40921052631579,59.66447368421053,False
2022,2,Saudi Arabian Grand Prix,jeddah,Jeddah Corniche Circuit,2022-03-27,norris,NOR,Lando Norris,mclaren,McLaren,11,7,7,6.0,Finished,50,5,1:32.753,11.0,1:29.957,1:29.651,,1.0,20.383,16.0,2.0,"HARD,MEDIUM",25.42039473684211,28.40921052631579,59.66447368421053,False
2022,2,Saudi Arabian Grand Prix,jeddah,Jeddah Corniche Circuit,2022-03-27,gasly,GAS,Pierre Gasly,alphatauri,AlphaTauri,9,8,8,4.0,Finished,50,10,1:33.468,9.0,1:29.891,1:29.418,1:29.254,1.0,22.82,15.0,2.0,"HARD,MEDIUM",25.42039473684211,28.40921052631579,59.66447368421053,False
2022,2,Saudi Arabian Grand Prix,jeddah,Jeddah Corniche Circuit,2022-03-27,kevin_magnussen,MAG,Kevin Magnussen,haas,Haas F1 Team,10,9,9,2.0,Finished,50,6,1:32.779,10.0,1:29.831,1:29.546,1:29.588,1.0,22.374,37.0,2.0,"HARD,MEDIUM",25.42039473684211,28.40921052631579,59.66447368421053,False
2022,2,Saudi Arabian Grand Prix,jeddah,Jeddah Corniche Circuit,2022-03-27,hamilton,HAM,Lewis Hamilton,mercedes,Mercedes,15,10,10,1.0,Finished,50,8,1:32.997,16.0,1:30.343,,,1.0,21.788,40.0,2.0,"HARD,MEDIUM",25.42039473684211,28.40921052631579,59.66447368421053,False
2022,2,Saudi Arabian Grand Prix,jeddah,Jeddah Corniche Circuit,2022-03-27,zhou,ZHO,Guanyu Zhou,alfa,Alfa Romeo,12,11,11,0.0,Finished,50,13,1:33.924,13.0,1:29.978,1:29.819,,2.0,24.4185,16.0,2.0,"HARD,MEDIUM",25.42039473684211,28.40921052631579,59.66447368421053,False
2022,2,Saudi Arabian Grand Prix,jeddah,Jeddah Corniche Circuit,2022-03-27,hulkenberg,HUL,Nico Hülkenberg,aston_martin,Aston Martin,17,12,12,0.0,Finished,50,11,1:33.651,18.0,1:30.543,,,1.0,21.425,37.0,2.0,"HARD,MEDIUM",25.42039473684211,28.40921052631579,59.66447368421053,False
2022,2,Saudi Arabian Grand Prix,jeddah,Jeddah Corniche Circuit,2022-03-27,stroll,STR,Lance Stroll,aston_martin,Aston Martin,13,13,13,0.0,+1 Lap,49,16,1:34.446,15.0,1:30.256,1:31.009,,1.0,22.339,13.0,2.0,"HARD,MEDIUM",25.42039473684211,28.40921052631579,59.66447368421053,False
2022,2,Saudi Arabian Grand Prix,jeddah,Jeddah Corniche Circuit,2022-03-27,albon,ALB,Alexander Albon,williams,Williams,16,14,14,0.0,Collision damage,47,15,1:34.368,17.0,1:30.492,,,1.0,20.683,13.0,2.0,"HARD,MEDIUM",25.42039473684211,28.40921052631579,59.66447368421053,False
2022,2,Saudi Arabian Grand Prix,jeddah,Jeddah Corniche Circuit,2022-03-27,bottas,BOT,Valtteri Bottas,alfa,Alfa Romeo,8,15,R,0.0,Cooling system,36,14,1:33.979,8.0,1:29.683,1:29.404,1:29.183,2.0,22.6355,16.0,2.0,"HARD,MEDIUM",25.42039473684211,28.40921052631579,59.66447368421053,False
2022,2,Saudi Arabian Grand Prix,jeddah,Jeddah Corniche Circuit,2022-03-27,alonso,ALO,Fernando Alonso,alpine,Alpine F1 Team,7,16,R,0.0,Water pump,35,12,1:33.831,7.0,1:29.978,1:29.295,1:29.147,1.0,21.543,16.0,2.0,"HARD,MEDIUM",25.42039473684211,28.40921052631579,59.66447368421053,False
2022,2,Saudi Arabian Grand Prix,jeddah,Jeddah Corniche Circuit,2022-03-27,ricciardo,RIC,Daniel Ricciardo,mclaren,McLaren,14,17,R,0.0,Gearbox,35,17,1:34.487,12.0,1:30.009,1:29.773,,1.0,20.65,8.0,2.0,"HARD,MEDIUM",25.42039473684211,28.40921052631579,59.66447368421053,False
2022,2,Saudi Arabian Grand Prix,jeddah,Jeddah Corniche Circuit,2022-03-27,latifi,LAT,Nicholas Latifi,williams,Williams,18,18,R,0.0,Accident,14,18,1:37.530,19.0,1:31.817,,,,,,1.0,MEDIUM,25.42039473684211,28.40921052631579,59.66447368421053,False
2022,2,Saudi Arabian Grand Prix,jeddah,Jeddah Corniche Circuit,2022-03-27,tsunoda,TSU,Yuki Tsunoda,alphatauri,AlphaTauri,19,19,R,0.0,Power Unit,0,,,20.0,,,,,,,,,25.42039473684211,28.40921052631579,59.66447368421053,False
2022,2,Saudi Arabian Grand Prix,jeddah,Jeddah Corniche Circuit,2022-03-27,mick_schumacher,MSC,Mick Schumacher,haas,Haas F1 Team,0,20,W,0.0,Withdrew,0,,,14.0,1:30.167,1:29.920,,,,,,,25.42039473684211,28.40921052631579,59.66447368421053,False
2022,3,Australian Grand Prix,albert_park,Albert Park Grand Prix Circuit,2022-04-10,leclerc,LEC,Charles Leclerc,ferrari,Ferrari,1,1,1,26.0,Finished,58,1,1:20.260,1.0,1:18.881,1:18.606,1:17.868,1.0,17.973,22.0,2.0,"HARD,MEDIUM",26.69743589743589,37.40833333333334,43.65384615384615,False
2022,3,Australian Grand Prix,albert_park,Albert Park Grand Prix Circuit,2022-04-10,perez,PER,Sergio Pérez,red_bull,Red Bull,3,2,2,18.0,Finished,58,3,1:21.094,3.0,1:18.834,1:18.340,1:18.240,1.0,17.434,20.0,2.0,"HARD,MEDIUM",26.69743589743589,37.40833333333334,43.65384615384615,False
2022,3,Australian Grand Prix,albert_park,Albert Park Grand Prix Circuit,2022-04-10,russell,RUS,George Russell,mercedes,Mercedes,6,3,3,15.0,Finished,58,4,1:21.495,6.0,1:19.405,1:19.076,1:18.933,1.0,18.479,23.0,2.0,"HARD,MEDIUM",26.69743589743589,37.40833333333334,43.65384615384615,False
2022,3,Australian Grand Prix,albert_park,Albert Park Grand Prix Circuit,2022-04-10,hamilton,HAM,Lewis Hamilton,mercedes,Mercedes,5,4,4,12.0,Finished,58,7,1:21.886,5.0,1:19.401,1:19.106,1:18.825,1.0,17.877,22.0,2.0,"HARD,MEDIUM",26.69743589743589,37.40833333333334,43.65384615384615,False
2022,3,Australian Grand Prix,albert_park,Albert Park Grand Prix Circuit,2022-04-10,norris,NOR,Lando Norris,mclaren,McLaren,4,5,5,10.0,Finished,58,8,1:22.248,4.0,1:19.280,1:19.066,1:18.703,1.0,17.556,20.0,2.0,"HARD,MEDIUM",26.69743589743589,37.40833333333334,43.65384615384615,False
2022,3,Australian Grand Prix,albert_park,Albert Park Grand Prix Circuit,2022-04-10,ricciardo,RIC,Daniel Ricciardo,mclaren,McLaren,7,6,6,8.0,Finished,58,9,1:22.451,7.0,1:19.665,1:19.130,1:19.032,1.0,18.15,21.0,2.0,"HARD,MEDIUM",26.69743589743589,37.40833333333334,43.65384615384615,False
2022,3,Australian Grand Prix,albert_park,Albert Park Grand Prix Circuit,2022-04-10,ocon,OCO,Esteban Ocon,alpine,Alpine F1 Team,8,7,7,6.0,Finished,58,10,1:22.469,8.0,1:19.605,1:19.136,1:19.061,1.0,19.128,17.0,2.0,"HARD,MEDIUM",26.69743589743589,37.40833333333334,43.65384615384615,False
2022,3,Australian Grand Prix,albert_park,Albert Park Grand Prix Circuit,2022-04-10,bottas,BOT,Valtteri Bottas,alfa,Alfa Romeo,12,8,8,4.0,Finished,58,5,1:21.651,12.0,1:19.251,1:19.410,,1.0,18.413,22.0,2.0,"HARD,MEDIUM",26.69743589743589,37.40833333333334,43.65384615384615,False
2022,3,Australian Grand Prix,albert_park,Albert Park Grand Prix Circuit,2022-04-10,gasly,GAS,Pierre Gasly,alphatauri,AlphaTauri,11,9,9,2.0,Finished,58,13,1:22.731,11.0,1:19.580,1:19.226,,1.0,18.926,21.0,2.0,"HARD,MEDIUM",26.69743589743589,37.40833333333334,43.65384615384615,False
2022,3,Australian Grand Prix,albert_park,Albert Park Grand Prix Circuit,2022-04-10,albon,ALB,Alexander Albon,williams,Williams,20,10,10,1.0,Finished,58,12,1:22.589,16.0,1:20.135,,,1.0,19.845,57.0,2.0,"HARD,SOFT",26.69743589743589,37.40833333333334,43.65384615384615,False
2022,3,Australian Grand Prix,albert_park,Albert Park Grand Prix Circuit,2022-04-10,zhou,ZHO,Guanyu Zhou,alfa,Alfa Romeo,14,11,11,0.0,Finished,58,11,1:22.541,14.0,1:19.910,1:20.155,,1.0,18.38,21.0,2.0,"HARD,MEDIUM",26.69743589743589,37.40833333333334,43.65384615384615,False
2022,3,Australian Grand Prix,albert_park,Albert Park Grand Prix Circuit,2022-04-10,stroll,STR,Lance Stroll,aston_martin,Aston Martin,19,12,12,0.0,Finished,58,17,1:23.592,20.0,,,,3.0,19.068,3.0,2.0,"HARD,MEDIUM",26.69743589743589,37.40833333333334,43.65384615384615,False
2022,3,Australian Grand Prix,albert_park,Albert Park Grand Prix Circuit,2022-04-10,mick_schumacher,MSC,Mick Schumacher,haas,Haas F1 Team,15,13,13,0.0,+1 Lap,57,14,1:23.006,15.0,1:20.104,1:20.465,,1.0,19.039,14.0,2.0,"HARD,MEDIUM",26.69743589743589,37.40833333333334,43.65384615384615,False
2022,3,Australian Grand Prix,albert_park,Albert Park Grand Prix Circuit,2022-04-10,kevin_magnussen,MAG,Kevin Magnussen,haas,Haas F1 Team,16,14,14,0.0,+1 Lap,57,15,1:23.071,17.0,1:20.254,,,1.0,19.111,39.0,2.0,"HARD,MEDIUM",26.69743589743589,37.40833333333334,43.65384615384615,False
2022,3,Australian Grand Prix,albert_park,Albert Park Grand Prix Circuit,2022-04-10,tsunoda,TSU,Yuki Tsunoda,alphatauri,AlphaTauri,13,15,15,0.0,+1 Lap,57,16,1:23.342,13.0,1:19.742,1:19.424,,1.0,18.443,18.0,2.0,"HARD,MEDIUM",26.69743589743589,37.40833333333334,43.65384615384615,False
2022,3,Australian Grand Prix,albert_park,Albert Park Grand Prix Circuit,2022-04-10,latifi,LAT,Nicholas Latifi,williams,Williams,18,16,16,0.0,+1 Lap,57,18,1:23.882,19.0,1:21.372,,,2.0,18.244,13.0,2.0,"HARD,MEDIUM",26.69743589743589,37.40833333333334,43.65384615384615,False
2022,3,Australian Grand Prix,albert_park,Albert Park Grand Prix Circuit,2022-04-10,alonso,ALO,Fernando Alonso,alpine,Alpine F1 Team,10,17,17,0.0,+1 Lap,57,2,1:20.846,10.0,1:19.192,1:18.815,,2.0,18.595,39.0,2.0,"HARD,MEDIUM",26.69743589743589,37.40833333333334,43.65384615384615,False
2022,3,Australian Grand Prix,albert_park,Albert Park Grand Prix Circuit,2022-04-10,max_verstappen,VER,Max Verstappen,red_bull,Red Bull,2,18,R,0.0,Fuel leak,38,6,1:21.677,2.0,1:18.580,1:18.611,1:18.154,1.0,18.281,18.0,2.0,"HARD,MEDIUM",26.69743589743589,37.40833333333334,43.65384615384615,False
2022,3,Australian Grand Prix,albert_park,Albert Park Grand Prix Circuit,2022-04-10,vettel,VET,Sebastian Vettel,aston_martin,Aston Martin,17,19,R,0.0,Accident,22,19,1:25.189,18.0,1:21.149,,,,,,1.0,HARD,26.69743589743589,37.40833333333334,43.65384615384615,False
2022,3,Australian Grand Prix,albert_park,Albert Park Grand Prix Circuit,2022-04-10,sainz,SAI,Carlos Sainz,ferrari,Ferrari,9,20,R,0.0,Spun off,1,,,9.0,1:18.983,1:18.469,1:19.408,,,,1.0,HARD,26.69743589743589,37.40833333333334,43.65384615384615,False
2022,4,Emilia Romagna Grand Prix,imola,Autodromo Enzo e Dino Ferrari,2022-04-24,max_verstappen,VER,Max Verstappen,red_bull,Red Bull,1,1,1,26.0,Finished,63,1,1:18.446,1.0,1:19.295,1:18.793,1:27.999,2.0,29.9715,19.0,3.0,"INTERMEDIATE,MEDIUM,SOFT",12.899367088607592,17.41898734177215,83.17088607594937,False
2022,4,Emilia Romagna Grand Prix,imola,Autodromo Enzo e Dino Ferrari,2022-04-24,perez,PER,Sergio Pérez,red_bull,Red Bull,3,2,2,18.0,Finished,63,3,1:18.949,7.0,1:19.773,1:19.296,1:29.808,2.0,29.996499999999997,18.0,3.0,"INTERMEDIATE,MEDIUM,SOFT",12.899367088607592,17.41898734177215,83.17088607594937,False
2022,4,Emilia Romagna Grand Prix,imola,Autodromo Enzo e Dino Ferrari,2022-04-24,norris,NOR,Lando Norris,mclaren,McLaren,5,3,3,15.0,Finished,63,7,1:20.903,3.0,1:20.168,1:19.294,1:29.131,1.0,30.07,19.0,2.0,"INTERMEDIATE,MEDIUM",12.899367088607592,17.41898734177215,83.17088607594937,False
2022,4,Emilia Romagna Grand Prix,imola,Autodromo Enzo e Dino Ferrari,2022-04-24,russell,RUS,George Russell,mercedes,Mercedes,11,4,4,12.0,Finished,63,8,1:20.962,11.0,1:20.383,1:20.757,,1.0,31.079,18.0,2.0,"INTERMEDIATE,MEDIUM",12.899367088607592,17.41898734177215,83.17088607594937,False
2022,4,Emilia Romagna Grand Prix,imola,Autodromo Enzo e Dino Ferrari,2022-04-24,bottas,BOT,Valtteri Bottas,alfa,Alfa Romeo,7,5,5,10.0,Finished,63,6,1:20.758,8.0,1:20.419,1:20.192,1:30.439,1.0,40.957,18.0,2.0,"INTERMEDIATE,MEDIUM",12.899367088607592,17.41898734177215,83.17088607594937,False
2022,4,Emilia Romagna Grand Prix,imola,Autodromo Enzo e Dino Ferrari,2022-04-24,leclerc,LEC,Charles Leclerc,ferrari,Ferrari,2,6,6,8.0,Finished,63,2,1:18.574,2.0,1:18.796,1:19.584,1:28.778,3.0,32.79866666666667,19.0,3.0,"INTERMEDIATE,MEDIUM,SOFT",12.899367088607592,17.41898734177215,83.17088607594937,False
2022,4,Emilia Romagna Grand Prix,imola,Autodromo Enzo e Dino Ferrari,2022-04-24,tsunoda,TSU,Yuki Tsunoda,alphatauri,AlphaTauri,12,7,7,6.0,Finished,63,5,1:20.544,16.0,1:20.474,,,1.0,30.372,18.0,2.0,"INTERMEDIATE,MEDIUM",12.899367088607592,17.41898734177215,83.17088607594937,False
2022,4,Emilia Romagna Grand Prix,imola,Autodromo Enzo e Dino Ferrari,2022-04-24,vettel,VET,Sebastian Vettel,aston_martin,Aston Martin,13,8,8,4.0,Finished,63,9,1:21.211,9.0,1:20.364,1:19.957,1:31.062,1.0,30.484,17.0,2.0,"INTERMEDIATE,MEDIUM",12.899367088607592,17.41898734177215,83.17088607594937,False
2022,4,Emilia Romagna Grand Prix,imola,Autodromo Enzo e Dino Ferrari,2022-04-24,kevin_magnussen,MAG,Kevin Magnussen,haas,Haas F1 Team,8,9,9,2.0,Finished,63,10,1:21.238,4.0,1:20.147,1:19.902,1:29.164,1.0,33.765,18.0,2.0,"INTERMEDIATE,MEDIUM",12.899367088607592,17.41898734177215,83.17088607594937,False
2022,4,Emilia Romagna Grand Prix,imola,Autodromo Enzo e Dino Ferrari,2022-04-24,stroll,STR,Lance Stroll,aston_martin,Aston Martin,15,10,10,1.0,+1 Lap,62,16,1:21.750,15.0,1:20.342,1:28.119,,1.0,32.667,18.0,2.0,"INTERMEDIATE,MEDIUM",12.899367088607592,17.41898734177215,83.17088607594937,False
2022,4,Emilia Romagna Grand Prix,imola,Autodromo Enzo e Dino Ferrari,2022-04-24,albon,ALB,Alexander Albon,williams,Williams,18,11,11,0.0,+1 Lap,62,17,1:21.757,20.0,,,,1.0,30.793,17.0,2.0,"INTERMEDIATE,MEDIUM",12.899367088607592,17.41898734177215,83.17088607594937,False
2022,4,Emilia Romagna Grand Prix,imola,Autodromo Enzo e Dino Ferrari,2022-04-24,gasly,GAS,Pierre Gasly,alphatauri,AlphaTauri,17,12,12,0.0,+1 Lap,62,15,1:21.713,17.0,1:20.732,,,1.0,30.405,17.0,2.0,"INTERMEDIATE,MEDIUM",12.899367088607592,17.41898734177215,83.17088607594937,False
2022,4,Emilia Romagna Grand Prix,imola,Autodromo Enzo e Dino Ferrari,2022-04-24,hamilton,HAM,Lewis Hamilton,mercedes,Mercedes,14,13,13,0.0,+1 Lap,62,13,1:21.419,13.0,1:20.470,1:21.138,,1.0,32.74,18.0,2.0,"INTERMEDIATE,MEDIUM",12.899367088607592,17.41898734177215,83.17088607594937,False
2022,4,Emilia Romagna Grand Prix,imola,Autodromo Enzo e Dino Ferrari,2022-04-24,ocon,OCO,Esteban Ocon,alpine,Alpine F1 Team,16,14,14,0.0,+1 Lap,62,18,1:21.887,19.0,1:22.338,,,1.0,31.409,18.0,2.0,"INTERMEDIATE,MEDIUM",12.899367088607592,17.41898734177215,83.17088607594937,False
2022,4,Emilia Romagna Grand Prix,imola,Autodromo Enzo e Dino Ferrari,2022-04-24,zhou,ZHO,Guanyu Zhou,alfa,Alfa Romeo,0,15,15,0.0,+1 Lap,62,11,1:21.286,14.0,1:19.730,1:21.434,,1.0,32.203,18.0,2.0,"INTERMEDIATE,MEDIUM",12.899367088607592,17.41898734177215,83.17088607594937,False
2022,4,Emilia Romagna Grand Prix,imola,Autodromo Enzo e Dino Ferrari,2022-04-24,latifi,LAT,Nicholas Latifi,williams,Williams,19,16,16,0.0,+1 Lap,62,12,1:21.338,18.0,1:21.971,,,1.0,31.125,18.0,2.0,"INTERMEDIATE,MEDIUM",12.899367088607592,17.41898734177215,83.17088607594937,False
2022,4,Emilia Romagna Grand Prix,imola,Autodromo Enzo e Dino Ferrari,2022-04-24,mick_schumacher,MSC,Mick Schumacher,haas,Haas F1 Team,10,17,17,0.0,+1 Lap,62,4,1:18.999,12.0,1:20.422,1:20.916,,2.0,31.152,18.0,3.0,"INTERMEDIATE,MEDIUM,SOFT",12.899367088607592,17.41898734177215,83.17088607594937,False
2022,4,Emilia Romagna Grand Prix,imola,Autodromo Enzo e Dino Ferrari,2022-04-24,ricciardo,RIC,Daniel Ricciardo,mclaren,McLaren,6,18,18,0.0,+1 Lap,62,14,1:21.577,6.0,1:19.980,1:20.031,1:29.742,3.0,30.97966666666667,2.0,3.0,"HARD,INTERMEDIATE,MEDIUM",12.899367088607592,17.41898734177215,83.17088607594937,False
2022,4,Emilia Romagna Grand Prix,imola,Autodromo Enzo e Dino Ferrari,2022-04-24,alonso,ALO,Fernando Alonso,alpine,Alpine F1 Team,9,19,R,0.0,Collision damage,6,19,1:39.685,5.0,1:20.198,1:19.595,1:29.202,,,,1.0,INTERMEDIATE,12.899367088607592,17.41898734177215,83.17088607594937,False
2022,4,Emilia Romagna Grand Prix,imola,Autodromo Enzo e Dino Ferrari,2022-04-24,sainz,SAI,Carlos Sainz,ferrari,Ferrari,4,20,R,0.0,Collision,0,,,10.0,1:19.305,1:18.990,,,,,1.0,INTERMEDIATE,12.899367088607592,17.41898734177215,83.17088607594937,False
2022,5,Miami Grand Prix,miami,Miami International Autodrome,2022-05-08,max_verstappen,VER,Max Verstappen,red_bull,Red Bull,3,1,1,26.0,Finished,57,1,1:31.361,3.0,1:29.836,1:29.202,1:28.991,1.0,18.798,26.0,2.0,"HARD,MEDIUM",30.617283950617285,42.81975308641975,58.858024691358025,True
2022,5,Miami Grand Prix,miami,Miami International Autodrome,2022-05-08,leclerc,LEC,Charles Leclerc,ferrari,Ferrari,1,2,2,18.0,Finished,57,2,1:31.488,1.0,1:29.474,1:29.130,1:28.796,1.0,19.697,24.0,2.0,"HARD,MEDIUM",30.617283950617285,42.81975308641975,58.858024691358025,True
2022,5,Miami Grand Prix,miami,Miami International Autodrome,2022-05-08,sainz,SAI,Carlos Sainz,ferrari,Ferrari,2,3,3,15.0,Finished,57,3,1:31.790,2.0,1:30.079,1:29.729,1:28.986,1.0,22.063,27.0,2.0,"HARD,MEDIUM",30.617283950617285,42.81975308641975,58.858024691358025,True
2022,5,Miami Grand Prix,miami,Miami International Autodrome,2022-05-08,perez,PER,Sergio Pérez,red_bull,Red Bull,4,4,4,12.0,Finished,57,4,1:31.819,4.0,1:30.055,1:29.673,1:29.036,2.0,18.476,27.0,2.0,"HARD,MEDIUM",30.617283950617285,42.81975308641975,58.858024691358025,True
2022,5,Miami Grand Prix,miami,Miami International Autodrome,2022-05-08,russell,RUS,George Russell,mercedes,Mercedes,12,5,5,10.0,Finished,57,5,1:32.195,12.0,1:30.490,1:30.173,,1.0,19.035,40.0,2.0,"HARD,MEDIUM",30.617283950617285,42.81975308641975,58.858024691358025,True
2022,5,Miami Grand Prix,miami,Miami International Autodrome,2022-05-08,hamilton,HAM,Lewis Hamilton,mercedes,Mercedes,6,6,6,8.0,Finished,57,7,1:32.941,6.0,1:30.388,1:29.797,1:29.625,1.0,18.82,22.0,2.0,"HARD,MEDIUM",30.617283950617285,42.81975308641975,58.858024691358025,True
2022,5,Miami Grand Prix,miami,Miami International Autodrome,2022-05-08,bottas,BOT,Valtteri Bottas,alfa,Alfa Romeo,5,7,7,6.0,Finished,57,10,1:33.184,5.0,1:30.845,1:29.751,1:29.475,1.0,19.614,26.0,2.0,"HARD,MEDIUM",30.617283950617285,42.81975308641975,58.858024691358025,True
2022,5,Miami Grand Prix,miami,Miami International Autodrome,2022-05-08,ocon,OCO,Esteban Ocon,alpine,Alpine F1 Team,20,8,8,4.0,Finished,57,9,1:33.163,20.0,,,,1.0,19.019,41.0,2.0,"HARD,SOFT",30.617283950617285,42.81975308641975,58.858024691358025,True
2022,5,Miami Grand Prix,miami,Miami International Autodrome,2022-05-08,albon,ALB,Alexander Albon,williams,Williams,18,9,9,2.0,Finished,57,15,1:33.447,18.0,1:31.266,,,1.0,20.059,16.0,2.0,"HARD,MEDIUM",30.617283950617285,42.81975308641975,58.858024691358025,True
2022,5,Miami Grand Prix,miami,Miami International Autodrome,2022-05-08,stroll,STR,Lance Stroll,aston_martin,Aston Martin,0,10,10,1.0,Finished,57,12,1:33.312,10.0,1:30.441,1:29.996,1:30.676,1.0,19.074,40.0,2.0,"HARD,MEDIUM",30.617283950617285,42.81975308641975,58.858024691358025,True
2022,5,Miami Grand Prix,miami,Miami International Autodrome,2022-05-08,alonso,ALO,Fernando Alonso,alpine,Alpine F1 Team,11,11,11,0.0,Finished,57,13,1:33.331,11.0,1:30.407,1:30.160,,1.0,21.638,15.0,2.0,"HARD,MEDIUM",30.617283950617285,42.81975308641975,58.858024691358025,True
2022,5,Miami Grand Prix,miami,Miami International Autodrome,2022-05-08,tsunoda,TSU,Yuki Tsunoda,alphatauri,AlphaTauri,9,12,12,0.0,Finished,57,8,1:33.035,9.0,1:30.485,1:30.031,1:29.932,2.0,19.244,11.0,3.0,"HARD,MEDIUM,SOFT",30.617283950617285,42.81975308641975,58.858024691358025,True
2022,5,Miami Grand Prix,miami,Miami International Autodrome,2022-05-08,ricciardo,RIC,Daniel Ricciardo,mclaren,McLaren,14,13,13,0.0,Finished,57,11,1:33.265,14.0,1:30.583,1:30.310,,2.0,19.382,30.0,3.0,"HARD,MEDIUM,SOFT",30.617283950617285,42.81975308641975,58.858024691358025,True
2022,5,Miami Grand Prix,miami,Miami International Autodrome,2022-05-08,latifi,LAT,Nicholas Latifi,williams,Williams,19,14,14,0.0,Finished,57,18,1:34.169,19.0,1:31.325,,,1.0,19.185,34.0,2.0,"HARD,MEDIUM",30.617283950617285,42.81975308641975,58.858024691358025,True
2022,5,Miami Grand Prix,miami,Miami International Autodrome,2022-05-08,mick_schumacher,MSC,Mick Schumacher,haas,Haas F1 Team,15,15,15,0.0,Finished,57,6,1:32.528,15.0,1:30.645,1:30.423,,2.0,26.397,14.0,2.0,"HARD,MEDIUM",30.617283950617285,42.81975308641975,58.858024691358025,True
2022,5,Miami Grand Prix,miami,Miami International Autodrome,2022-05-08,kevin_magnussen,MAG,Kevin Magnussen,haas,Haas F1 Team,16,16,16,0.0,Front wing,56,17,1:33.511,16.0,1:30.975,,,2.0,20.2165,12.0,2.0,"HARD,MEDIUM",30.617283950617285,42.81975308641975,58.858024691358025,True
2022,5,Miami Grand Prix,miami,Miami International Autodrome,2022-05-08,vettel,VET,Sebastian Vettel,aston_martin,Aston Martin,0,17,17,0.0,Collision,54,16,1:33.479,13.0,1:30.677,1:30.214,,1.0,19.861,41.0,2.0,"HARD,MEDIUM",30.617283950617285,42.81975308641975,58.858024691358025,True
2022,5,Miami Grand Prix,miami,Miami International Autodrome,2022-05-08,gasly,GAS,Pierre Gasly,alphatauri,AlphaTauri,7,18,R,0.0,Suspension,45,19,1:34.487,7.0,1:30.779,1:30.128,1:29.690,2.0,19.275,16.0,3.0,"HARD,MEDIUM,SOFT",30.617283950617285,42.81975308641975,58.858024691358025,True
2022,5,Miami Grand Prix,miami,Miami International Autodrome,2022-05-08,norris,NOR,Lando Norris,mclaren,McLaren,8,19,R,0.0,Collision,39,14,1:33.411,8.0,1:30.761,1:29.634,1:29.750,1.0,19.986,18.0,2.0,"HARD,MEDIUM",30.617283950617285,42.81975308641975,58.858024691358025,True
2022,5,Miami Grand Prix,miami,Miami International Autodrome,2022-05-08,zhou,ZHO,Guanyu Zhou,alfa,Alfa Romeo,17,20,R,0.0,Water leak,6,20,1:35.731,17.0,1:31.020,,,,,,1.0,MEDIUM,30.617283950617285,42.81975308641975,58.858024691358025,True
2022,6,Spanish Grand Prix,catalunya,Circuit de Barcelona-Catalunya,2022-05-22,max_verstappen,VER,Max Verstappen,red_bull,Red Bull,2,1,1,25.0,Finished,66,4,1:25.456,2.0,1:20.091,1:19.219,1:19.073,3.0,22.026666666666667,13.0,2.0,"MEDIUM,SOFT",36.56585365853658,48.957317073170735,7.109756097560975,False
2022,6,Spanish Grand Prix,catalunya,Circuit de Barcelona-Catalunya,2022-05-22,perez,PER,Sergio Pérez,red_bull,Red Bull,5,2,2,19.0,Finished,66,1,1:24.108,5.0,1:20.447,1:19.830,1:19.420,3.0,21.781666666666666,17.0,2.0,"MEDIUM,SOFT",36.56585365853658,48.957317073170735,7.109756097560975,False
2022,6,Spanish Grand Prix,catalunya,Circuit de Barcelona-Catalunya,2022-05-22,russell,RUS,George Russell,mercedes,Mercedes,4,3,3,15.0,Finished,66,3,1:24.636,4.0,1:20.218,1:19.470,1:19.393,3.0,22.336,13.0,2.0,"MEDIUM,SOFT",36.56585365853658,48.957317073170735,7.109756097560975,False
2022,6,Spanish Grand Prix,catalunya,Circuit de Barcelona-Catalunya,2022-05-22,sainz,SAI,Carlos Sainz,ferrari,Ferrari,3,4,4,12.0,Finished,66,7,1:25.985,3.0,1:19.892,1:19.453,1:19.166,3.0,22.169999999999998,10.0,2.0,"MEDIUM,SOFT",36.56585365853658,48.957317073170735,7.109756097560975,False
2022,6,Spanish Grand Prix,catalunya,Circuit de Barcelona-Catalunya,2022-05-22,hamilton,HAM,Lewis Hamilton,mercedes,Mercedes,6,5,5,10.0,Finished,66,2,1:24.253,6.0,1:20.252,1:19.794,1:19.512,3.0,25.133333333333336,1.0,2.0,"MEDIUM,SOFT",36.56585365853658,48.957317073170735,7.109756097560975,False
2022,6,Spanish Grand Prix,catalunya,Circuit de Barcelona-Catalunya,2022-05-22,bottas,BOT,Valtteri Bottas,alfa,Alfa Romeo,7,6,6,8.0,Finished,66,8,1:26.395,7.0,1:20.355,1:20.053,1:19.608,2.0,22.764,14.0,2.0,"MEDIUM,SOFT",36.56585365853658,48.957317073170735,7.109756097560975,False
2022,6,Spanish Grand Prix,catalunya,Circuit de Barcelona-Catalunya,2022-05-22,ocon,OCO,Esteban Ocon,alpine,Alpine F1 Team,12,7,7,6.0,Finished,66,6,1:25.935,12.0,1:20.880,1:20.638,,3.0,22.374333333333336,13.0,2.0,"MEDIUM,SOFT",36.56585365853658,48.957317073170735,7.109756097560975,False
2022,6,Spanish Grand Prix,catalunya,Circuit de Barcelona-Catalunya,2022-05-22,norris,NOR,Lando Norris,mclaren,McLaren,11,8,8,4.0,Finished,66,5,1:25.619,11.0,1:20.838,1:20.471,,3.0,22.474,12.0,2.0,"MEDIUM,SOFT",36.56585365853658,48.957317073170735,7.109756097560975,False
2022,6,Spanish Grand Prix,catalunya,Circuit de Barcelona-Catalunya,2022-05-22,alonso,ALO,Fernando Alonso,alpine,Alpine F1 Team,20,9,9,2.0,+1 Lap,65,9,1:26.599,17.0,1:21.043,,,3.0,23.232,10.0,2.0,"MEDIUM,SOFT",36.56585365853658,48.957317073170735,7.109756097560975,False
2022,6,Spanish Grand Prix,catalunya,Circuit de Barcelona-Catalunya,2022-05-22,tsunoda,TSU,Yuki Tsunoda,alphatauri,AlphaTauri,13,10,10,1.0,+1 Lap,65,10,1:26.828,13.0,1:20.707,1:20.639,,3.0,22.733666666666664,11.0,2.0,"MEDIUM,SOFT",36.56585365853658,48.957317073170735,7.109756097560975,False
2022,6,Spanish Grand Prix,catalunya,Circuit de Barcelona-Catalunya,2022-05-22,vettel,VET,Sebastian Vettel,aston_martin,Aston Martin,16,11,11,0.0,+1 Lap,65,18,1:27.629,16.0,1:20.954,,,2.0,22.496000000000002,21.0,2.0,"MEDIUM,SOFT",36.56585365853658,48.957317073170735,7.109756097560975,False
2022,6,Spanish Grand Prix,catalunya,Circuit de Barcelona-Catalunya,2022-05-22,ricciardo,RIC,Daniel Ricciardo,mclaren,McLaren,9,12,12,0.0,+1 Lap,65,15,1:27.285,9.0,1:20.549,1:20.287,1:20.297,3.0,22.225666666666665,11.0,2.0,"MEDIUM,SOFT",36.56585365853658,48.957317073170735,7.109756097560975,False
2022,6,Spanish Grand Prix,catalunya,Circuit de Barcelona-Catalunya,2022-05-22,gasly,GAS,Pierre Gasly,alphatauri,AlphaTauri,14,13,13,0.0,+1 Lap,65,12,1:26.987,14.0,1:20.719,1:20.861,,3.0,23.931,10.0,2.0,"MEDIUM,SOFT",36.56585365853658,48.957317073170735,7.109756097560975,False
2022,6,Spanish Grand Prix,catalunya,Circuit de Barcelona-Catalunya,2022-05-22,mick_schumacher,MSC,Mick Schumacher,haas,Haas F1 Team,10,14,14,0.0,+1 Lap,65,16,1:27.447,10.0,1:20.683,1:20.436,1:20.368,2.0,23.3545,12.0,2.0,"MEDIUM,SOFT",36.56585365853658,48.957317073170735,7.109756097560975,False
2022,6,Spanish Grand Prix,catalunya,Circuit de Barcelona-Catalunya,2022-05-22,stroll,STR,Lance Stroll,aston_martin,Aston Martin,17,15,15,0.0,+1 Lap,65,11,1:26.876,18.0,1:21.418,,,3.0,23.346333333333334,14.0,2.0,"MEDIUM,SOFT",36.56585365853658,48.957317073170735,7.109756097560975,False
2022,6,Spanish Grand Prix,catalunya,Circuit de Barcelona-Catalunya,2022-05-22,latifi,LAT,Nicholas Latifi,williams,Williams,19,16,16,0.0,+2 Laps,64,14,1:27.246,20.0,1:21.915,,,3.0,22.753666666666664,12.0,2.0,"MEDIUM,SOFT",36.56585365853658,48.957317073170735,7.109756097560975,False
2022,6,Spanish Grand Prix,catalunya,Circuit de Barcelona-Catalunya,2022-05-22,kevin_magnussen,MAG,Kevin Magnussen,haas,Haas F1 Team,8,17,17,0.0,+2 Laps,64,17,1:27.537,8.0,1:20.227,1:19.810,1:19.682,2.0,26.755000000000003,1.0,3.0,"HARD,MEDIUM,SOFT",36.56585365853658,48.957317073170735,7.109756097560975,False
2022,6,Spanish Grand Prix,catalunya,Circuit de Barcelona-Catalunya,2022-05-22,albon,ALB,Alexander Albon,williams,Williams,18,18,18,0.0,+2 Laps,64,19,1:28.281,19.0,1:21.645,,,4.0,23.201999999999998,11.0,2.0,"MEDIUM,SOFT",36.56585365853658,48.957317073170735,7.109756097560975,False
2022,6,Spanish Grand Prix,catalunya,Circuit de Barcelona-Catalunya,2022-05-22,zhou,ZHO,Guanyu Zhou,alfa,Alfa Romeo,15,19,R,0.0,Power loss,28,20,1:28.415,15.0,1:20.476,1:21.094,,1.0,23.109,10.0,2.0,"MEDIUM,SOFT",36.56585365853658,48.957317073170735,7.109756097560975,False
2022,6,Spanish Grand Prix,catalunya,Circuit de Barcelona-Catalunya,2022-05-22,leclerc,LEC,Charles Leclerc,ferrari,Ferrari,1,20,R,0.0,Turbo,27,13,1:27.030,1.0,1:19.861,1:19.969,1:18.750,1.0,21.794,21.0,2.0,"MEDIUM,SOFT",36.56585365853658,48.957317073170735,7.109756097560975,False
2022,7,Monaco Grand Prix,monaco,Circuit de Monaco,2022-05-29,perez,PER,Sergio Pérez,red_bull,Red Bull,3,1,1,25.0,Finished,64,4,1:16.028,3.0,1:13.004,1:11.954,1:11.629,3.0,24.4725,16.0,4.0,"HARD,INTERMEDIATE,MEDIUM,WET",22.27469387755102,31.038367346938774,75.66530612244898,True
2022,7,Monaco Grand Prix,monaco,Circuit de Monaco,2022-05-29,sainz,SAI,Carlos Sainz,ferrari,Ferrari,2,2,2,18.0,Finished,64,7,1:16.421,2.0,1:12.616,1:12.074,1:11.601,2.0,24.666,21.0,2.0,"HARD,WET",22.27469387755102,31.038367346938774,75.66530612244898,True
2022,7,Monaco Grand Prix,monaco,Circuit de Monaco,2022-05-29,max_verstappen,VER,Max Verstappen,red_bull,Red Bull,4,3,3,15.0,Finished,64,5,1:16.052,4.0,1:12.993,1:12.117,1:11.666,3.0,26.9695,18.0,4.0,"HARD,INTERMEDIATE,MEDIUM,WET",22.27469387755102,31.038367346938774,75.66530612244898,True
2022,7,Monaco Grand Prix,monaco,Circuit de Monaco,2022-05-29,leclerc,LEC,Charles Leclerc,ferrari,Ferrari,1,4,4,12.0,Finished,64,6,1:16.249,1.0,1:12.569,1:11.864,1:11.376,3.0,26.872,18.0,3.0,"HARD,INTERMEDIATE,WET",22.27469387755102,31.038367346938774,75.66530612244898,True
2022,7,Monaco Grand Prix,monaco,Circuit de Monaco,2022-05-29,russell,RUS,George Russell,mercedes,Mercedes,6,5,5,10.0,Finished,64,8,1:16.830,6.0,1:12.787,1:12.617,1:12.112,2.0,25.352,21.0,3.0,"HARD,MEDIUM,WET",22.27469387755102,31.038367346938774,75.66530612244898,True
2022,7,Monaco Grand Prix,monaco,Circuit de Monaco,2022-05-29,norris,NOR,Lando Norris,mclaren,McLaren,5,6,6,9.0,Finished,64,1,1:14.693,5.0,1:12.927,1:12.266,1:11.849,4.0,24.746333333333336,17.0,4.0,"HARD,INTERMEDIATE,MEDIUM,WET",22.27469387755102,31.038367346938774,75.66530612244898,True
2022,7,Monaco Grand Prix,monaco,Circuit de Monaco,2022-05-29,alonso,ALO,Fernando Alonso,alpine,Alpine F1 Team,7,7,7,6.0,Finished,64,3,1:15.882,7.0,1:13.394,1:12.688,1:12.247,2.0,24.526,21.0,3.0,"HARD,MEDIUM,WET",22.27469387755102,31.038367346938774,75.66530612244898,True
2022,7,Monaco Grand Prix,monaco,Circuit de Monaco,2022-05-29,hamilton,HAM,Lewis Hamilton,mercedes,Mercedes,8,8,8,4.0,Finished,64,9,1:17.203,8.0,1:13.444,1:12.595,1:12.560,3.0,24.6515,15.0,4.0,"HARD,INTERMEDIATE,MEDIUM,WET",22.27469387755102,31.038367346938774,75.66530612244898,True
2022,7,Monaco Grand Prix,monaco,Circuit de Monaco,2022-05-29,bottas,BOT,Valtteri Bottas,alfa,Alfa Romeo,12,9,9,2.0,Finished,64,14,1:17.600,12.0,1:13.541,1:12.909,,2.0,25.865,20.0,2.0,"HARD,WET",22.27469387755102,31.038367346938774,75.66530612244898,True
2022,7,Monaco Grand Prix,monaco,Circuit de Monaco,2022-05-29,vettel,VET,Sebastian Vettel,aston_martin,Aston Martin,9,10,10,1.0,Finished,64,12,1:17.558,9.0,1:13.313,1:12.613,1:12.732,3.0,25.049,6.0,3.0,"HARD,INTERMEDIATE,WET",22.27469387755102,31.038367346938774,75.66530612244898,True
2022,7,Monaco Grand Prix,monaco,Circuit de Monaco,2022-05-29,gasly,GAS,Pierre Gasly,alphatauri,AlphaTauri,17,11,11,0.0,Finished,64,10,1:17.344,17.0,1:13.660,,,3.0,32.128,2.0,2.0,"HARD,INTERMEDIATE",22.27469387755102,31.038367346938774,75.66530612244898,True
2022,7,Monaco Grand Prix,monaco,Circuit de Monaco,2022-05-29,ocon,OCO,Esteban Ocon,alpine,Alpine F1 Team,10,12,12,0.0,Finished,64,13,1:17.571,10.0,1:12.848,1:12.528,1:13.047,2.0,24.875,21.0,3.0,"HARD,MEDIUM,WET",22.27469387755102,31.038367346938774,75.66530612244898,True
2022,7,Monaco Grand Prix,monaco,Circuit de Monaco,2022-05-29,ricciardo,RIC,Daniel Ricciardo,mclaren,McLaren,14,13,13,0.0,Finished,64,11,1:17.532,14.0,1:13.338,1:12.964,,2.0,26.056,19.0,2.0,"HARD,WET",22.27469387755102,31.038367346938774,75.66530612244898,True
2022,7,Monaco Grand Prix,monaco,Circuit de Monaco,2022-05-29,stroll,STR,Lance Stroll,aston_martin,Aston Martin,18,14,14,0.0,Finished,64,15,1:17.672,18.0,1:13.678,,,4.0,28.377,1.0,4.0,"HARD,INTERMEDIATE,None,WET",22.27469387755102,31.038367346938774,75.66530612244898,True
2022,7,Monaco Grand Prix,monaco,Circuit de Monaco,2022-05-29,latifi,LAT,Nicholas Latifi,williams,Williams,19,15,15,0.0,+1 Lap,63,18,1:18.579,19.0,1:14.403,,,4.0,33.34466666666666,1.0,4.0,"HARD,INTERMEDIATE,MEDIUM,WET",22.27469387755102,31.038367346938774,75.66530612244898,True
2022,7,Monaco Grand Prix,monaco,Circuit de Monaco,2022-05-29,zhou,ZHO,Guanyu Zhou,alfa,Alfa Romeo,20,16,16,0.0,+1 Lap,63,17,1:18.200,20.0,1:15.606,,,2.0,25.594,19.0,3.0,"HARD,MEDIUM,WET",22.27469387755102,31.038367346938774,75.66530612244898,True
2022,7,Monaco Grand Prix,monaco,Circuit de Monaco,2022-05-29,tsunoda,TSU,Yuki Tsunoda,alphatauri,AlphaTauri,11,17,17,0.0,+1 Lap,63,2,1:15.334,11.0,1:13.110,1:12.797,,4.0,25.451666666666664,6.0,5.0,"HARD,INTERMEDIATE,MEDIUM,SOFT,WET",22.27469387755102,31.038367346938774,75.66530612244898,True
2022,7,Monaco Grand Prix,monaco,Circuit de Monaco,2022-05-29,albon,ALB,Alexander Albon,williams,Williams,16,18,R,0.0,Mechanical,48,16,1:18.023,16.0,1:13.611,,,3.0,29.3745,18.0,3.0,"HARD,MEDIUM,WET",22.27469387755102,31.038367346938774,75.66530612244898,True
2022,7,Monaco Grand Prix,monaco,Circuit de Monaco,2022-05-29,mick_schumacher,MSC,Mick Schumacher,haas,Haas F1 Team,15,19,R,0.0,Accident,24,19,1:24.778,15.0,1:13.469,1:13.081,,2.0,32.2455,4.0,3.0,"HARD,INTERMEDIATE,WET",22.27469387755102,31.038367346938774,75.66530612244898,True
2022,7,Monaco Grand Prix,monaco,Circuit de Monaco,2022-05-29,kevin_magnussen,MAG,Kevin Magnussen,haas,Haas F1 Team,13,20,R,0.0,Water pressure,19,20,1:33.754,13.0,1:13.069,1:12.921,,,,,1.0,WET,22.27469387755102,31.038367346938774,75.66530612244898,True
2022,8,Azerbaijan Grand Prix,baku,Baku City Circuit,2022-06-12,max_verstappen,VER,Max Verstappen,red_bull,Red Bull,3,1,1,25.0,Finished,51,2,1:46.050,3.0,1:42.722,1:42.227,1:41.706,2.0,21.095,18.0,2.0,"HARD,MEDIUM",25.435403726708078,47.14968944099379,59.49068322981366,False
2022,8,Azerbaijan Grand Prix,baku,Baku City Circuit,2022-06-12,perez,PER,Sergio Pérez,red_bull,Red Bull,2,2,2,19.0,Finished,51,1,1:46.046,2.0,1:42.733,1:41.955,1:41.641,2.0,22.864,16.0,2.0,"HARD,MEDIUM",25.435403726708078,47.14968944099379,59.49068322981366,False
2022,8,Azerbaijan Grand Prix,baku,Baku City Circuit,2022-06-12,russell,RUS,George Russell,mercedes,Mercedes,5,3,3,15.0,Finished,51,4,1:47.177,5.0,1:43.754,1:43.281,1:42.712,2.0,20.5325,9.0,2.0,"HARD,MEDIUM",25.435403726708078,47.14968944099379,59.49068322981366,False
2022,8,Azerbaijan Grand Prix,baku,Baku City Circuit,2022-06-12,hamilton,HAM,Lewis Hamilton,mercedes,Mercedes,7,4,4,12.0,Finished,51,3,1:47.044,7.0,1:43.939,1:43.182,1:42.924,2.0,21.1505,9.0,2.0,"HARD,MEDIUM",25.435403726708078,47.14968944099379,59.49068322981366,False
2022,8,Azerbaijan Grand Prix,baku,Baku City Circuit,2022-06-12,gasly,GAS,Pierre Gasly,alphatauri,AlphaTauri,6,5,5,10.0,Finished,51,16,1:48.519,6.0,1:43.268,1:43.129,1:42.845,1.0,22.698,9.0,2.0,"HARD,MEDIUM",25.435403726708078,47.14968944099379,59.49068322981366,False
2022,8,Azerbaijan Grand Prix,baku,Baku City Circuit,2022-06-12,vettel,VET,Sebastian Vettel,aston_martin,Aston Martin,9,6,6,8.0,Finished,51,12,1:48.206,9.0,1:43.279,1:43.268,1:43.091,1.0,20.249,9.0,2.0,"HARD,MEDIUM",25.435403726708078,47.14968944099379,59.49068322981366,False
2022,8,Azerbaijan Grand Prix,baku,Baku City Circuit,2022-06-12,alonso,ALO,Fernando Alonso,alpine,Alpine F1 Team,10,7,7,6.0,Finished,51,8,1:47.989,10.0,1:44.083,1:43.360,1:43.173,1.0,20.571,18.0,2.0,"HARD,MEDIUM",25.435403726708078,47.14968944099379,59.49068322981366,False
2022,8,Azerbaijan Grand Prix,baku,Baku City Circuit,2022-06-12,ricciardo,RIC,Daniel Ricciardo,mclaren,McLaren,12,8,8,4.0,Finished,51,13,1:48.276,12.0,1:44.437,1:43.574,,1.0,21.794,33.0,2.0,"HARD,MEDIUM",25.435403726708078,47.14968944099379,59.49068322981366,False
2022,8,Azerbaijan Grand Prix,baku,Baku City Circuit,2022-06-12,norris,NOR,Lando Norris,mclaren,McLaren,11,9,9,2.0,Finished,51,9,1:47.997,11.0,1:44.237,1:43.398,,1.0,21.443,20.0,2.0,"HARD,MEDIUM",25.435403726708078,47.14968944099379,59.49068322981366,False
2022,8,Azerbaijan Grand Prix,baku,Baku City Circuit,2022-06-12,ocon,OCO,Esteban Ocon,alpine,Alpine F1 Team,13,10,10,1.0,Finished,51,14,1:48.297,13.0,1:43.903,1:43.585,,1.0,22.638,33.0,2.0,"HARD,MEDIUM",25.435403726708078,47.14968944099379,59.49068322981366,False
2022,8,Azerbaijan Grand Prix,baku,Baku City Circuit,2022-06-12,bottas,BOT,Valtteri Bottas,alfa,Alfa Romeo,15,11,11,0.0,+1 Lap,50,11,1:48.179,15.0,1:44.478,1:44.444,,1.0,20.979,33.0,2.0,"HARD,MEDIUM",25.435403726708078,47.14968944099379,59.49068322981366,False
2022,8,Azerbaijan Grand Prix,baku,Baku City Circuit,2022-06-12,albon,ALB,Alexander Albon,williams,Williams,17,12,12,0.0,+1 Lap,50,7,1:47.966,17.0,1:44.719,,,2.0,23.558500000000002,9.0,2.0,"HARD,MEDIUM",25.435403726708078,47.14968944099379,59.49068322981366,False
2022,8,Azerbaijan Grand Prix,baku,Baku City Circuit,2022-06-12,tsunoda,TSU,Yuki Tsunoda,alphatauri,AlphaTauri,8,13,13,0.0,+1 Lap,50,5,1:47.523,8.0,1:43.595,1:43.376,1:43.056,2.0,32.2915,9.0,3.0,"HARD,MEDIUM,SOFT",25.435403726708078,47.14968944099379,59.49068322981366,False
2022,8,Azerbaijan Grand Prix,baku,Baku City Circuit,2022-06-12,mick_schumacher,MSC,Mick Schumacher,haas,Haas F1 Team,20,14,14,0.0,+1 Lap,50,15,1:48.410,20.0,1:45.775,,,2.0,24.602,9.0,2.0,"HARD,MEDIUM",25.435403726708078,47.14968944099379,59.49068322981366,False
2022,8,Azerbaijan Grand Prix,baku,Baku City Circuit,2022-06-12,latifi,LAT,Nicholas Latifi,williams,Williams,18,15,15,0.0,+1 Lap,50,20,1:49.583,18.0,1:45.367,,,2.0,25.732,3.0,2.0,"HARD,MEDIUM",25.435403726708078,47.14968944099379,59.49068322981366,False
2022,8,Azerbaijan Grand Prix,baku,Baku City Circuit,2022-06-12,stroll,STR,Lance Stroll,aston_martin,Aston Martin,19,16,16,0.0,Vibrations,46,10,1:48.038,19.0,1:45.371,,,1.0,22.059,30.0,2.0,"HARD,MEDIUM",25.435403726708078,47.14968944099379,59.49068322981366,False
2022,8,Azerbaijan Grand Prix,baku,Baku City Circuit,2022-06-12,kevin_magnussen,MAG,Kevin Magnussen,haas,Haas F1 Team,16,17,R,0.0,Power Unit,31,18,1:48.789,16.0,1:44.643,,,1.0,21.555,9.0,2.0,"HARD,MEDIUM",25.435403726708078,47.14968944099379,59.49068322981366,False
2022,8,Azerbaijan Grand Prix,baku,Baku City Circuit,2022-06-12,zhou,ZHO,Guanyu Zhou,alfa,Alfa Romeo,14,18,R,0.0,Hydraulics,23,17,1:48.723,14.0,1:43.777,1:43.790,,1.0,23.001,9.0,2.0,"HARD,MEDIUM",25.435403726708078,47.14968944099379,59.49068322981366,False
2022,8,Azerbaijan Grand Prix,baku,Baku City Circuit,2022-06-12,leclerc,LEC,Charles Leclerc,ferrari,Ferrari,1,19,R,0.0,Power Unit,21,6,1:47.531,1.0,1:42.865,1:42.046,1:41.359,1.0,23.212,9.0,2.0,"HARD,MEDIUM",25.435403726708078,47.14968944099379,59.49068322981366,False
2022,8,Azerbaijan Grand Prix,baku,Baku City Circuit,2022-06-12,sainz,SAI,Carlos Sainz,ferrari,Ferrari,4,20,R,0.0,Hydraulics,8,19,1:48.978,4.0,1:42.957,1:42.088,1:41.814,,,,1.0,MEDIUM,25.435403726708078,47.14968944099379,59.49068322981366,False
2022,9,Canadian Grand Prix,villeneuve,Circuit Gilles Villeneuve,2022-06-19,max_verstappen,VER,Max Verstappen,red_bull,Red Bull,1,1,1,25.0,Finished,70,2,1:15.839,1.0,1:32.219,1:23.746,1:21.299,2.0,23.9605,9.0,2.0,"HARD,MEDIUM",20.762962962962963,41.261111111111106,28.925925925925927,False
2022,9,Canadian Grand Prix,villeneuve,Circuit Gilles Villeneuve,2022-06-19,sainz,SAI,Carlos Sainz,ferrari,Ferrari,3,2,2,19.0,Finished,70,1,1:15.749,3.0,1:32.781,1:25.197,1:22.096,2.0,24.548000000000002,20.0,2.0,"HARD,MEDIUM",20.762962962962963,41.261111111111106,28.925925925925927,False
2022,9,Canadian Grand Prix,villeneuve,Circuit Gilles Villeneuve,2022-06-19,hamilton,HAM,Lewis Hamilton,mercedes,Mercedes,4,3,3,15.0,Finished,70,4,1:16.167,4.0,1:33.841,1:25.543,1:22.891,2.0,23.843,9.0,2.0,"HARD,MEDIUM",20.762962962962963,41.261111111111106,28.925925925925927,False
2022,9,Canadian Grand Prix,villeneuve,Circuit Gilles Villeneuve,2022-06-19,russell,RUS,George Russell,mercedes,Mercedes,8,4,4,12.0,Finished,70,5,1:16.418,8.0,1:33.160,1:24.950,1:23.557,2.0,24.009999999999998,19.0,2.0,"HARD,MEDIUM",20.762962962962963,41.261111111111106,28.925925925925927,False
2022,9,Canadian Grand Prix,villeneuve,Circuit Gilles Villeneuve,2022-06-19,leclerc,LEC,Charles Leclerc,ferrari,Ferrari,19,5,5,10.0,Finished,70,3,1:15.901,15.0,1:33.008,,,1.0,26.199,41.0,2.0,"HARD,MEDIUM",20.762962962962963,41.261111111111106,28.925925925925927,False
2022,9,Canadian Grand Prix,villeneuve,Circuit Gilles Villeneuve,2022-06-19,ocon,OCO,Esteban Ocon,alpine,Alpine F1 Team,7,6,6,8.0,Finished,70,9,1:17.110,7.0,1:33.012,1:26.135,1:23.529,2.0,24.814500000000002,19.0,2.0,"HARD,MEDIUM",20.762962962962963,41.261111111111106,28.925925925925927,False
2022,9,Canadian Grand Prix,villeneuve,Circuit Gilles Villeneuve,2022-06-19,bottas,BOT,Valtteri Bottas,alfa,Alfa Romeo,11,7,7,6.0,Finished,70,8,1:17.010,11.0,1:33.689,1:26.788,,1.0,26.089,49.0,2.0,"HARD,MEDIUM",20.762962962962963,41.261111111111106,28.925925925925927,False
2022,9,Canadian Grand Prix,villeneuve,Circuit Gilles Villeneuve,2022-06-19,zhou,ZHO,Guanyu Zhou,alfa,Alfa Romeo,10,8,8,4.0,Finished,70,7,1:16.927,10.0,1:33.692,1:26.116,1:24.030,2.0,24.130499999999998,19.0,2.0,"HARD,MEDIUM",20.762962962962963,41.261111111111106,28.925925925925927,False
2022,9,Canadian Grand Prix,villeneuve,Circuit Gilles Villeneuve,2022-06-19,alonso,ALO,Fernando Alonso,alpine,Alpine F1 Team,2,9,9,2.0,Finished,70,6,1:16.578,2.0,1:32.277,1:24.848,1:21.944,2.0,24.459,28.0,2.0,"HARD,MEDIUM",20.762962962962963,41.261111111111106,28.925925925925927,False
2022,9,Canadian Grand Prix,villeneuve,Circuit Gilles Villeneuve,2022-06-19,stroll,STR,Lance Stroll,aston_martin,Aston Martin,17,10,10,1.0,Finished,70,10,1:17.421,18.0,1:35.532,,,1.0,25.252,47.0,2.0,"HARD,MEDIUM",20.762962962962963,41.261111111111106,28.925925925925927,False
2022,9,Canadian Grand Prix,villeneuve,Circuit Gilles Villeneuve,2022-06-19,ricciardo,RIC,Daniel Ricciardo,mclaren,McLaren,9,11,11,0.0,Finished,70,13,1:17.932,9.0,1:33.636,1:26.375,1:23.749,2.0,26.384999999999998,19.0,2.0,"HARD,MEDIUM",20.762962962962963,41.261111111111106,28.925925925925927,False
2022,9,Canadian Grand Prix,villeneuve,Circuit Gilles Villeneuve,2022-06-19,vettel,VET,Sebastian Vettel,aston_martin,Aston Martin,16,12,12,0.0,Finished,70,15,1:17.956,17.0,1:34.512,,,2.0,23.5435,5.0,2.0,"HARD,MEDIUM",20.762962962962963,41.261111111111106,28.925925925925927,False
2022,9,Canadian Grand Prix,villeneuve,Circuit Gilles Villeneuve,2022-06-19,albon,ALB,Alexander Albon,williams,Williams,12,13,13,0.0,Finished,70,14,1:17.951,12.0,1:34.047,1:26.858,,2.0,23.667,18.0,2.0,"HARD,MEDIUM",20.762962962962963,41.261111111111106,28.925925925925927,False
2022,9,Canadian Grand Prix,villeneuve,Circuit Gilles Villeneuve,2022-06-19,gasly,GAS,Pierre Gasly,alphatauri,AlphaTauri,15,14,14,0.0,Finished,70,12,1:17.810,16.0,1:34.492,,,2.0,23.585,5.0,2.0,"HARD,MEDIUM",20.762962962962963,41.261111111111106,28.925925925925927,False
2022,9,Canadian Grand Prix,villeneuve,Circuit Gilles Villeneuve,2022-06-19,norris,NOR,Lando Norris,mclaren,McLaren,14,15,15,0.0,Finished,70,11,1:17.495,14.0,1:34.066,,,2.0,33.583,19.0,2.0,"HARD,MEDIUM",20.762962962962963,41.261111111111106,28.925925925925927,False
2022,9,Canadian Grand Prix,villeneuve,Circuit Gilles Villeneuve,2022-06-19,latifi,LAT,Nicholas Latifi,williams,Williams,18,16,16,0.0,Finished,70,18,1:18.540,19.0,1:35.660,,,2.0,27.027,9.0,2.0,"HARD,MEDIUM",20.762962962962963,41.261111111111106,28.925925925925927,False
2022,9,Canadian Grand Prix,villeneuve,Circuit Gilles Villeneuve,2022-06-19,kevin_magnussen,MAG,Kevin Magnussen,haas,Haas F1 Team,5,17,17,0.0,Finished,70,16,1:18.046,5.0,1:32.957,1:26.254,1:22.960,1.0,38.262,7.0,2.0,"HARD,MEDIUM",20.762962962962963,41.261111111111106,28.925925925925927,False
2022,9,Canadian Grand Prix,villeneuve,Circuit Gilles Villeneuve,2022-06-19,tsunoda,TSU,Yuki Tsunoda,alphatauri,AlphaTauri,20,18,R,0.0,Accident,47,17,1:18.309,20.0,1:36.575,,,2.0,23.349,9.0,2.0,"HARD,MEDIUM",20.762962962962963,41.261111111111106,28.925925925925927,False
2022,9,Canadian Grand Prix,villeneuve,Circuit Gilles Villeneuve,2022-06-19,mick_schumacher,MSC,Mick Schumacher,haas,Haas F1 Team,6,19,R,0.0,Engine,18,20,1:18.967,6.0,1:33.707,1:25.684,1:23.356,,,,1.0,MEDIUM,20.762962962962963,41.261111111111106,28.925925925925927,False
2022,9,Canadian Grand Prix,villeneuve,Circuit Gilles Villeneuve,2022-06-19,perez,PER,Sergio Pérez,red_bull,Red Bull,13,20,R,0.0,Gearbox,7,19,1:18.844,13.0,1:33.929,1:33.127,,,,,1.0,HARD,20.762962962962963,41.261111111111106,28.925925925925927,False
2022,10,British Grand Prix,silverstone,Silverstone Circuit,2022-07-03,sainz,SAI,Carlos Sainz,ferrari,Ferrari,1,1,1,25.0,Finished,52,2,1:30.813,1.0,1:40.190,1:41.602,1:40.983,3.0,28.5045,1.0,3.0,"HARD,MEDIUM,SOFT",18.25320197044335,30.026108374384233,59.748768472906406,True
2022,10,British Grand Prix,silverstone,Silverstone Circuit,2022-07-03,perez,PER,Sergio Pérez,red_bull,Red Bull,4,2,2,18.0,Finished,52,3,1:30.937,4.0,1:40.521,1:42.513,1:41.616,3.0,32.7285,1.0,2.0,"MEDIUM,SOFT",18.25320197044335,30.026108374384233,59.748768472906406,True
2022,10,British Grand Prix,silverstone,Silverstone Circuit,2022-07-03,hamilton,HAM,Lewis Hamilton,mercedes,Mercedes,5,3,3,16.0,Finished,52,1,1:30.510,5.0,1:40.428,1:41.062,1:41.995,3.0,29.4165,1.0,3.0,"HARD,MEDIUM,SOFT",18.25320197044335,30.026108374384233,59.748768472906406,True
2022,10,British Grand Prix,silverstone,Silverstone Circuit,2022-07-03,leclerc,LEC,Charles Leclerc,ferrari,Ferrari,3,4,4,12.0,Finished,52,4,1:31.282,3.0,1:39.846,1:41.247,1:41.298,2.0,28.805,1.0,2.0,"HARD,MEDIUM",18.25320197044335,30.026108374384233,59.748768472906406,True
2022,10,British Grand Prix,silverstone,Silverstone Circuit,2022-07-03,alonso,ALO,Fernando Alonso,alpine,Alpine F1 Team,7,5,5,10.0,Finished,52,5,1:31.609,7.0,1:41.598,1:42.209,1:42.116,3.0,28.787,1.0,3.0,"HARD,MEDIUM,SOFT",18.25320197044335,30.026108374384233,59.748768472906406,True
2022,10,British Grand Prix,silverstone,Silverstone Circuit,2022-07-03,norris,NOR,Lando Norris,mclaren,McLaren,6,6,6,8.0,Finished,52,6,1:31.645,6.0,1:41.515,1:41.821,1:42.084,3.0,28.802999999999997,1.0,3.0,"HARD,MEDIUM,SOFT",18.25320197044335,30.026108374384233,59.748768472906406,True
2022,10,British Grand Prix,silverstone,Silverstone Circuit,2022-07-03,max_verstappen,VER,Max Verstappen,red_bull,Red Bull,2,7,7,6.0,Finished,52,8,1:32.354,2.0,1:39.129,1:40.655,1:41.055,4.0,29.133333333333336,1.0,3.0,"HARD,MEDIUM,SOFT",18.25320197044335,30.026108374384233,59.748768472906406,True
2022,10,British Grand Prix,silverstone,Silverstone Circuit,2022-07-03,mick_schumacher,MSC,Mick Schumacher,haas,Haas F1 Team,19,8,8,4.0,Finished,52,7,1:32.109,19.0,1:42.708,,,3.0,29.9895,1.0,3.0,"HARD,MEDIUM,SOFT",18.25320197044335,30.026108374384233,59.748768472906406,True
2022,10,British Grand Prix,silverstone,Silverstone Circuit,2022-07-03,vettel,VET,Sebastian Vettel,aston_martin,Aston Martin,18,9,9,2.0,Finished,52,10,1:32.471,18.0,1:42.666,,,3.0,29.192999999999998,1.0,2.0,"MEDIUM,SOFT",18.25320197044335,30.026108374384233,59.748768472906406,True
2022,10,British Grand Prix,silverstone,Silverstone Circuit,2022-07-03,kevin_magnussen,MAG,Kevin Magnussen,haas,Haas F1 Team,17,10,10,1.0,Finished,52,12,1:32.661,17.0,1:42.159,,,2.0,29.473,1.0,2.0,"MEDIUM,SOFT",18.25320197044335,30.026108374384233,59.748768472906406,True
2022,10,British Grand Prix,silverstone,Silverstone Circuit,2022-07-03,stroll,STR,Lance Stroll,aston_martin,Aston Martin,20,11,11,0.0,Finished,52,9,1:32.379,20.0,1:43.430,,,3.0,29.206000000000003,1.0,2.0,"HARD,MEDIUM",18.25320197044335,30.026108374384233,59.748768472906406,True
2022,10,British Grand Prix,silverstone,Silverstone Circuit,2022-07-03,latifi,LAT,Nicholas Latifi,williams,Williams,10,12,12,0.0,Finished,52,13,1:33.286,10.0,1:41.998,1:43.273,2:03.095,3.0,28.633499999999998,1.0,2.0,"MEDIUM,SOFT",18.25320197044335,30.026108374384233,59.748768472906406,True
2022,10,British Grand Prix,silverstone,Silverstone Circuit,2022-07-03,ricciardo,RIC,Daniel Ricciardo,mclaren,McLaren,14,13,13,0.0,Finished,52,11,1:32.644,14.0,1:41.933,1:44.355,,4.0,30.06866666666667,1.0,3.0,"HARD,MEDIUM,SOFT",18.25320197044335,30.026108374384233,59.748768472906406,True
2022,10,British Grand Prix,silverstone,Silverstone Circuit,2022-07-03,tsunoda,TSU,Yuki Tsunoda,alphatauri,AlphaTauri,13,14,14,0.0,Finished,52,15,1:33.832,13.0,1:41.893,1:44.311,,3.0,32.1035,1.0,3.0,"HARD,MEDIUM,SOFT",18.25320197044335,30.026108374384233,59.748768472906406,True
2022,10,British Grand Prix,silverstone,Silverstone Circuit,2022-07-03,ocon,OCO,Esteban Ocon,alpine,Alpine F1 Team,15,15,R,0.0,Fuel pump,37,14,1:33.537,15.0,1:41.730,1:45.190,,2.0,30.342,1.0,3.0,"HARD,MEDIUM,SOFT",18.25320197044335,30.026108374384233,59.748768472906406,True
2022,10,British Grand Prix,silverstone,Silverstone Circuit,2022-07-03,gasly,GAS,Pierre Gasly,alphatauri,AlphaTauri,11,16,R,0.0,Collision damage,26,16,1:34.614,11.0,1:41.680,1:43.702,,2.0,29.632,1.0,3.0,"HARD,MEDIUM,SOFT",18.25320197044335,30.026108374384233,59.748768472906406,True
2022,10,British Grand Prix,silverstone,Silverstone Circuit,2022-07-03,bottas,BOT,Valtteri Bottas,alfa,Alfa Romeo,12,17,R,0.0,Gearbox,20,17,1:35.103,12.0,1:41.396,1:44.232,,1.0,,1.0,1.0,MEDIUM,18.25320197044335,30.026108374384233,59.748768472906406,True
2022,10,British Grand Prix,silverstone,Silverstone Circuit,2022-07-03,russell,RUS,George Russell,mercedes,Mercedes,8,18,R,0.0,Collision,0,,,8.0,1:40.028,1:41.725,1:42.161,,,,1.0,HARD,18.25320197044335,30.026108374384233,59.748768472906406,True
2022,10,British Grand Prix,silverstone,Silverstone Circuit,2022-07-03,zhou,ZHO,Guanyu Zhou,alfa,Alfa Romeo,9,19,R,0.0,Collision,0,,,9.0,1:40.791,1:42.640,1:42.719,,,,1.0,MEDIUM,18.25320197044335,30.026108374384233,59.748768472906406,True
2022,10,British Grand Prix,silverstone,Silverstone Circuit,2022-07-03,albon,ALB,Alexander Albon,williams,Williams,16,20,R,0.0,Collision,0,,,16.0,1:42.078,,,,,,1.0,SOFT,18.25320197044335,30.026108374384233,59.748768472906406,True
2022,11,Austrian Grand Prix,red_bull_ring,Red Bull Ring,2022-07-10,leclerc,LEC,Charles Leclerc,ferrari,Ferrari,2,1,1,25.0,Finished,71,2,1:07.583,2.0,1:05.419,1:05.287,1:05.013,3.0,21.500333333333334,26.0,2.0,"HARD,MEDIUM",20.25592105263158,30.74671052631579,35.13815789473684,False
2022,11,Austrian Grand Prix,red_bull_ring,Red Bull Ring,2022-07-10,max_verstappen,VER,Max Verstappen,red_bull,Red Bull,1,2,2,19.0,Finished,71,1,1:07.275,1.0,1:05.852,1:05.374,1:04.984,3.0,21.595,13.0,2.0,"HARD,MEDIUM",20.25592105263158,30.74671052631579,35.13815789473684,False
2022,11,Austrian Grand Prix,red_bull_ring,Red Bull Ring,2022-07-10,hamilton,HAM,Lewis Hamilton,mercedes,Mercedes,8,3,3,15.0,Finished,71,5,1:09.000,9.0,1:06.079,1:05.475,1:13.151,2.0,22.8615,28.0,2.0,"HARD,MEDIUM",20.25592105263158,30.74671052631579,35.13815789473684,False
2022,11,Austrian Grand Prix,red_bull_ring,Red Bull Ring,2022-07-10,russell,RUS,George Russell,mercedes,Mercedes,4,4,4,12.0,Finished,71,6,1:09.075,4.0,1:06.235,1:05.697,1:05.431,2.0,29.966,11.0,3.0,"HARD,MEDIUM,None",20.25592105263158,30.74671052631579,35.13815789473684,False
2022,11,Austrian Grand Prix,red_bull_ring,Red Bull Ring,2022-07-10,ocon,OCO,Esteban Ocon,alpine,Alpine F1 Team,6,5,5,10.0,Finished,71,10,1:09.559,5.0,1:06.468,1:05.993,1:05.726,2.0,21.932000000000002,16.0,3.0,"HARD,MEDIUM,None",20.25592105263158,30.74671052631579,35.13815789473684,False
2022,11,Austrian Grand Prix,red_bull_ring,Red Bull Ring,2022-07-10,mick_schumacher,MSC,Mick Schumacher,haas,Haas F1 Team,9,6,6,8.0,+1 Lap,70,11,1:09.625,7.0,1:06.405,1:06.151,1:06.011,2.0,22.5,16.0,3.0,"HARD,MEDIUM,None",20.25592105263158,30.74671052631579,35.13815789473684,False
2022,11,Austrian Grand Prix,red_bull_ring,Red Bull Ring,2022-07-10,norris,NOR,Lando Norris,mclaren,McLaren,10,7,7,6.0,+1 Lap,70,8,1:09.304,15.0,1:06.330,1:25.847,,2.0,25.004,14.0,3.0,"HARD,MEDIUM,None",20.25592105263158,30.74671052631579,35.13815789473684,False
2022,11,Austrian Grand Prix,red_bull_ring,Red Bull Ring,2022-07-10,kevin_magnussen,MAG,Kevin Magnussen,haas,Haas F1 Team,7,8,8,4.0,+1 Lap,70,14,1:09.938,6.0,1:06.366,1:05.894,1:05.879,2.0,22.1465,15.0,3.0,"HARD,MEDIUM,None",20.25592105263158,30.74671052631579,35.13815789473684,False
2022,11,Austrian Grand Prix,red_bull_ring,Red Bull Ring,2022-07-10,ricciardo,RIC,Daniel Ricciardo,mclaren,McLaren,11,9,9,2.0,+1 Lap,70,13,1:09.924,16.0,1:06.613,,,2.0,21.622500000000002,12.0,3.0,"HARD,MEDIUM,None",20.25592105263158,30.74671052631579,35.13815789473684,False
2022,11,Austrian Grand Prix,red_bull_ring,Red Bull Ring,2022-07-10,alonso,ALO,Fernando Alonso,alpine,Alpine F1 Team,19,10,10,1.0,+1 Lap,70,3,1:08.558,8.0,1:06.016,1:06.082,1:06.103,3.0,22.543666666666667,27.0,2.0,"HARD,MEDIUM",20.25592105263158,30.74671052631579,35.13815789473684,False
2022,11,Austrian Grand Prix,red_bull_ring,Red Bull Ring,2022-07-10,bottas,BOT,Valtteri Bottas,alfa,Alfa Romeo,0,11,11,0.0,+1 Lap,70,7,1:09.266,12.0,1:06.442,1:06.319,,2.0,23.4775,6.0,3.0,"HARD,MEDIUM,None",20.25592105263158,30.74671052631579,35.13815789473684,False
2022,11,Austrian Grand Prix,red_bull_ring,Red Bull Ring,2022-07-10,albon,ALB,Alexander Albon,williams,Williams,15,12,12,0.0,+1 Lap,70,12,1:09.669,11.0,1:06.516,1:06.230,,2.0,22.2115,11.0,3.0,"HARD,MEDIUM,None",20.25592105263158,30.74671052631579,35.13815789473684,False
2022,11,Austrian Grand Prix,red_bull_ring,Red Bull Ring,2022-07-10,stroll,STR,Lance Stroll,aston_martin,Aston Martin,12,13,13,0.0,+1 Lap,70,17,1:10.048,17.0,1:06.847,,,2.0,21.6915,29.0,2.0,"HARD,MEDIUM",20.25592105263158,30.74671052631579,35.13815789473684,False
2022,11,Austrian Grand Prix,red_bull_ring,Red Bull Ring,2022-07-10,zhou,ZHO,Guanyu Zhou,alfa,Alfa Romeo,13,14,14,0.0,+1 Lap,70,9,1:09.380,18.0,1:06.901,,,2.0,25.782,24.0,2.0,"HARD,MEDIUM",20.25592105263158,30.74671052631579,35.13815789473684,False
2022,11,Austrian Grand Prix,red_bull_ring,Red Bull Ring,2022-07-10,gasly,GAS,Pierre Gasly,alphatauri,AlphaTauri,14,15,15,0.0,+1 Lap,70,18,1:10.104,10.0,1:06.589,1:06.160,,2.0,25.167,12.0,3.0,"HARD,MEDIUM,None",20.25592105263158,30.74671052631579,35.13815789473684,False
2022,11,Austrian Grand Prix,red_bull_ring,Red Bull Ring,2022-07-10,tsunoda,TSU,Yuki Tsunoda,alphatauri,AlphaTauri,16,16,16,0.0,+1 Lap,70,16,1:10.023,14.0,1:06.463,1:06.851,,2.0,21.634,26.0,2.0,"HARD,MEDIUM",20.25592105263158,30.74671052631579,35.13815789473684,False
2022,11,Austrian Grand Prix,red_bull_ring,Red Bull Ring,2022-07-10,vettel,VET,Sebastian Vettel,aston_martin,Aston Martin,18,17,17,0.0,+1 Lap,70,15,1:10.001,20.0,1:07.083,,,2.0,21.847499999999997,20.0,3.0,"HARD,MEDIUM,None",20.25592105263158,30.74671052631579,35.13815789473684,False
2022,11,Austrian Grand Prix,red_bull_ring,Red Bull Ring,2022-07-10,sainz,SAI,Carlos Sainz,ferrari,Ferrari,3,18,R,0.0,Power Unit,56,4,1:08.649,3.0,1:05.660,1:05.576,1:05.066,2.0,21.352,27.0,3.0,"HARD,MEDIUM,None",20.25592105263158,30.74671052631579,35.13815789473684,False
2022,11,Austrian Grand Prix,red_bull_ring,Red Bull Ring,2022-07-10,latifi,LAT,Nicholas Latifi,williams,Williams,17,19,R,0.0,Undertray,48,19,1:10.890,19.0,1:07.003,,,2.0,21.464,12.0,3.0,"HARD,MEDIUM,None",20.25592105263158,30.74671052631579,35.13815789473684,False
2022,11,Austrian Grand Prix,red_bull_ring,Red Bull Ring,2022-07-10,perez,PER,Sergio Pérez,red_bull,Red Bull,5,20,R,0.0,Collision damage,24,20,1:11.843,13.0,1:06.143,1:06.458,,1.0,23.681,1.0,2.0,"HARD,MEDIUM",20.25592105263158,30.74671052631579,35.13815789473684,False
2022,12,French Grand Prix,ricard,Circuit Paul Ricard,2022-07-24,max_verstappen,VER,Max Verstappen,red_bull,Red Bull,2,1,1,25.0,Finished,53,2,1:37.491,2.0,1:31.891,1:31.990,1:31.176,1.0,35.266,16.0,2.0,"HARD,MEDIUM",30.164843750000003,54.46171875,47.734375,False
2022,12,French Grand Prix,ricard,Circuit Paul Ricard,2022-07-24,hamilton,HAM,Lewis Hamilton,mercedes,Mercedes,4,2,2,18.0,Finished,53,4,1:37.668,4.0,1:33.041,1:32.274,1:31.765,1.0,37.189,18.0,2.0,"HARD,MEDIUM",30.164843750000003,54.46171875,47.734375,False
2022,12,French Grand Prix,ricard,Circuit Paul Ricard,2022-07-24,russell,RUS,George Russell,mercedes,Mercedes,6,3,3,15.0,Finished,53,3,1:37.548,6.0,1:33.109,1:32.633,1:32.131,1.0,38.277,18.0,2.0,"HARD,MEDIUM",30.164843750000003,54.46171875,47.734375,False
2022,12,French Grand Prix,ricard,Circuit Paul Ricard,2022-07-24,perez,PER,Sergio Pérez,red_bull,Red Bull,3,4,4,12.0,Finished,53,5,1:37.780,3.0,1:32.354,1:32.120,1:31.335,1.0,38.061,18.0,2.0,"HARD,MEDIUM",30.164843750000003,54.46171875,47.734375,False
2022,12,French Grand Prix,ricard,Circuit Paul Ricard,2022-07-24,sainz,SAI,Carlos Sainz,ferrari,Ferrari,19,5,5,11.0,Finished,53,1,1:35.781,9.0,1:32.297,1:31.081,,2.0,41.875,18.0,2.0,"HARD,MEDIUM",30.164843750000003,54.46171875,47.734375,False
2022,12,French Grand Prix,ricard,Circuit Paul Ricard,2022-07-24,alonso,ALO,Fernando Alonso,alpine,Alpine F1 Team,7,6,6,8.0,Finished,53,8,1:38.160,7.0,1:32.819,1:32.631,1:32.552,1.0,36.524,18.0,2.0,"HARD,MEDIUM",30.164843750000003,54.46171875,47.734375,False
2022,12,French Grand Prix,ricard,Circuit Paul Ricard,2022-07-24,norris,NOR,Lando Norris,mclaren,McLaren,5,7,7,6.0,Finished,53,11,1:39.037,5.0,1:32.672,1:32.777,1:32.032,1.0,37.539,18.0,2.0,"HARD,MEDIUM",30.164843750000003,54.46171875,47.734375,False
2022,12,French Grand Prix,ricard,Circuit Paul Ricard,2022-07-24,ocon,OCO,Esteban Ocon,alpine,Alpine F1 Team,10,8,8,4.0,Finished,53,9,1:38.684,12.0,1:33.346,1:33.048,,1.0,44.747,18.0,2.0,"HARD,MEDIUM",30.164843750000003,54.46171875,47.734375,False
2022,12,French Grand Prix,ricard,Circuit Paul Ricard,2022-07-24,ricciardo,RIC,Daniel Ricciardo,mclaren,McLaren,9,9,9,2.0,Finished,53,14,1:39.133,11.0,1:33.404,1:32.922,,1.0,36.264,18.0,2.0,"HARD,MEDIUM",30.164843750000003,54.46171875,47.734375,False
2022,12,French Grand Prix,ricard,Circuit Paul Ricard,2022-07-24,stroll,STR,Lance Stroll,aston_martin,Aston Martin,15,10,10,1.0,Finished,53,15,1:39.185,17.0,1:33.439,,,1.0,39.844,18.0,2.0,"HARD,MEDIUM",30.164843750000003,54.46171875,47.734375,False
2022,12,French Grand Prix,ricard,Circuit Paul Ricard,2022-07-24,vettel,VET,Sebastian Vettel,aston_martin,Aston Martin,12,11,11,0.0,Finished,53,12,1:39.044,14.0,1:33.285,1:33.276,,1.0,36.671,19.0,2.0,"HARD,MEDIUM",30.164843750000003,54.46171875,47.734375,False
2022,12,French Grand Prix,ricard,Circuit Paul Ricard,2022-07-24,gasly,GAS,Pierre Gasly,alphatauri,AlphaTauri,14,12,12,0.0,Finished,53,10,1:38.786,16.0,1:33.439,,,1.0,35.969,18.0,2.0,"HARD,MEDIUM",30.164843750000003,54.46171875,47.734375,False
2022,12,French Grand Prix,ricard,Circuit Paul Ricard,2022-07-24,albon,ALB,Alexander Albon,williams,Williams,13,13,13,0.0,Finished,53,16,1:39.199,15.0,1:33.423,1:33.307,,1.0,37.38,18.0,2.0,"HARD,MEDIUM",30.164843750000003,54.46171875,47.734375,False
2022,12,French Grand Prix,ricard,Circuit Paul Ricard,2022-07-24,bottas,BOT,Valtteri Bottas,alfa,Alfa Romeo,11,14,14,0.0,Finished,53,6,1:37.963,13.0,1:33.034,1:33.052,,2.0,37.1875,18.0,2.0,"HARD,MEDIUM",30.164843750000003,54.46171875,47.734375,False
2022,12,French Grand Prix,ricard,Circuit Paul Ricard,2022-07-24,mick_schumacher,MSC,Mick Schumacher,haas,Haas F1 Team,17,15,15,0.0,Finished,53,13,1:39.068,19.0,1:33.701,,,2.0,36.8535,9.0,2.0,"HARD,MEDIUM",30.164843750000003,54.46171875,47.734375,False
2022,12,French Grand Prix,ricard,Circuit Paul Ricard,2022-07-24,zhou,ZHO,Guanyu Zhou,alfa,Alfa Romeo,16,16,16,0.0,+6 Laps,47,18,1:39.368,18.0,1:33.674,,,2.0,43.617000000000004,9.0,2.0,"HARD,MEDIUM",30.164843750000003,54.46171875,47.734375,False
2022,12,French Grand Prix,ricard,Circuit Paul Ricard,2022-07-24,latifi,LAT,Nicholas Latifi,williams,Williams,18,17,R,0.0,Collision damage,40,19,1:39.650,20.0,1:33.794,,,2.0,37.2195,19.0,2.0,"HARD,MEDIUM",30.164843750000003,54.46171875,47.734375,False
2022,12,French Grand Prix,ricard,Circuit Paul Ricard,2022-07-24,kevin_magnussen,MAG,Kevin Magnussen,haas,Haas F1 Team,20,18,R,0.0,Collision damage,37,17,1:39.265,10.0,1:32.756,1:32.649,,2.0,36.591,8.0,2.0,"HARD,MEDIUM",30.164843750000003,54.46171875,47.734375,False
2022,12,French Grand Prix,ricard,Circuit Paul Ricard,2022-07-24,leclerc,LEC,Charles Leclerc,ferrari,Ferrari,1,19,R,0.0,Accident,17,7,1:38.088,1.0,1:31.727,1:31.216,1:30.872,,,,1.0,MEDIUM,30.164843750000003,54.46171875,47.734375,False
2022,12,French Grand Prix,ricard,Circuit Paul Ricard,2022-07-24,tsunoda,TSU,Yuki Tsunoda,alphatauri,AlphaTauri,8,20,R,0.0,Undertray,17,20,1:40.216,8.0,1:33.394,1:32.836,1:32.780,1.0,37.648,11.0,2.0,"HARD,MEDIUM",30.164843750000003,54.46171875,47.734375,False
2022,13,Hungarian Grand Prix,hungaroring,Hungaroring,2022-07-31,max_verstappen,VER,Max Verstappen,red_bull,Red Bull,10,1,1,25.0,Finished,70,6,1:22.126,10.0,1:18.509,1:17.703,1:18.823,2.0,21.2895,16.0,2.0,"MEDIUM,SOFT",18.559880239520957,26.720958083832333,69.31736526946108,True
2022,13,Hungarian Grand Prix,hungaroring,Hungaroring,2022-07-31,hamilton,HAM,Lewis Hamilton,mercedes,Mercedes,7,2,2,19.0,Finished,70,1,1:21.386,7.0,1:18.374,1:18.035,1:18.142,2.0,21.897,19.0,2.0,"MEDIUM,SOFT",18.559880239520957,26.720958083832333,69.31736526946108,True
2022,13,Hungarian Grand Prix,hungaroring,Hungaroring,2022-07-31,russell,RUS,George Russell,mercedes,Mercedes,1,3,3,15.0,Finished,70,9,1:22.766,1.0,1:18.407,1:18.154,1:17.377,2.0,22.253,16.0,2.0,"MEDIUM,SOFT",18.559880239520957,26.720958083832333,69.31736526946108,True
2022,13,Hungarian Grand Prix,hungaroring,Hungaroring,2022-07-31,sainz,SAI,Carlos Sainz,ferrari,Ferrari,2,4,4,12.0,Finished,70,4,1:22.000,2.0,1:18.434,1:17.946,1:17.421,2.0,23.137999999999998,17.0,2.0,"MEDIUM,SOFT",18.559880239520957,26.720958083832333,69.31736526946108,True
2022,13,Hungarian Grand Prix,hungaroring,Hungaroring,2022-07-31,perez,PER,Sergio Pérez,red_bull,Red Bull,11,5,5,10.0,Finished,70,3,1:21.940,11.0,1:19.118,1:18.516,,2.0,21.1425,18.0,2.0,"MEDIUM,SOFT",18.559880239520957,26.720958083832333,69.31736526946108,True
2022,13,Hungarian Grand Prix,hungaroring,Hungaroring,2022-07-31,leclerc,LEC,Charles Leclerc,ferrari,Ferrari,3,6,6,8.0,Finished,70,2,1:21.622,3.0,1:18.806,1:17.768,1:17.567,3.0,21.763666666666666,21.0,3.0,"HARD,MEDIUM,SOFT",18.559880239520957,26.720958083832333,69.31736526946108,True
2022,13,Hungarian Grand Prix,hungaroring,Hungaroring,2022-07-31,norris,NOR,Lando Norris,mclaren,McLaren,4,7,7,6.0,Finished,70,11,1:23.043,4.0,1:18.653,1:18.121,1:17.769,2.0,22.711,14.0,3.0,"HARD,MEDIUM,SOFT",18.559880239520957,26.720958083832333,69.31736526946108,True
2022,13,Hungarian Grand Prix,hungaroring,Hungaroring,2022-07-31,alonso,ALO,Fernando Alonso,alpine,Alpine F1 Team,6,8,8,4.0,+1 Lap,69,18,1:23.979,6.0,1:18.716,1:17.904,1:18.078,1.0,22.083,21.0,2.0,"HARD,MEDIUM",18.559880239520957,26.720958083832333,69.31736526946108,True
2022,13,Hungarian Grand Prix,hungaroring,Hungaroring,2022-07-31,ocon,OCO,Esteban Ocon,alpine,Alpine F1 Team,5,9,9,2.0,+1 Lap,69,20,1:24.149,5.0,1:18.866,1:18.216,1:18.018,1.0,23.581,23.0,2.0,"HARD,MEDIUM",18.559880239520957,26.720958083832333,69.31736526946108,True
2022,13,Hungarian Grand Prix,hungaroring,Hungaroring,2022-07-31,vettel,VET,Sebastian Vettel,aston_martin,Aston Martin,18,10,10,1.0,+1 Lap,69,10,1:22.824,18.0,1:19.273,,,2.0,23.216,15.0,2.0,"MEDIUM,SOFT",18.559880239520957,26.720958083832333,69.31736526946108,True
2022,13,Hungarian Grand Prix,hungaroring,Hungaroring,2022-07-31,stroll,STR,Lance Stroll,aston_martin,Aston Martin,14,11,11,0.0,+1 Lap,69,7,1:22.437,14.0,1:19.205,1:19.137,,2.0,21.697,14.0,2.0,"MEDIUM,SOFT",18.559880239520957,26.720958083832333,69.31736526946108,True
2022,13,Hungarian Grand Prix,hungaroring,Hungaroring,2022-07-31,gasly,GAS,Pierre Gasly,alphatauri,AlphaTauri,0,12,12,0.0,+1 Lap,69,14,1:23.199,19.0,1:19.527,,,2.0,21.582,16.0,2.0,"MEDIUM,SOFT",18.559880239520957,26.720958083832333,69.31736526946108,True
2022,13,Hungarian Grand Prix,hungaroring,Hungaroring,2022-07-31,zhou,ZHO,Guanyu Zhou,alfa,Alfa Romeo,12,13,13,0.0,+1 Lap,69,5,1:22.029,12.0,1:18.973,1:18.573,,2.0,25.2695,27.0,3.0,"HARD,MEDIUM,SOFT",18.559880239520957,26.720958083832333,69.31736526946108,True
2022,13,Hungarian Grand Prix,hungaroring,Hungaroring,2022-07-31,mick_schumacher,MSC,Mick Schumacher,haas,Haas F1 Team,15,14,14,0.0,+1 Lap,69,13,1:23.151,15.0,1:19.164,1:19.202,,2.0,22.7595,21.0,2.0,"HARD,MEDIUM",18.559880239520957,26.720958083832333,69.31736526946108,True
2022,13,Hungarian Grand Prix,hungaroring,Hungaroring,2022-07-31,ricciardo,RIC,Daniel Ricciardo,mclaren,McLaren,9,15,15,0.0,+1 Lap,69,17,1:23.654,9.0,1:18.775,1:18.198,1:18.379,2.0,21.5395,15.0,3.0,"HARD,MEDIUM,SOFT",18.559880239520957,26.720958083832333,69.31736526946108,True
2022,13,Hungarian Grand Prix,hungaroring,Hungaroring,2022-07-31,kevin_magnussen,MAG,Kevin Magnussen,haas,Haas F1 Team,13,16,16,0.0,+1 Lap,69,15,1:23.511,13.0,1:18.993,1:18.825,,3.0,25.332666666666665,6.0,3.0,"HARD,MEDIUM,SOFT",18.559880239520957,26.720958083832333,69.31736526946108,True
2022,13,Hungarian Grand Prix,hungaroring,Hungaroring,2022-07-31,albon,ALB,Alexander Albon,williams,Williams,17,17,17,0.0,+1 Lap,69,12,1:23.047,17.0,1:19.256,,,3.0,25.77933333333333,2.0,2.0,"MEDIUM,SOFT",18.559880239520957,26.720958083832333,69.31736526946108,True
2022,13,Hungarian Grand Prix,hungaroring,Hungaroring,2022-07-31,latifi,LAT,Nicholas Latifi,williams,Williams,19,18,18,0.0,+1 Lap,69,8,1:22.478,20.0,1:19.570,,,3.0,24.364666666666665,18.0,2.0,"MEDIUM,SOFT",18.559880239520957,26.720958083832333,69.31736526946108,True
2022,13,Hungarian Grand Prix,hungaroring,Hungaroring,2022-07-31,tsunoda,TSU,Yuki Tsunoda,alphatauri,AlphaTauri,16,19,19,0.0,+2 Laps,68,16,1:23.538,16.0,1:19.240,,,3.0,21.907,13.0,2.0,"MEDIUM,SOFT",18.559880239520957,26.720958083832333,69.31736526946108,True
2022,13,Hungarian Grand Prix,hungaroring,Hungaroring,2022-07-31,bottas,BOT,Valtteri Bottas,alfa,Alfa Romeo,8,20,20,0.0,Power Unit,65,19,1:24.002,8.0,1:18.935,1:18.445,1:18.157,1.0,22.272,26.0,2.0,"HARD,MEDIUM",18.559880239520957,26.720958083832333,69.31736526946108,True
2022,14,Belgian Grand Prix,spa,Circuit de Spa-Francorchamps,2022-08-28,max_verstappen,VER,Max Verstappen,red_bull,Red Bull,14,1,1,26.0,Finished,44,1,1:49.354,1.0,1:44.581,1:44.723,1:43.665,2.0,22.602,15.0,2.0,"MEDIUM,SOFT",21.78717948717949,36.08397435897436,40.51923076923077,False
2022,14,Belgian Grand Prix,spa,Circuit de Spa-Francorchamps,2022-08-28,perez,PER,Sergio Pérez,red_bull,Red Bull,2,2,2,18.0,Finished,44,3,1:50.764,3.0,1:45.377,1:44.794,1:44.462,2.0,22.499499999999998,14.0,2.0,"HARD,MEDIUM",21.78717948717949,36.08397435897436,40.51923076923077,False
2022,14,Belgian Grand Prix,spa,Circuit de Spa-Francorchamps,2022-08-28,sainz,SAI,Carlos Sainz,ferrari,Ferrari,1,3,3,15.0,Finished,44,7,1:51.977,2.0,1:45.050,1:45.418,1:44.297,2.0,22.6465,11.0,3.0,"HARD,MEDIUM,SOFT",21.78717948717949,36.08397435897436,40.51923076923077,False
2022,14,Belgian Grand Prix,spa,Circuit de Spa-Francorchamps,2022-08-28,russell,RUS,George Russell,mercedes,Mercedes,5,4,4,12.0,Finished,44,4,1:50.793,8.0,1:45.650,1:45.461,1:45.776,2.0,22.901,13.0,2.0,"HARD,MEDIUM",21.78717948717949,36.08397435897436,40.51923076923077,False
2022,14,Belgian Grand Prix,spa,Circuit de Spa-Francorchamps,2022-08-28,alonso,ALO,Fernando Alonso,alpine,Alpine F1 Team,3,5,5,10.0,Finished,44,13,1:52.868,6.0,1:46.075,1:45.552,1:45.368,2.0,23.2975,11.0,2.0,"HARD,MEDIUM",21.78717948717949,36.08397435897436,40.51923076923077,False
2022,14,Belgian Grand Prix,spa,Circuit de Spa-Francorchamps,2022-08-28,leclerc,LEC,Charles Leclerc,ferrari,Ferrari,15,6,6,8.0,Finished,44,2,1:49.984,4.0,1:45.572,1:44.551,1:44.553,3.0,23.573666666666668,3.0,2.0,"MEDIUM,SOFT",21.78717948717949,36.08397435897436,40.51923076923077,False
2022,14,Belgian Grand Prix,spa,Circuit de Spa-Francorchamps,2022-08-28,ocon,OCO,Esteban Ocon,alpine,Alpine F1 Team,16,7,7,6.0,Finished,44,6,1:51.717,5.0,1:46.039,1:45.475,1:45.180,2.0,23.500999999999998,12.0,2.0,"HARD,MEDIUM",21.78717948717949,36.08397435897436,40.51923076923077,False
2022,14,Belgian Grand Prix,spa,Circuit de Spa-Francorchamps,2022-08-28,vettel,VET,Sebastian Vettel,aston_martin,Aston Martin,10,8,8,4.0,Finished,44,11,1:52.515,16.0,1:46.344,,,2.0,23.0275,14.0,2.0,"HARD,MEDIUM",21.78717948717949,36.08397435897436,40.51923076923077,False
2022,14,Belgian Grand Prix,spa,Circuit de Spa-Francorchamps,2022-08-28,gasly,GAS,Pierre Gasly,alphatauri,AlphaTauri,0,9,9,2.0,Finished,44,15,1:53.002,12.0,1:46.183,1:45.827,,2.0,22.6995,10.0,3.0,"HARD,MEDIUM,SOFT",21.78717948717949,36.08397435897436,40.51923076923077,False
2022,14,Belgian Grand Prix,spa,Circuit de Spa-Francorchamps,2022-08-28,albon,ALB,Alexander Albon,williams,Williams,6,10,10,1.0,Finished,44,16,1:53.055,9.0,1:45.672,1:45.675,1:45.837,2.0,23.874499999999998,10.0,2.0,"HARD,MEDIUM",21.78717948717949,36.08397435897436,40.51923076923077,False
2022,14,Belgian Grand Prix,spa,Circuit de Spa-Francorchamps,2022-08-28,stroll,STR,Lance Stroll,aston_martin,Aston Martin,9,11,11,0.0,Finished,44,14,1:52.880,14.0,1:46.256,1:46.611,,2.0,23.451999999999998,15.0,2.0,"HARD,MEDIUM",21.78717948717949,36.08397435897436,40.51923076923077,False
2022,14,Belgian Grand Prix,spa,Circuit de Spa-Francorchamps,2022-08-28,norris,NOR,Lando Norris,mclaren,McLaren,17,12,12,0.0,Finished,44,5,1:51.678,10.0,1:45.745,1:45.603,1:46.178,2.0,23.298000000000002,13.0,2.0,"HARD,MEDIUM",21.78717948717949,36.08397435897436,40.51923076923077,False
2022,14,Belgian Grand Prix,spa,Circuit de Spa-Francorchamps,2022-08-28,tsunoda,TSU,Yuki Tsunoda,alphatauri,AlphaTauri,0,13,13,0.0,Finished,44,10,1:52.436,19.0,1:46.692,,,2.0,27.154,18.0,3.0,"HARD,MEDIUM,SOFT",21.78717948717949,36.08397435897436,40.51923076923077,False
2022,14,Belgian Grand Prix,spa,Circuit de Spa-Francorchamps,2022-08-28,zhou,ZHO,Guanyu Zhou,alfa,Alfa Romeo,18,14,14,0.0,Finished,44,9,1:52.317,13.0,1:46.178,1:46.085,,2.0,23.554000000000002,14.0,2.0,"MEDIUM,SOFT",21.78717948717949,36.08397435897436,40.51923076923077,False
2022,14,Belgian Grand Prix,spa,Circuit de Spa-Francorchamps,2022-08-28,ricciardo,RIC,Daniel Ricciardo,mclaren,McLaren,7,15,15,0.0,Finished,44,17,1:53.080,11.0,1:46.212,1:45.767,,2.0,23.1155,12.0,2.0,"HARD,MEDIUM",21.78717948717949,36.08397435897436,40.51923076923077,False
2022,14,Belgian Grand Prix,spa,Circuit de Spa-Francorchamps,2022-08-28,kevin_magnussen,MAG,Kevin Magnussen,haas,Haas F1 Team,12,16,16,0.0,+1 Lap,43,18,1:53.332,18.0,1:46.557,,,2.0,25.1055,11.0,2.0,"HARD,MEDIUM",21.78717948717949,36.08397435897436,40.51923076923077,False
2022,14,Belgian Grand Prix,spa,Circuit de Spa-Francorchamps,2022-08-28,mick_schumacher,MSC,Mick Schumacher,haas,Haas F1 Team,19,17,17,0.0,+1 Lap,43,12,1:52.646,15.0,1:46.342,1:47.718,,2.0,24.57,14.0,2.0,"HARD,MEDIUM",21.78717948717949,36.08397435897436,40.51923076923077,False
2022,14,Belgian Grand Prix,spa,Circuit de Spa-Francorchamps,2022-08-28,latifi,LAT,Nicholas Latifi,williams,Williams,11,18,18,0.0,+1 Lap,43,8,1:52.256,17.0,1:46.401,,,3.0,27.802333333333337,3.0,3.0,"HARD,MEDIUM,SOFT",21.78717948717949,36.08397435897436,40.51923076923077,False
2022,14,Belgian Grand Prix,spa,Circuit de Spa-Francorchamps,2022-08-28,bottas,BOT,Valtteri Bottas,alfa,Alfa Romeo,13,19,R,0.0,Accident,1,,,20.0,1:47.866,,,,,,1.0,SOFT,21.78717948717949,36.08397435897436,40.51923076923077,False
2022,14,Belgian Grand Prix,spa,Circuit de Spa-Francorchamps,2022-08-28,hamilton,HAM,Lewis Hamilton,mercedes,Mercedes,4,20,R,0.0,Collision damage,0,,,7.0,1:45.736,1:45.420,1:45.503,,,,1.0,MEDIUM,21.78717948717949,36.08397435897436,40.51923076923077,False
2022,15,Dutch Grand Prix,zandvoort,Circuit Park Zandvoort,2022-09-04,max_verstappen,VER,Max Verstappen,red_bull,Red Bull,1,1,1,26.0,Finished,72,1,1:13.652,1.0,1:11.317,1:10.927,1:10.342,4.0,18.253,18.0,3.0,"HARD,MEDIUM,SOFT",22.73006134969325,33.44601226993865,75.38036809815951,False
2022,15,Dutch Grand Prix,zandvoort,Circuit Park Zandvoort,2022-09-04,russell,RUS,George Russell,mercedes,Mercedes,6,2,2,18.0,Finished,72,2,1:13.671,6.0,1:11.561,1:10.824,1:11.147,3.0,20.488,31.0,3.0,"HARD,MEDIUM,SOFT",22.73006134969325,33.44601226993865,75.38036809815951,False
2022,15,Dutch Grand Prix,zandvoort,Circuit Park Zandvoort,2022-09-04,leclerc,LEC,Charles Leclerc,ferrari,Ferrari,2,3,3,15.0,Finished,72,6,1:14.413,2.0,1:11.443,1:10.988,1:10.363,4.0,17.937,17.0,3.0,"HARD,MEDIUM,SOFT",22.73006134969325,33.44601226993865,75.38036809815951,False
2022,15,Dutch Grand Prix,zandvoort,Circuit Park Zandvoort,2022-09-04,hamilton,HAM,Lewis Hamilton,mercedes,Mercedes,4,4,4,12.0,Finished,72,3,1:13.854,4.0,1:11.331,1:11.075,1:10.648,3.0,17.455000000000002,29.0,2.0,"HARD,MEDIUM",22.73006134969325,33.44601226993865,75.38036809815951,False
2022,15,Dutch Grand Prix,zandvoort,Circuit Park Zandvoort,2022-09-04,perez,PER,Sergio Pérez,red_bull,Red Bull,5,5,5,10.0,Finished,72,5,1:14.404,5.0,1:11.641,1:11.314,1:11.077,4.0,17.734,14.0,3.0,"HARD,MEDIUM,SOFT",22.73006134969325,33.44601226993865,75.38036809815951,False
2022,15,Dutch Grand Prix,zandvoort,Circuit Park Zandvoort,2022-09-04,alonso,ALO,Fernando Alonso,alpine,Alpine F1 Team,13,6,6,8.0,Finished,72,4,1:14.144,13.0,1:11.667,1:11.613,,3.0,18.947,12.0,2.0,"HARD,SOFT",22.73006134969325,33.44601226993865,75.38036809815951,False
2022,15,Dutch Grand Prix,zandvoort,Circuit Park Zandvoort,2022-09-04,norris,NOR,Lando Norris,mclaren,McLaren,7,7,7,6.0,Finished,72,8,1:14.706,7.0,1:11.556,1:11.116,1:11.174,3.0,20.561333333333334,17.0,3.0,"HARD,MEDIUM,SOFT",22.73006134969325,33.44601226993865,75.38036809815951,False
2022,15,Dutch Grand Prix,zandvoort,Circuit Park Zandvoort,2022-09-04,sainz,SAI,Carlos Sainz,ferrari,Ferrari,3,8,8,4.0,Finished,72,7,1:14.643,3.0,1:11.767,1:10.814,1:10.434,3.0,23.453999999999997,14.0,3.0,"HARD,MEDIUM,SOFT",22.73006134969325,33.44601226993865,75.38036809815951,False
2022,15,Dutch Grand Prix,zandvoort,Circuit Park Zandvoort,2022-09-04,ocon,OCO,Esteban Ocon,alpine,Alpine F1 Team,12,9,9,2.0,Finished,72,11,1:15.084,12.0,1:11.748,1:11.605,,3.0,18.366,18.0,2.0,"HARD,SOFT",22.73006134969325,33.44601226993865,75.38036809815951,False
2022,15,Dutch Grand Prix,zandvoort,Circuit Park Zandvoort,2022-09-04,stroll,STR,Lance Stroll,aston_martin,Aston Martin,10,10,10,1.0,Finished,72,10,1:15.043,10.0,1:11.568,1:11.416,,4.0,18.4195,16.0,3.0,"HARD,MEDIUM,SOFT",22.73006134969325,33.44601226993865,75.38036809815951,False
2022,15,Dutch Grand Prix,zandvoort,Circuit Park Zandvoort,2022-09-04,gasly,GAS,Pierre Gasly,alphatauri,AlphaTauri,11,11,11,0.0,Finished,72,12,1:15.165,11.0,1:11.705,1:11.512,,4.0,17.5085,11.0,3.0,"HARD,MEDIUM,SOFT",22.73006134969325,33.44601226993865,75.38036809815951,False
2022,15,Dutch Grand Prix,zandvoort,Circuit Park Zandvoort,2022-09-04,albon,ALB,Alexander Albon,williams,Williams,15,12,12,0.0,Finished,72,15,1:15.534,15.0,1:11.695,1:11.802,,4.0,18.4645,21.0,3.0,"HARD,MEDIUM,SOFT",22.73006134969325,33.44601226993865,75.38036809815951,False
2022,15,Dutch Grand Prix,zandvoort,Circuit Park Zandvoort,2022-09-04,mick_schumacher,MSC,Mick Schumacher,haas,Haas F1 Team,8,13,13,0.0,Finished,72,13,1:15.233,8.0,1:11.741,1:11.420,1:11.442,4.0,20.7635,13.0,3.0,"HARD,MEDIUM,SOFT",22.73006134969325,33.44601226993865,75.38036809815951,False
2022,15,Dutch Grand Prix,zandvoort,Circuit Park Zandvoort,2022-09-04,vettel,VET,Sebastian Vettel,aston_martin,Aston Martin,19,14,14,0.0,Finished,72,9,1:14.862,19.0,1:12.391,,,4.0,18.65125,9.0,3.0,"HARD,MEDIUM,SOFT",22.73006134969325,33.44601226993865,75.38036809815951,False
2022,15,Dutch Grand Prix,zandvoort,Circuit Park Zandvoort,2022-09-04,kevin_magnussen,MAG,Kevin Magnussen,haas,Haas F1 Team,18,15,15,0.0,Finished,72,14,1:15.369,18.0,1:12.319,,,4.0,20.58325,14.0,3.0,"HARD,MEDIUM,SOFT",22.73006134969325,33.44601226993865,75.38036809815951,False
2022,15,Dutch Grand Prix,zandvoort,Circuit Park Zandvoort,2022-09-04,zhou,ZHO,Guanyu Zhou,alfa,Alfa Romeo,14,16,16,0.0,Finished,72,17,1:15.940,14.0,1:11.826,1:11.704,,4.0,19.82425,12.0,2.0,"MEDIUM,SOFT",22.73006134969325,33.44601226993865,75.38036809815951,False
2022,15,Dutch Grand Prix,zandvoort,Circuit Park Zandvoort,2022-09-04,ricciardo,RIC,Daniel Ricciardo,mclaren,McLaren,17,17,17,0.0,Finished,72,16,1:15.577,17.0,1:12.081,,,5.0,18.7238,11.0,3.0,"HARD,MEDIUM,SOFT",22.73006134969325,33.44601226993865,75.38036809815951,False
2022,15,Dutch Grand Prix,zandvoort,Circuit Park Zandvoort,2022-09-04,latifi,LAT,Nicholas Latifi,williams,Williams,20,18,18,0.0,+1 Lap,71,18,1:16.066,20.0,1:13.353,,,4.0,18.88175,13.0,3.0,"HARD,MEDIUM,SOFT",22.73006134969325,33.44601226993865,75.38036809815951,False
2022,15,Dutch Grand Prix,zandvoort,Circuit Park Zandvoort,2022-09-04,bottas,BOT,Valtteri Bottas,alfa,Alfa Romeo,16,19,R,0.0,Engine,53,19,1:16.844,16.0,1:11.961,,,2.0,20.395,16.0,2.0,"MEDIUM,SOFT",22.73006134969325,33.44601226993865,75.38036809815951,False
2022,15,Dutch Grand Prix,zandvoort,Circuit Park Zandvoort,2022-09-04,tsunoda,TSU,Yuki Tsunoda,alphatauri,AlphaTauri,9,20,R,0.0,Differential,43,20,1:17.138,9.0,1:11.427,1:11.428,1:12.556,3.0,30.250333333333334,13.0,3.0,"HARD,MEDIUM,SOFT",22.73006134969325,33.44601226993865,75.38036809815951,False
2022,16,Italian Grand Prix,monza,Autodromo Nazionale di Monza,2022-09-11,max_verstappen,VER,Max Verstappen,red_bull,Red Bull,7,1,1,25.0,Finished,53,6,1:24.745,2.0,1:20.922,1:21.265,1:20.306,2.0,23.941000000000003,25.0,,,,,,
2022,16,Italian Grand Prix,monza,Autodromo Nazionale di Monza,2022-09-11,leclerc,LEC,Charles Leclerc,ferrari,Ferrari,1,2,2,18.0,Finished,53,2,1:24.336,1.0,1:21.280,1:21.208,1:20.161,3.0,23.718,12.0,,,,,,
2022,16,Italian Grand Prix,monza,Autodromo Nazionale di Monza,2022-09-11,russell,RUS,George Russell,mercedes,Mercedes,2,3,3,15.0,Finished,53,7,1:25.288,6.0,1:21.785,1:21.747,1:21.542,2.0,24.5945,23.0,,,,,,
2022,16,Italian Grand Prix,monza,Autodromo Nazionale di Monza,2022-09-11,sainz,SAI,Carlos Sainz,ferrari,Ferrari,18,4,4,12.0,Finished,53,4,1:24.446,3.0,1:21.348,1:20.878,1:20.429,2.0,24.1265,30.0,,,,,,
2022,16,Italian Grand Prix,monza,Autodromo Nazionale di Monza,2022-09-11,hamilton,HAM,Lewis Hamilton,mercedes,Mercedes,19,5,5,10.0,Finished,53,3,1:24.434,5.0,1:22.048,1:21.708,1:21.524,1.0,24.282,33.0,,,,,,
2022,16,Italian Grand Prix,monza,Autodromo Nazionale di Monza,2022-09-11,perez,PER,Sergio Pérez,red_bull,Red Bull,13,6,6,9.0,Finished,53,1,1:24.030,4.0,1:21.495,1:21.358,1:21.206,2.0,23.4985,7.0,,,,,,
2022,16,Italian Grand Prix,monza,Autodromo Nazionale di Monza,2022-09-11,norris,NOR,Lando Norris,mclaren,McLaren,3,7,7,6.0,Finished,53,5,1:24.718,7.0,1:22.130,1:21.831,1:21.584,2.0,25.749,35.0,,,,,,
2022,16,Italian Grand Prix,monza,Autodromo Nazionale di Monza,2022-09-11,gasly,GAS,Pierre Gasly,alphatauri,AlphaTauri,5,8,8,4.0,Finished,53,14,1:26.718,9.0,1:22.010,1:22.062,1:22.648,1.0,25.376,18.0,,,,,,
2022,16,Italian Grand Prix,monza,Autodromo Nazionale di Monza,2022-09-11,de_vries,DEV,Nyck de Vries,williams,Williams,8,9,9,2.0,Finished,53,13,1:26.624,13.0,1:22.567,1:22.471,,1.0,24.628,19.0,,,,,,
2022,16,Italian Grand Prix,monza,Autodromo Nazionale di Monza,2022-09-11,zhou,ZHO,Guanyu Zhou,alfa,Alfa Romeo,9,10,10,1.0,Finished,53,10,1:26.361,14.0,1:22.003,1:22.577,,1.0,25.366,18.0,,,,,,
2022,16,Italian Grand Prix,monza,Autodromo Nazionale di Monza,2022-09-11,ocon,OCO,Esteban Ocon,alpine,Alpine F1 Team,14,11,11,0.0,Finished,53,11,1:26.593,11.0,1:22.166,1:22.130,,1.0,24.336,19.0,,,,,,
2022,16,Italian Grand Prix,monza,Autodromo Nazionale di Monza,2022-09-11,mick_schumacher,MSC,Mick Schumacher,haas,Haas F1 Team,17,12,12,0.0,Finished,53,8,1:25.298,20.0,1:23.005,,,1.0,24.817,33.0,,,,,,
2022,16,Italian Grand Prix,monza,Autodromo Nazionale di Monza,2022-09-11,bottas,BOT,Valtteri Bottas,alfa,Alfa Romeo,15,13,13,0.0,+1 Lap,52,9,1:25.706,12.0,1:22.254,1:22.235,,1.0,24.758,35.0,,,,,,
2022,16,Italian Grand Prix,monza,Autodromo Nazionale di Monza,2022-09-11,tsunoda,TSU,Yuki Tsunoda,alphatauri,AlphaTauri,20,14,14,0.0,+1 Lap,52,17,1:26.857,15.0,1:22.020,,,2.0,23.9565,19.0,,,,,,
2022,16,Italian Grand Prix,monza,Autodromo Nazionale di Monza,2022-09-11,latifi,LAT,Nicholas Latifi,williams,Williams,10,15,15,0.0,+1 Lap,52,15,1:26.798,16.0,1:22.587,,,2.0,25.5225,15.0,,,,,,
2022,16,Italian Grand Prix,monza,Autodromo Nazionale di Monza,2022-09-11,kevin_magnussen,MAG,Kevin Magnussen,haas,Haas F1 Team,16,16,16,0.0,+1 Lap,52,16,1:26.798,19.0,1:22.908,,,2.0,27.505000000000003,24.0,,,,,,
2022,16,Italian Grand Prix,monza,Autodromo Nazionale di Monza,2022-09-11,ricciardo,RIC,Daniel Ricciardo,mclaren,McLaren,4,17,R,0.0,Oil leak,45,12,1:26.603,8.0,1:22.139,1:21.855,1:21.925,1.0,25.164,19.0,,,,,,
2022,16,Italian Grand Prix,monza,Autodromo Nazionale di Monza,2022-09-11,stroll,STR,Lance Stroll,aston_martin,Aston Martin,12,18,R,0.0,Engine,39,19,1:27.467,18.0,1:22.748,,,1.0,24.254,18.0,,,,,,
2022,16,Italian Grand Prix,monza,Autodromo Nazionale di Monza,2022-09-11,alonso,ALO,Fernando Alonso,alpine,Alpine F1 Team,6,19,R,0.0,Water pressure,31,18,1:27.203,10.0,1:22.089,1:21.861,,,,,,,,,,
2022,16,Italian Grand Prix,monza,Autodromo Nazionale di Monza,2022-09-11,vettel,VET,Sebastian Vettel,aston_martin,Aston Martin,11,20,R,0.0,Engine,10,20,1:27.501,17.0,1:22.636,,,,,,,,,,,
2022,17,Singapore Grand Prix,marina_bay,Marina Bay Street Circuit,2022-10-02,perez,PER,Sergio Pérez,red_bull,Red Bull,2,1,1,25.0,Finished,59,2,1:48.165,2.0,1:54.404,1:52.818,1:49.434,1.0,29.55,35.0,,,,,,
2022,17,Singapore Grand Prix,marina_bay,Marina Bay Street Circuit,2022-10-02,leclerc,LEC,Charles Leclerc,ferrari,Ferrari,1,2,2,18.0,Finished,59,4,1:48.753,1.0,1:54.129,1:52.343,1:49.412,1.0,32.058,34.0,,,,,,
2022,17,Singapore Grand Prix,marina_bay,Marina Bay Street Circuit,2022-10-02,sainz,SAI,Carlos Sainz,ferrari,Ferrari,4,3,3,15.0,Finished,59,3,1:48.414,4.0,1:54.559,1:53.219,1:49.583,1.0,30.603,35.0,,,,,,
2022,17,Singapore Grand Prix,marina_bay,Marina Bay Street Circuit,2022-10-02,norris,NOR,Lando Norris,mclaren,McLaren,6,4,4,12.0,Finished,59,6,1:49.212,6.0,1:55.914,1:53.942,1:50.584,1.0,30.528,36.0,,,,,,
2022,17,Singapore Grand Prix,marina_bay,Marina Bay Street Circuit,2022-10-02,ricciardo,RIC,Daniel Ricciardo,mclaren,McLaren,16,5,5,10.0,Finished,59,12,1:51.006,17.0,1:56.226,,,1.0,30.946,36.0,,,,,,
2022,17,Singapore Grand Prix,marina_bay,Marina Bay Street Circuit,2022-10-02,stroll,STR,Lance Stroll,aston_martin,Aston Martin,11,6,6,8.0,Finished,59,7,1:50.283,12.0,1:55.629,1:54.211,,1.0,29.863,35.0,,,,,,
2022,17,Singapore Grand Prix,marina_bay,Marina Bay Street Circuit,2022-10-02,max_verstappen,VER,Max Verstappen,red_bull,Red Bull,8,7,7,6.0,Finished,59,5,1:49.142,8.0,1:53.057,1:52.723,1:51.395,2.0,29.591,35.0,,,,,,
2022,17,Singapore Grand Prix,marina_bay,Marina Bay Street Circuit,2022-10-02,vettel,VET,Sebastian Vettel,aston_martin,Aston Martin,13,8,8,4.0,Finished,59,11,1:50.669,14.0,1:55.602,1:54.380,,1.0,29.704,34.0,,,,,,
2022,17,Singapore Grand Prix,marina_bay,Marina Bay Street Circuit,2022-10-02,hamilton,HAM,Lewis Hamilton,mercedes,Mercedes,3,9,9,2.0,Finished,59,10,1:50.622,3.0,1:53.161,1:52.691,1:49.466,1.0,41.019,34.0,,,,,,
2022,17,Singapore Grand Prix,marina_bay,Marina Bay Street Circuit,2022-10-02,gasly,GAS,Pierre Gasly,alphatauri,AlphaTauri,7,10,10,1.0,Finished,59,9,1:50.569,7.0,1:55.606,1:53.546,1:51.211,1.0,29.867,33.0,,,,,,
2022,17,Singapore Grand Prix,marina_bay,Marina Bay Street Circuit,2022-10-02,bottas,BOT,Valtteri Bottas,alfa,Alfa Romeo,15,11,11,0.0,Finished,59,13,1:51.864,16.0,1:56.083,,,1.0,32.167,33.0,,,,,,
2022,17,Singapore Grand Prix,marina_bay,Marina Bay Street Circuit,2022-10-02,kevin_magnussen,MAG,Kevin Magnussen,haas,Haas F1 Team,9,12,12,0.0,Finished,59,14,1:52.067,9.0,1:55.103,1:54.006,1:51.573,2.0,35.925,7.0,,,,,,
2022,17,Singapore Grand Prix,marina_bay,Marina Bay Street Circuit,2022-10-02,mick_schumacher,MSC,Mick Schumacher,haas,Haas F1 Team,12,13,13,0.0,+1 Lap,58,8,1:50.290,13.0,1:55.736,1:54.370,,2.0,32.9615,34.0,,,,,,
2022,17,Singapore Grand Prix,marina_bay,Marina Bay Street Circuit,2022-10-02,russell,RUS,George Russell,mercedes,Mercedes,0,14,14,0.0,+2 Laps,57,1,1:46.458,11.0,1:54.633,1:54.012,,4.0,30.79875,21.0,,,,,,
2022,17,Singapore Grand Prix,marina_bay,Marina Bay Street Circuit,2022-10-02,tsunoda,TSU,Yuki Tsunoda,alphatauri,AlphaTauri,10,15,R,0.0,Accident,34,15,1:58.716,10.0,1:55.314,1:53.848,1:51.983,1.0,31.293,33.0,,,,,,
2022,17,Singapore Grand Prix,marina_bay,Marina Bay Street Circuit,2022-10-02,ocon,OCO,Esteban Ocon,alpine,Alpine F1 Team,17,16,R,0.0,Engine,26,17,2:01.105,18.0,1:56.337,,,,,,,,,,,
2022,17,Singapore Grand Prix,marina_bay,Marina Bay Street Circuit,2022-10-02,albon,ALB,Alexander Albon,williams,Williams,18,17,R,0.0,Collision damage,25,18,2:02.121,19.0,1:56.985,,,,,,,,,,,
2022,17,Singapore Grand Prix,marina_bay,Marina Bay Street Circuit,2022-10-02,alonso,ALO,Fernando Alonso,alpine,Alpine F1 Team,5,18,R,0.0,Engine,20,16,2:00.463,5.0,1:55.360,1:53.127,1:49.966,,,,,,,,,
2022,17,Singapore Grand Prix,marina_bay,Marina Bay Street Circuit,2022-10-02,latifi,LAT,Nicholas Latifi,williams,Williams,19,19,R,0.0,Collision damage,7,20,2:05.585,20.0,1:57.532,,,,,,,,,,,
2022,17,Singapore Grand Prix,marina_bay,Marina Bay Street Circuit,2022-10-02,zhou,ZHO,Guanyu Zhou,alfa,Alfa Romeo,14,20,R,0.0,Collision,6,19,2:05.556,15.0,1:55.375,1:55.518,,,,,,,,,,
2022,18,Japanese Grand Prix,suzuka,Suzuka Circuit,2022-10-09,max_verstappen,VER,Max Verstappen,red_bull,Red Bull,1,1,1,25.0,Finished,28,4,1:44.911,1.0,1:30.224,1:30.346,1:29.304,2.0,24.308,2.0,,,,,,
2022,18,Japanese Grand Prix,suzuka,Suzuka Circuit,2022-10-09,perez,PER,Sergio Pérez,red_bull,Red Bull,4,2,2,18.0,Finished,28,9,1:46.120,4.0,1:30.622,1:29.925,1:29.709,2.0,25.322,2.0,,,,,,
2022,18,Japanese Grand Prix,suzuka,Suzuka Circuit,2022-10-09,leclerc,LEC,Charles Leclerc,ferrari,Ferrari,2,3,3,15.0,Finished,28,3,1:44.489,2.0,1:30.402,1:30.486,1:29.314,2.0,25.899,2.0,,,,,,
2022,18,Japanese Grand Prix,suzuka,Suzuka Circuit,2022-10-09,ocon,OCO,Esteban Ocon,alpine,Alpine F1 Team,5,4,4,12.0,Finished,28,11,1:46.559,5.0,1:30.696,1:30.357,1:30.165,2.0,25.172,2.0,,,,,,
2022,18,Japanese Grand Prix,suzuka,Suzuka Circuit,2022-10-09,hamilton,HAM,Lewis Hamilton,mercedes,Mercedes,6,5,5,10.0,Finished,28,7,1:45.530,6.0,1:30.906,1:30.443,1:30.261,2.0,25.059,2.0,,,,,,
2022,18,Japanese Grand Prix,suzuka,Suzuka Circuit,2022-10-09,vettel,VET,Sebastian Vettel,aston_martin,Aston Martin,9,6,6,8.0,Finished,28,12,1:46.964,9.0,1:31.256,1:30.656,1:30.554,2.0,24.218,2.0,,,,,,
2022,18,Japanese Grand Prix,suzuka,Suzuka Circuit,2022-10-09,alonso,ALO,Fernando Alonso,alpine,Alpine F1 Team,7,7,7,6.0,Finished,28,2,1:44.412,7.0,1:30.603,1:30.343,1:30.322,3.0,24.1145,2.0,,,,,,
2022,18,Japanese Grand Prix,suzuka,Suzuka Circuit,2022-10-09,russell,RUS,George Russell,mercedes,Mercedes,8,8,8,4.0,Finished,28,13,1:47.004,8.0,1:30.865,1:30.465,1:30.389,2.0,28.728,2.0,,,,,,
2022,18,Japanese Grand Prix,suzuka,Suzuka Circuit,2022-10-09,latifi,LAT,Nicholas Latifi,williams,Williams,20,9,9,2.0,Finished,28,18,1:48.371,20.0,1:31.511,,,2.0,24.785,2.0,,,,,,
2022,18,Japanese Grand Prix,suzuka,Suzuka Circuit,2022-10-09,norris,NOR,Lando Norris,mclaren,McLaren,10,10,10,1.0,Finished,28,17,1:48.175,10.0,1:30.881,1:30.473,1:31.003,2.0,24.595,2.0,,,,,,
2022,18,Japanese Grand Prix,suzuka,Suzuka Circuit,2022-10-09,ricciardo,RIC,Daniel Ricciardo,mclaren,McLaren,11,11,11,0.0,Finished,28,15,1:47.843,11.0,1:30.880,1:30.659,,2.0,25.377,2.0,,,,,,
2022,18,Japanese Grand Prix,suzuka,Suzuka Circuit,2022-10-09,stroll,STR,Lance Stroll,aston_martin,Aston Martin,19,12,12,0.0,Finished,28,5,1:45.205,19.0,1:31.419,,,3.0,23.9375,2.0,,,,,,
2022,18,Japanese Grand Prix,suzuka,Suzuka Circuit,2022-10-09,tsunoda,TSU,Yuki Tsunoda,alphatauri,AlphaTauri,13,13,13,0.0,Finished,28,8,1:45.893,13.0,1:31.130,1:30.808,,3.0,24.0975,2.0,,,,,,
2022,18,Japanese Grand Prix,suzuka,Suzuka Circuit,2022-10-09,kevin_magnussen,MAG,Kevin Magnussen,haas,Haas F1 Team,18,14,14,0.0,Finished,28,16,1:48.072,18.0,1:31.352,,,2.0,25.594,2.0,,,,,,
2022,18,Japanese Grand Prix,suzuka,Suzuka Circuit,2022-10-09,bottas,BOT,Valtteri Bottas,alfa,Alfa Romeo,12,15,15,0.0,Finished,28,14,1:47.820,12.0,1:31.226,1:30.709,,2.0,24.869,2.0,,,,,,
2022,18,Japanese Grand Prix,suzuka,Suzuka Circuit,2022-10-09,zhou,ZHO,Guanyu Zhou,alfa,Alfa Romeo,14,16,16,0.0,Finished,28,1,1:44.411,14.0,1:30.894,1:30.953,,3.0,24.414499999999997,2.0,,,,,,
2022,18,Japanese Grand Prix,suzuka,Suzuka Circuit,2022-10-09,mick_schumacher,MSC,Mick Schumacher,haas,Haas F1 Team,15,17,17,0.0,Finished,28,6,1:45.387,15.0,1:31.152,1:31.439,,2.0,24.608,2.0,,,,,,
2022,18,Japanese Grand Prix,suzuka,Suzuka Circuit,2022-10-09,gasly,GAS,Pierre Gasly,alphatauri,AlphaTauri,17,18,18,0.0,Finished,28,10,1:46.545,17.0,1:31.322,,,4.0,30.08366666666667,1.0,,,,,,
2022,18,Japanese Grand Prix,suzuka,Suzuka Circuit,2022-10-09,sainz,SAI,Carlos Sainz,ferrari,Ferrari,3,19,R,0.0,Accident,0,,,3.0,1:30.336,1:30.444,1:29.361,,,,,,,,,
2022,18,Japanese Grand Prix,suzuka,Suzuka Circuit,2022-10-09,albon,ALB,Alexander Albon,williams,Williams,16,20,R,0.0,Hydraulics,0,,,16.0,1:31.311,,,,,,,,,,,
2022,19,United States Grand Prix,americas,Circuit of the Americas,2022-10-23,max_verstappen,VER,Max Verstappen,red_bull,Red Bull,2,1,1,25.0,Finished,56,2,1:39.541,3.0,1:35.864,1:35.294,1:34.448,2.0,28.06,13.0,,,,,,
2022,19,United States Grand Prix,americas,Circuit of the Americas,2022-10-23,hamilton,HAM,Lewis Hamilton,mercedes,Mercedes,3,2,2,18.0,Finished,56,5,1:39.830,5.0,1:36.148,1:35.732,1:34.947,2.0,24.2485,12.0,,,,,,
2022,19,United States Grand Prix,americas,Circuit of the Americas,2022-10-23,leclerc,LEC,Charles Leclerc,ferrari,Ferrari,12,3,3,15.0,Finished,56,4,1:39.731,2.0,1:35.795,1:35.246,1:34.421,2.0,24.0345,18.0,,,,,,
2022,19,United States Grand Prix,americas,Circuit of the Americas,2022-10-23,perez,PER,Sergio Pérez,red_bull,Red Bull,9,4,4,12.0,Finished,56,3,1:39.563,4.0,1:36.163,1:35.864,1:34.645,2.0,24.101999999999997,14.0,,,,,,
2022,19,United States Grand Prix,americas,Circuit of the Americas,2022-10-23,russell,RUS,George Russell,mercedes,Mercedes,4,5,5,11.0,Finished,56,1,1:38.788,6.0,1:36.195,1:35.692,1:34.988,3.0,26.164666666666665,13.0,,,,,,
2022,19,United States Grand Prix,americas,Circuit of the Americas,2022-10-23,norris,NOR,Lando Norris,mclaren,McLaren,6,6,6,8.0,Finished,56,7,1:41.322,8.0,1:36.465,1:36.341,1:35.690,2.0,23.864,14.0,,,,,,
2022,19,United States Grand Prix,americas,Circuit of the Americas,2022-10-23,alonso,ALO,Fernando Alonso,alpine,Alpine F1 Team,14,7,7,6.0,Finished,56,8,1:41.538,9.0,1:36.446,1:35.988,1:35.876,2.0,31.7885,18.0,,,,,,
2022,19,United States Grand Prix,americas,Circuit of the Americas,2022-10-23,vettel,VET,Sebastian Vettel,aston_martin,Aston Martin,10,8,8,4.0,Finished,56,16,1:42.546,12.0,1:36.695,1:36.398,,2.0,31.232,18.0,,,,,,
2022,19,United States Grand Prix,americas,Circuit of the Americas,2022-10-23,kevin_magnussen,MAG,Kevin Magnussen,haas,Haas F1 Team,13,9,9,2.0,Finished,56,11,1:42.206,16.0,1:36.949,,,1.0,29.039,18.0,,,,,,
2022,19,United States Grand Prix,americas,Circuit of the Americas,2022-10-23,tsunoda,TSU,Yuki Tsunoda,alphatauri,AlphaTauri,19,10,10,1.0,Finished,56,6,1:41.243,15.0,1:36.808,1:37.147,,2.0,23.4645,10.0,,,,,,
2022,19,United States Grand Prix,americas,Circuit of the Americas,2022-10-23,ocon,OCO,Esteban Ocon,alpine,Alpine F1 Team,0,11,11,0.0,Finished,56,13,1:42.394,18.0,1:37.068,,,2.0,24.7635,18.0,,,,,,
2022,19,United States Grand Prix,americas,Circuit of the Americas,2022-10-23,zhou,ZHO,Guanyu Zhou,alfa,Alfa Romeo,18,12,12,0.0,Finished,56,15,1:42.471,14.0,1:36.656,1:36.970,,2.0,26.1705,9.0,,,,,,
2022,19,United States Grand Prix,americas,Circuit of the Americas,2022-10-23,albon,ALB,Alexander Albon,williams,Williams,8,13,13,0.0,Finished,56,9,1:41.674,11.0,1:36.932,1:36.368,,2.0,24.4675,9.0,,,,,,
2022,19,United States Grand Prix,americas,Circuit of the Americas,2022-10-23,gasly,GAS,Pierre Gasly,alphatauri,AlphaTauri,11,14,14,0.0,Finished,56,12,1:42.320,13.0,1:36.577,1:36.740,,2.0,26.294,11.0,,,,,,
2022,19,United States Grand Prix,americas,Circuit of the Americas,2022-10-23,mick_schumacher,MSC,Mick Schumacher,haas,Haas F1 Team,16,15,15,0.0,Finished,56,10,1:41.804,19.0,1:37.111,,,2.0,24.93,18.0,,,,,,
2022,19,United States Grand Prix,americas,Circuit of the Americas,2022-10-23,ricciardo,RIC,Daniel Ricciardo,mclaren,McLaren,15,16,16,0.0,Finished,56,14,1:42.420,17.0,1:37.046,,,2.0,25.320999999999998,10.0,,,,,,
2022,19,United States Grand Prix,americas,Circuit of the Americas,2022-10-23,latifi,LAT,Nicholas Latifi,williams,Williams,17,17,17,0.0,Finished,56,19,1:43.485,20.0,1:37.244,,,2.0,24.758000000000003,5.0,,,,,,
2022,19,United States Grand Prix,americas,Circuit of the Americas,2022-10-23,stroll,STR,Lance Stroll,aston_martin,Aston Martin,5,18,R,0.0,Collision,21,17,1:43.080,7.0,1:36.860,1:36.032,1:35.598,1.0,25.417,15.0,,,,,,
2022,19,United States Grand Prix,americas,Circuit of the Americas,2022-10-23,bottas,BOT,Valtteri Bottas,alfa,Alfa Romeo,7,19,R,0.0,Spun off,16,18,1:43.391,10.0,1:36.746,1:36.321,1:36.319,1.0,25.013,10.0,,,,,,
2022,19,United States Grand Prix,americas,Circuit of the Americas,2022-10-23,sainz,SAI,Carlos Sainz,ferrari,Ferrari,1,20,R,0.0,Collision damage,1,,,1.0,1:35.297,1:35.590,1:34.356,,,,,,,,,
2022,20,Mexico City Grand Prix,rodriguez,Autódromo Hermanos Rodríguez,2022-10-30,max_verstappen,VER,Max Verstappen,red_bull,Red Bull,1,1,1,25.0,Finished,71,4,1:22.046,1.0,1:19.222,1:18.566,1:17.775,1.0,22.487,25.0,,,,,,
2022,20,Mexico City Grand Prix,rodriguez,Autódromo Hermanos Rodríguez,2022-10-30,hamilton,HAM,Lewis Hamilton,mercedes,Mercedes,3,2,2,18.0,Finished,71,5,1:22.062,3.0,1:19.169,1:18.552,1:18.084,1.0,23.194,29.0,,,,,,
2022,20,Mexico City Grand Prix,rodriguez,Autódromo Hermanos Rodríguez,2022-10-30,perez,PER,Sergio Pérez,red_bull,Red Bull,4,3,3,15.0,Finished,71,2,1:21.775,4.0,1:19.706,1:18.615,1:18.128,1.0,24.892,23.0,,,,,,
2022,20,Mexico City Grand Prix,rodriguez,Autódromo Hermanos Rodríguez,2022-10-30,russell,RUS,George Russell,mercedes,Mercedes,2,4,4,13.0,Finished,71,1,1:20.153,2.0,1:19.583,1:18.565,1:18.079,2.0,22.9565,34.0,,,,,,
2022,20,Mexico City Grand Prix,rodriguez,Autódromo Hermanos Rodríguez,2022-10-30,sainz,SAI,Carlos Sainz,ferrari,Ferrari,5,5,5,10.0,Finished,71,6,1:22.199,5.0,1:19.566,1:18.560,1:18.351,1.0,23.469,29.0,,,,,,
2022,20,Mexico City Grand Prix,rodriguez,Autódromo Hermanos Rodríguez,2022-10-30,leclerc,LEC,Charles Leclerc,ferrari,Ferrari,7,6,6,8.0,Finished,71,10,1:22.603,7.0,1:19.505,1:19.109,1:18.555,1.0,22.193,28.0,,,,,,
2022,20,Mexico City Grand Prix,rodriguez,Autódromo Hermanos Rodríguez,2022-10-30,ricciardo,RIC,Daniel Ricciardo,mclaren,McLaren,11,7,7,6.0,+1 Lap,70,3,1:22.022,11.0,1:20.279,1:19.325,,1.0,22.28,44.0,,,,,,
2022,20,Mexico City Grand Prix,rodriguez,Autódromo Hermanos Rodríguez,2022-10-30,ocon,OCO,Esteban Ocon,alpine,Alpine F1 Team,10,8,8,4.0,+1 Lap,70,14,1:23.279,10.0,1:19.945,1:19.081,1:19.010,1.0,22.343,33.0,,,,,,
2022,20,Mexico City Grand Prix,rodriguez,Autódromo Hermanos Rodríguez,2022-10-30,norris,NOR,Lando Norris,mclaren,McLaren,8,9,9,2.0,+1 Lap,70,17,1:23.402,8.0,1:19.857,1:19.119,1:18.721,1.0,22.585,31.0,,,,,,
2022,20,Mexico City Grand Prix,rodriguez,Autódromo Hermanos Rodríguez,2022-10-30,bottas,BOT,Valtteri Bottas,alfa,Alfa Romeo,6,10,10,1.0,+1 Lap,70,16,1:23.363,6.0,1:19.523,1:18.762,1:18.401,1.0,23.863,39.0,,,,,,
2022,20,Mexico City Grand Prix,rodriguez,Autódromo Hermanos Rodríguez,2022-10-30,gasly,GAS,Pierre Gasly,alphatauri,AlphaTauri,14,11,11,0.0,+1 Lap,70,8,1:22.277,14.0,1:20.256,1:19.672,,1.0,29.168,40.0,,,,,,
2022,20,Mexico City Grand Prix,rodriguez,Autódromo Hermanos Rodríguez,2022-10-30,albon,ALB,Alexander Albon,williams,Williams,17,12,12,0.0,+1 Lap,70,12,1:22.914,19.0,1:20.859,,,1.0,23.182,38.0,,,,,,
2022,20,Mexico City Grand Prix,rodriguez,Autódromo Hermanos Rodríguez,2022-10-30,zhou,ZHO,Guanyu Zhou,alfa,Alfa Romeo,12,13,13,0.0,+1 Lap,70,7,1:22.260,12.0,1:20.283,1:19.476,,1.0,24.218,45.0,,,,,,
2022,20,Mexico City Grand Prix,rodriguez,Autódromo Hermanos Rodríguez,2022-10-30,vettel,VET,Sebastian Vettel,aston_martin,Aston Martin,16,14,14,0.0,+1 Lap,70,13,1:23.086,17.0,1:20.419,,,1.0,22.534,38.0,,,,,,
2022,20,Mexico City Grand Prix,rodriguez,Autódromo Hermanos Rodríguez,2022-10-30,stroll,STR,Lance Stroll,aston_martin,Aston Martin,20,15,15,0.0,+1 Lap,70,9,1:22.463,18.0,1:20.520,,,2.0,23.314,17.0,,,,,,
2022,20,Mexico City Grand Prix,rodriguez,Autódromo Hermanos Rodríguez,2022-10-30,mick_schumacher,MSC,Mick Schumacher,haas,Haas F1 Team,15,16,16,0.0,+1 Lap,70,19,1:23.641,16.0,1:20.419,,,1.0,23.679,24.0,,,,,,
2022,20,Mexico City Grand Prix,rodriguez,Autódromo Hermanos Rodríguez,2022-10-30,kevin_magnussen,MAG,Kevin Magnussen,haas,Haas F1 Team,19,17,17,0.0,+1 Lap,70,15,1:23.300,15.0,1:20.293,1:19.833,,1.0,23.722,38.0,,,,,,
2022,20,Mexico City Grand Prix,rodriguez,Autódromo Hermanos Rodríguez,2022-10-30,latifi,LAT,Nicholas Latifi,williams,Williams,18,18,18,0.0,+2 Laps,69,20,1:23.709,20.0,1:21.167,,,2.0,23.9325,23.0,,,,,,
2022,20,Mexico City Grand Prix,rodriguez,Autódromo Hermanos Rodríguez,2022-10-30,alonso,ALO,Fernando Alonso,alpine,Alpine F1 Team,9,19,19,0.0,Engine,63,11,1:22.866,9.0,1:20.006,1:19.272,1:18.939,1.0,23.159,40.0,,,,,,
2022,20,Mexico City Grand Prix,rodriguez,Autódromo Hermanos Rodríguez,2022-10-30,tsunoda,TSU,Yuki Tsunoda,alphatauri,AlphaTauri,13,20,R,0.0,Collision damage,50,18,1:23.403,13.0,1:19.907,1:19.589,,1.0,22.468,29.0,,,,,,
2022,21,São Paulo Grand Prix,interlagos,Autódromo José Carlos Pace,2022-11-13,russell,RUS,George Russell,mercedes,Mercedes,1,1,1,26.0,Finished,71,1,1:13.785,3.0,1:14.427,1:11.318,1:12.059,2.0,23.500500000000002,24.0,,,,,,
2022,21,São Paulo Grand Prix,interlagos,Autódromo José Carlos Pace,2022-11-13,hamilton,HAM,Lewis Hamilton,mercedes,Mercedes,2,2,2,18.0,Finished,71,2,1:13.942,8.0,1:13.403,1:11.539,1:12.611,2.0,23.747999999999998,29.0,,,,,,
2022,21,São Paulo Grand Prix,interlagos,Autódromo José Carlos Pace,2022-11-13,sainz,SAI,Carlos Sainz,ferrari,Ferrari,7,3,3,15.0,Finished,71,3,1:13.953,5.0,1:14.680,1:10.890,1:12.357,3.0,24.168333333333333,17.0,,,,,,
2022,21,São Paulo Grand Prix,interlagos,Autódromo José Carlos Pace,2022-11-13,leclerc,LEC,Charles Leclerc,ferrari,Ferrari,5,4,4,12.0,Finished,71,6,1:14.253,10.0,1:14.486,1:10.950,,3.0,25.458666666666662,7.0,,,,,,
2022,21,São Paulo Grand Prix,interlagos,Autódromo José Carlos Pace,2022-11-13,alonso,ALO,Fernando Alonso,alpine,Alpine F1 Team,17,5,5,10.0,Finished,71,4,1:14.164,7.0,1:13.542,1:11.394,1:12.504,3.0,25.37433333333333,14.0,,,,,,
2022,21,São Paulo Grand Prix,interlagos,Autódromo José Carlos Pace,2022-11-13,max_verstappen,VER,Max Verstappen,red_bull,Red Bull,3,6,6,8.0,Finished,71,5,1:14.195,2.0,1:13.625,1:10.881,1:11.877,3.0,28.908666666666665,7.0,,,,,,
2022,21,São Paulo Grand Prix,interlagos,Autódromo José Carlos Pace,2022-11-13,perez,PER,Sergio Pérez,red_bull,Red Bull,4,7,7,6.0,Finished,71,7,1:14.283,9.0,1:13.613,1:11.456,1:15.601,2.0,23.0105,23.0,,,,,,
2022,21,São Paulo Grand Prix,interlagos,Autódromo José Carlos Pace,2022-11-13,ocon,OCO,Esteban Ocon,alpine,Alpine F1 Team,16,8,8,4.0,Finished,71,9,1:15.093,6.0,1:14.663,1:11.587,1:12.425,2.0,24.1565,24.0,,,,,,
2022,21,São Paulo Grand Prix,interlagos,Autódromo José Carlos Pace,2022-11-13,bottas,BOT,Valtteri Bottas,alfa,Alfa Romeo,14,9,9,2.0,Finished,71,14,1:15.511,18.0,1:15.486,,,2.0,24.262,24.0,,,,,,
2022,21,São Paulo Grand Prix,interlagos,Autódromo José Carlos Pace,2022-11-13,stroll,STR,Lance Stroll,aston_martin,Aston Martin,15,10,10,1.0,Finished,71,8,1:14.831,15.0,1:14.398,1:12.210,,2.0,23.616500000000002,29.0,,,,,,
2022,21,São Paulo Grand Prix,interlagos,Autódromo José Carlos Pace,2022-11-13,vettel,VET,Sebastian Vettel,aston_martin,Aston Martin,9,11,11,0.0,Finished,71,15,1:15.549,13.0,1:13.597,1:11.678,,2.0,24.137999999999998,26.0,,,,,,
2022,21,São Paulo Grand Prix,interlagos,Autódromo José Carlos Pace,2022-11-13,zhou,ZHO,Guanyu Zhou,alfa,Alfa Romeo,13,12,12,0.0,Finished,71,17,1:15.802,17.0,1:15.197,,,2.0,24.7215,16.0,,,,,,
2022,21,São Paulo Grand Prix,interlagos,Autódromo José Carlos Pace,2022-11-13,mick_schumacher,MSC,Mick Schumacher,haas,Haas F1 Team,12,13,13,0.0,Finished,71,10,1:15.251,20.0,1:16.361,,,2.0,24.8215,24.0,,,,,,
2022,21,São Paulo Grand Prix,interlagos,Autódromo José Carlos Pace,2022-11-13,gasly,GAS,Pierre Gasly,alphatauri,AlphaTauri,10,14,14,0.0,Finished,71,12,1:15.327,12.0,1:14.371,1:11.675,,3.0,23.265666666666664,19.0,,,,,,
2022,21,São Paulo Grand Prix,interlagos,Autódromo José Carlos Pace,2022-11-13,albon,ALB,Alexander Albon,williams,Williams,19,15,15,0.0,Finished,71,16,1:15.613,11.0,1:14.324,1:11.631,,3.0,23.67833333333333,4.0,,,,,,
2022,21,São Paulo Grand Prix,interlagos,Autódromo José Carlos Pace,2022-11-13,latifi,LAT,Nicholas Latifi,williams,Williams,18,16,16,0.0,Finished,71,11,1:15.327,16.0,1:15.095,,,3.0,25.579666666666668,20.0,,,,,,
2022,21,São Paulo Grand Prix,interlagos,Autódromo José Carlos Pace,2022-11-13,tsunoda,TSU,Yuki Tsunoda,alphatauri,AlphaTauri,0,17,17,0.0,+1 Lap,70,13,1:15.508,19.0,1:16.264,,,3.0,23.522333333333336,20.0,,,,,,
2022,21,São Paulo Grand Prix,interlagos,Autódromo José Carlos Pace,2022-11-13,norris,NOR,Lando Norris,mclaren,McLaren,6,18,R,0.0,Gearbox,50,18,1:15.855,4.0,1:13.106,1:11.377,1:12.263,2.0,27.003500000000003,24.0,,,,,,
2022,21,São Paulo Grand Prix,interlagos,Autódromo José Carlos Pace,2022-11-13,kevin_magnussen,MAG,Kevin Magnussen,haas,Haas F1 Team,8,19,R,0.0,Collision,0,,,1.0,1:13.954,1:11.410,1:11.674,,,,,,,,,
2022,21,São Paulo Grand Prix,interlagos,Autódromo José Carlos Pace,2022-11-13,ricciardo,RIC,Daniel Ricciardo,mclaren,McLaren,11,20,R,0.0,Collision,0,,,14.0,1:14.931,1:12.140,,,,,,,,,,
2022,22,Abu Dhabi Grand Prix,yas_marina,Yas Marina Circuit,2022-11-20,max_verstappen,VER,Max Verstappen,red_bull,Red Bull,1,1,1,25.0,Finished,58,6,1:29.392,1.0,1:24.754,1:24.622,1:23.824,1.0,22.735,20.0,,,,,,
2022,22,Abu Dhabi Grand Prix,yas_marina,Yas Marina Circuit,2022-11-20,leclerc,LEC,Charles Leclerc,ferrari,Ferrari,3,2,2,18.0,Finished,58,10,1:29.719,3.0,1:25.211,1:24.517,1:24.092,1.0,22.21,21.0,,,,,,
2022,22,Abu Dhabi Grand Prix,yas_marina,Yas Marina Circuit,2022-11-20,perez,PER,Sergio Pérez,red_bull,Red Bull,2,3,3,15.0,Finished,58,4,1:28.972,2.0,1:24.820,1:24.419,1:24.052,2.0,21.363500000000002,15.0,,,,,,
2022,22,Abu Dhabi Grand Prix,yas_marina,Yas Marina Circuit,2022-11-20,sainz,SAI,Carlos Sainz,ferrari,Ferrari,4,4,4,12.0,Finished,58,3,1:28.879,4.0,1:25.090,1:24.521,1:24.242,2.0,21.752499999999998,17.0,,,,,,
2022,22,Abu Dhabi Grand Prix,yas_marina,Yas Marina Circuit,2022-11-20,russell,RUS,George Russell,mercedes,Mercedes,6,5,5,10.0,Finished,58,2,1:28.836,6.0,1:25.545,1:24.940,1:24.511,2.0,26.087,15.0,,,,,,
2022,22,Abu Dhabi Grand Prix,yas_marina,Yas Marina Circuit,2022-11-20,norris,NOR,Lando Norris,mclaren,McLaren,7,6,6,9.0,Finished,58,1,1:28.391,7.0,1:25.387,1:24.903,1:24.769,2.0,21.896500000000003,15.0,,,,,,
2022,22,Abu Dhabi Grand Prix,yas_marina,Yas Marina Circuit,2022-11-20,ocon,OCO,Esteban Ocon,alpine,Alpine F1 Team,8,7,7,6.0,Finished,58,5,1:29.333,8.0,1:25.735,1:25.007,1:24.830,2.0,21.814500000000002,14.0,,,,,,
2022,22,Abu Dhabi Grand Prix,yas_marina,Yas Marina Circuit,2022-11-20,stroll,STR,Lance Stroll,aston_martin,Aston Martin,14,8,8,4.0,Finished,58,9,1:29.620,14.0,1:25.741,1:25.359,,2.0,21.808,13.0,,,,,,
2022,22,Abu Dhabi Grand Prix,yas_marina,Yas Marina Circuit,2022-11-20,ricciardo,RIC,Daniel Ricciardo,mclaren,McLaren,13,9,9,2.0,Finished,58,18,1:30.785,10.0,1:25.766,1:25.068,1:25.045,1.0,21.893,19.0,,,,,,
2022,22,Abu Dhabi Grand Prix,yas_marina,Yas Marina Circuit,2022-11-20,vettel,VET,Sebastian Vettel,aston_martin,Aston Martin,9,10,10,1.0,Finished,58,15,1:30.312,9.0,1:25.523,1:24.974,1:24.961,1.0,23.186,25.0,,,,,,
2022,22,Abu Dhabi Grand Prix,yas_marina,Yas Marina Circuit,2022-11-20,tsunoda,TSU,Yuki Tsunoda,alphatauri,AlphaTauri,11,11,11,0.0,Finished,58,7,1:29.489,12.0,1:25.630,1:25.219,,2.0,21.9265,14.0,,,,,,
2022,22,Abu Dhabi Grand Prix,yas_marina,Yas Marina Circuit,2022-11-20,zhou,ZHO,Guanyu Zhou,alfa,Alfa Romeo,15,12,12,0.0,+1 Lap,57,8,1:29.600,15.0,1:25.594,1:25.408,,2.0,22.796999999999997,15.0,,,,,,
2022,22,Abu Dhabi Grand Prix,yas_marina,Yas Marina Circuit,2022-11-20,albon,ALB,Alexander Albon,williams,Williams,19,13,13,0.0,+1 Lap,57,13,1:29.939,19.0,1:26.028,,,2.0,21.795499999999997,12.0,,,,,,
2022,22,Abu Dhabi Grand Prix,yas_marina,Yas Marina Circuit,2022-11-20,gasly,GAS,Pierre Gasly,alphatauri,AlphaTauri,17,14,14,0.0,+1 Lap,57,19,1:31.081,17.0,1:25.859,,,1.0,21.855,14.0,,,,,,
2022,22,Abu Dhabi Grand Prix,yas_marina,Yas Marina Circuit,2022-11-20,bottas,BOT,Valtteri Bottas,alfa,Alfa Romeo,18,15,15,0.0,+1 Lap,57,16,1:30.352,18.0,1:25.892,,,1.0,22.573,30.0,,,,,,
2022,22,Abu Dhabi Grand Prix,yas_marina,Yas Marina Circuit,2022-11-20,mick_schumacher,MSC,Mick Schumacher,haas,Haas F1 Team,12,16,16,0.0,+1 Lap,57,12,1:29.833,13.0,1:25.711,1:25.225,,2.0,22.903,14.0,,,,,,
2022,22,Abu Dhabi Grand Prix,yas_marina,Yas Marina Circuit,2022-11-20,kevin_magnussen,MAG,Kevin Magnussen,haas,Haas F1 Team,16,17,17,0.0,+1 Lap,57,20,1:31.158,16.0,1:25.834,,,1.0,22.387,28.0,,,,,,
2022,22,Abu Dhabi Grand Prix,yas_marina,Yas Marina Circuit,2022-11-20,hamilton,HAM,Lewis Hamilton,mercedes,Mercedes,5,18,18,0.0,Hydraulics,55,11,1:29.788,5.0,1:25.594,1:24.774,1:24.508,1.0,21.27,18.0,,,,,,
2022,22,Abu Dhabi Grand Prix,yas_marina,Yas Marina Circuit,2022-11-20,latifi,LAT,Nicholas Latifi,williams,Williams,20,19,19,0.0,Collision damage,55,14,1:30.309,20.0,1:26.054,,,2.0,23.798499999999997,15.0,,,,,,
2022,22,Abu Dhabi Grand Prix,yas_marina,Yas Marina Circuit,2022-11-20,alonso,ALO,Fernando Alonso,alpine,Alpine F1 Team,10,20,R,0.0,Water leak,27,17,1:30.579,11.0,1:25.782,1:25.096,,1.0,21.74,19.0,,,,,,
2023,1,Bahrain Grand Prix,bahrain,Bahrain International Circuit,2023-03-05,max_verstappen,VER,Max Verstappen,red_bull,Red Bull,1,1,1,25.0,Finished,57,6,1:36.236,1.0,1:31.295,1:30.503,1:29.708,2.0,24.5995,14.0,2.0,"HARD,SOFT",27.43167701863354,31.01180124223602,21.496894409937887,False
2023,1,Bahrain Grand Prix,bahrain,Bahrain International Circuit,2023-03-05,perez,PER,Sergio Pérez,red_bull,Red Bull,2,2,2,18.0,Finished,57,7,1:36.344,2.0,1:31.479,1:30.746,1:29.846,2.0,24.677500000000002,17.0,2.0,"HARD,SOFT",27.43167701863354,31.01180124223602,21.496894409937887,False
2023,1,Bahrain Grand Prix,bahrain,Bahrain International Circuit,2023-03-05,alonso,ALO,Fernando Alonso,aston_martin,Aston Martin,5,3,3,15.0,Finished,57,5,1:36.156,5.0,1:31.158,1:30.645,1:30.336,2.0,25.3345,14.0,2.0,"HARD,SOFT",27.43167701863354,31.01180124223602,21.496894409937887,False
2023,1,Bahrain Grand Prix,bahrain,Bahrain International Circuit,2023-03-05,sainz,SAI,Carlos Sainz,ferrari,Ferrari,4,4,4,12.0,Finished,57,14,1:37.130,4.0,1:30.993,1:30.515,1:30.154,2.0,24.363500000000002,13.0,2.0,"HARD,SOFT",27.43167701863354,31.01180124223602,21.496894409937887,False
2023,1,Bahrain Grand Prix,bahrain,Bahrain International Circuit,2023-03-05,hamilton,HAM,Lewis Hamilton,mercedes,Mercedes,7,5,5,10.0,Finished,57,10,1:36.546,7.0,1:31.543,1:30.513,1:30.384,2.0,24.686,12.0,2.0,"HARD,SOFT",27.43167701863354,31.01180124223602,21.496894409937887,False
2023,1,Bahrain Grand Prix,bahrain,Bahrain International Circuit,2023-03-05,stroll,STR,Lance Stroll,aston_martin,Aston Martin,8,6,6,8.0,Finished,57,9,1:36.546,8.0,1:31.184,1:31.127,1:30.836,2.0,25.044,15.0,2.0,"HARD,SOFT",27.43167701863354,31.01180124223602,21.496894409937887,False
2023,1,Bahrain Grand Prix,bahrain,Bahrain International Circuit,2023-03-05,russell,RUS,George Russell,mercedes,Mercedes,6,7,7,6.0,Finished,57,17,1:37.221,6.0,1:31.057,1:30.507,1:30.340,2.0,25.734,13.0,2.0,"HARD,SOFT",27.43167701863354,31.01180124223602,21.496894409937887,False
2023,1,Bahrain Grand Prix,bahrain,Bahrain International Circuit,2023-03-05,bottas,BOT,Valtteri Bottas,alfa,Alfa Romeo,12,8,8,4.0,Finished,57,18,1:37.379,12.0,1:31.504,1:31.443,,2.0,25.521,11.0,2.0,"HARD,SOFT",27.43167701863354,31.01180124223602,21.496894409937887,False
2023,1,Bahrain Grand Prix,bahrain,Bahrain International Circuit,2023-03-05,gasly,GAS,Pierre Gasly,alpine,Alpine F1 Team,20,9,9,2.0,Finished,57,2,1:35.068,20.0,1:32.181,,,3.0,25.166666666666668,9.0,2.0,"HARD,SOFT",27.43167701863354,31.01180124223602,21.496894409937887,False
2023,1,Bahrain Grand Prix,bahrain,Bahrain International Circuit,2023-03-05,albon,ALB,Alexander Albon,williams,Williams,15,10,10,1.0,Finished,57,15,1:37.144,15.0,1:31.461,,,3.0,24.810666666666666,11.0,2.0,"HARD,SOFT",27.43167701863354,31.01180124223602,21.496894409937887,False
2023,1,Bahrain Grand Prix,bahrain,Bahrain International Circuit,2023-03-05,tsunoda,TSU,Yuki Tsunoda,alphatauri,AlphaTauri,14,11,11,0.0,Finished,57,12,1:36.637,14.0,1:31.400,1:32.510,,3.0,25.15233333333333,10.0,2.0,"HARD,SOFT",27.43167701863354,31.01180124223602,21.496894409937887,False
2023,1,Bahrain Grand Prix,bahrain,Bahrain International Circuit,2023-03-05,sargeant,SAR,Logan Sargeant,williams,Williams,16,12,12,0.0,Lapped,56,4,1:36.037,16.0,1:31.652,,,3.0,25.439000000000004,12.0,2.0,"HARD,SOFT",27.43167701863354,31.01180124223602,21.496894409937887,False
2023,1,Bahrain Grand Prix,bahrain,Bahrain International Circuit,2023-03-05,kevin_magnussen,MAG,Kevin Magnussen,haas,Haas F1 Team,17,13,13,0.0,Lapped,56,8,1:36.471,17.0,1:31.892,,,3.0,25.302666666666667,15.0,2.0,"HARD,SOFT",27.43167701863354,31.01180124223602,21.496894409937887,False
2023,1,Bahrain Grand Prix,bahrain,Bahrain International Circuit,2023-03-05,de_vries,DEV,Nyck de Vries,alphatauri,AlphaTauri,19,14,14,0.0,Lapped,56,19,1:37.709,19.0,1:32.121,,,2.0,25.126,11.0,2.0,"HARD,SOFT",27.43167701863354,31.01180124223602,21.496894409937887,False
2023,1,Bahrain Grand Prix,bahrain,Bahrain International Circuit,2023-03-05,hulkenberg,HUL,Nico Hülkenberg,haas,Haas F1 Team,10,15,15,0.0,Lapped,56,11,1:36.616,10.0,1:31.204,1:30.809,,3.0,30.307999999999996,11.0,2.0,"HARD,SOFT",27.43167701863354,31.01180124223602,21.496894409937887,False
2023,1,Bahrain Grand Prix,bahrain,Bahrain International Circuit,2023-03-05,zhou,ZHO,Guanyu Zhou,alfa,Alfa Romeo,13,16,16,0.0,Lapped,56,1,1:33.996,13.0,1:31.615,1:31.473,,3.0,27.078666666666667,12.0,2.0,"HARD,SOFT",27.43167701863354,31.01180124223602,21.496894409937887,False
2023,1,Bahrain Grand Prix,bahrain,Bahrain International Circuit,2023-03-05,norris,NOR,Lando Norris,mclaren,McLaren,11,17,17,0.0,Lapped,55,3,1:35.822,11.0,1:31.652,1:31.381,,6.0,32.55566666666667,10.0,3.0,"HARD,MEDIUM,SOFT",27.43167701863354,31.01180124223602,21.496894409937887,False
2023,1,Bahrain Grand Prix,bahrain,Bahrain International Circuit,2023-03-05,ocon,OCO,Esteban Ocon,alpine,Alpine F1 Team,9,18,R,0.0,Retired,41,13,1:36.797,9.0,1:31.508,1:30.914,1:30.984,3.0,36.982,12.0,2.0,"HARD,SOFT",27.43167701863354,31.01180124223602,21.496894409937887,False
2023,1,Bahrain Grand Prix,bahrain,Bahrain International Circuit,2023-03-05,leclerc,LEC,Charles Leclerc,ferrari,Ferrari,3,19,R,0.0,Retired,39,16,1:37.170,3.0,1:31.094,1:30.282,1:30.000,2.0,24.4945,13.0,2.0,"HARD,SOFT",27.43167701863354,31.01180124223602,21.496894409937887,False
2023,1,Bahrain Grand Prix,bahrain,Bahrain International Circuit,2023-03-05,piastri,PIA,Oscar Piastri,mclaren,McLaren,18,20,R,0.0,Retired,13,20,1:40.691,18.0,1:32.101,,,,,,1.0,SOFT,27.43167701863354,31.01180124223602,21.496894409937887,False
2023,2,Saudi Arabian Grand Prix,jeddah,Jeddah Corniche Circuit,2023-03-19,perez,PER,Sergio Pérez,red_bull,Red Bull,1,1,1,25.0,Finished,50,2,1:32.188,1.0,1:29.244,1:28.635,1:28.265,1.0,20.715,18.0,,,,,,
2023,2,Saudi Arabian Grand Prix,jeddah,Jeddah Corniche Circuit,2023-03-19,max_verstappen,VER,Max Verstappen,red_bull,Red Bull,15,2,2,19.0,Finished,50,1,1:31.906,15.0,1:28.761,1:49.953,,1.0,20.824,18.0,,,,,,
2023,2,Saudi Arabian Grand Prix,jeddah,Jeddah Corniche Circuit,2023-03-19,alonso,ALO,Fernando Alonso,aston_martin,Aston Martin,2,3,3,15.0,Finished,50,3,1:32.240,3.0,1:29.298,1:28.757,1:28.730,1.0,26.879,18.0,,,,,,
2023,2,Saudi Arabian Grand Prix,jeddah,Jeddah Corniche Circuit,2023-03-19,russell,RUS,George Russell,mercedes,Mercedes,3,4,4,12.0,Finished,50,4,1:32.433,4.0,1:29.592,1:29.132,1:28.857,1.0,20.828,18.0,,,,,,
2023,2,Saudi Arabian Grand Prix,jeddah,Jeddah Corniche Circuit,2023-03-19,hamilton,HAM,Lewis Hamilton,mercedes,Mercedes,7,5,5,10.0,Finished,50,6,1:32.941,8.0,1:29.689,1:29.374,1:29.223,1.0,21.102,18.0,,,,,,
2023,2,Saudi Arabian Grand Prix,jeddah,Jeddah Corniche Circuit,2023-03-19,sainz,SAI,Carlos Sainz,ferrari,Ferrari,4,6,6,8.0,Finished,50,5,1:32.822,5.0,1:29.411,1:28.957,1:28.931,1.0,20.76,15.0,,,,,,
2023,2,Saudi Arabian Grand Prix,jeddah,Jeddah Corniche Circuit,2023-03-19,leclerc,LEC,Charles Leclerc,ferrari,Ferrari,12,7,7,6.0,Finished,50,7,1:33.056,2.0,1:29.376,1:28.903,1:28.420,1.0,20.026,16.0,,,,,,
2023,2,Saudi Arabian Grand Prix,jeddah,Jeddah Corniche Circuit,2023-03-19,ocon,OCO,Esteban Ocon,alpine,Alpine F1 Team,6,8,8,4.0,Finished,50,8,1:33.222,7.0,1:29.707,1:29.255,1:29.078,1.0,20.762,16.0,,,,,,
2023,2,Saudi Arabian Grand Prix,jeddah,Jeddah Corniche Circuit,2023-03-19,gasly,GAS,Pierre Gasly,alpine,Alpine F1 Team,9,9,9,2.0,Finished,50,10,1:33.392,10.0,1:29.890,1:29.411,1:29.357,1.0,20.719,14.0,,,,,,
2023,2,Saudi Arabian Grand Prix,jeddah,Jeddah Corniche Circuit,2023-03-19,kevin_magnussen,MAG,Kevin Magnussen,haas,Haas F1 Team,13,10,10,1.0,Finished,50,9,1:33.374,13.0,1:29.744,1:29.634,,1.0,20.87,8.0,,,,,,
2023,2,Saudi Arabian Grand Prix,jeddah,Jeddah Corniche Circuit,2023-03-19,tsunoda,TSU,Yuki Tsunoda,alphatauri,AlphaTauri,16,11,11,0.0,Finished,50,14,1:33.931,16.0,1:29.939,,,1.0,21.414,17.0,,,,,,
2023,2,Saudi Arabian Grand Prix,jeddah,Jeddah Corniche Circuit,2023-03-19,hulkenberg,HUL,Nico Hülkenberg,haas,Haas F1 Team,10,12,12,0.0,Finished,50,12,1:33.780,11.0,1:29.547,1:29.451,,1.0,21.567,11.0,,,,,,
2023,2,Saudi Arabian Grand Prix,jeddah,Jeddah Corniche Circuit,2023-03-19,zhou,ZHO,Guanyu Zhou,alfa,Alfa Romeo,11,13,13,0.0,Finished,50,13,1:33.894,12.0,1:29.654,1:29.461,,2.0,21.4925,11.0,,,,,,
2023,2,Saudi Arabian Grand Prix,jeddah,Jeddah Corniche Circuit,2023-03-19,de_vries,DEV,Nyck de Vries,alphatauri,AlphaTauri,18,14,14,0.0,Finished,50,11,1:33.609,18.0,1:30.244,,,1.0,21.116,17.0,,,,,,
2023,2,Saudi Arabian Grand Prix,jeddah,Jeddah Corniche Circuit,2023-03-19,piastri,PIA,Oscar Piastri,mclaren,McLaren,8,15,15,0.0,Finished,50,16,1:34.287,9.0,1:29.706,1:29.378,1:29.243,1.0,31.534,1.0,,,,,,
2023,2,Saudi Arabian Grand Prix,jeddah,Jeddah Corniche Circuit,2023-03-19,sargeant,SAR,Logan Sargeant,williams,Williams,20,16,16,0.0,Finished,50,18,1:34.469,20.0,2:08.510,,,1.0,21.064,18.0,,,,,,
2023,2,Saudi Arabian Grand Prix,jeddah,Jeddah Corniche Circuit,2023-03-19,norris,NOR,Lando Norris,mclaren,McLaren,19,17,17,0.0,Finished,50,15,1:34.122,19.0,1:30.447,,,2.0,25.398,2.0,,,,,,
2023,2,Saudi Arabian Grand Prix,jeddah,Jeddah Corniche Circuit,2023-03-19,bottas,BOT,Valtteri Bottas,alfa,Alfa Romeo,14,18,18,0.0,Lapped,49,17,1:34.384,14.0,1:29.929,1:29.668,,3.0,21.834666666666664,9.0,,,,,,
2023,2,Saudi Arabian Grand Prix,jeddah,Jeddah Corniche Circuit,2023-03-19,albon,ALB,Alexander Albon,williams,Williams,17,19,R,0.0,Retired,27,20,1:35.567,17.0,1:29.994,,,1.0,21.397,17.0,,,,,,
2023,2,Saudi Arabian Grand Prix,jeddah,Jeddah Corniche Circuit,2023-03-19,stroll,STR,Lance Stroll,aston_martin,Aston Martin,5,20,R,0.0,Retired,16,19,1:35.140,6.0,1:29.335,1:28.962,1:28.945,1.0,21.15,13.0,,,,,,
2023,3,Australian Grand Prix,albert_park,Albert Park Grand Prix Circuit,2023-04-02,max_verstappen,VER,Max Verstappen,red_bull,Red Bull,1,1,1,25.0,Finished,58,2,1:20.342,1.0,1:17.384,1:17.056,1:16.732,3.0,,8.0,,,,,,
2023,3,Australian Grand Prix,albert_park,Albert Park Grand Prix Circuit,2023-04-02,hamilton,HAM,Lewis Hamilton,mercedes,Mercedes,3,2,2,18.0,Finished,58,5,1:20.613,3.0,1:17.689,1:17.551,1:17.104,3.0,,8.0,,,,,,
2023,3,Australian Grand Prix,albert_park,Albert Park Grand Prix Circuit,2023-04-02,alonso,ALO,Fernando Alonso,aston_martin,Aston Martin,4,3,3,15.0,Finished,58,4,1:20.476,4.0,1:17.832,1:17.283,1:17.139,3.0,,8.0,,,,,,
2023,3,Australian Grand Prix,albert_park,Albert Park Grand Prix Circuit,2023-04-02,stroll,STR,Lance Stroll,aston_martin,Aston Martin,6,4,4,12.0,Finished,58,6,1:20.934,6.0,1:17.873,1:17.616,1:17.308,3.0,,8.0,,,,,,
2023,3,Australian Grand Prix,albert_park,Albert Park Grand Prix Circuit,2023-04-02,perez,PER,Sergio Pérez,red_bull,Red Bull,20,5,5,11.0,Finished,58,1,1:20.235,20.0,,,,5.0,17.735500000000002,1.0,,,,,,
2023,3,Australian Grand Prix,albert_park,Albert Park Grand Prix Circuit,2023-04-02,norris,NOR,Lando Norris,mclaren,McLaren,13,6,6,8.0,Finished,58,9,1:21.173,13.0,1:18.243,1:18.119,,3.0,,8.0,,,,,,
2023,3,Australian Grand Prix,albert_park,Albert Park Grand Prix Circuit,2023-04-02,hulkenberg,HUL,Nico Hülkenberg,haas,Haas F1 Team,10,7,7,6.0,Finished,58,8,1:21.124,10.0,1:18.029,1:17.412,1:17.735,3.0,,8.0,,,,,,
2023,3,Australian Grand Prix,albert_park,Albert Park Grand Prix Circuit,2023-04-02,piastri,PIA,Oscar Piastri,mclaren,McLaren,16,8,8,4.0,Finished,58,12,1:21.335,16.0,1:18.517,,,4.0,19.442,8.0,,,,,,
2023,3,Australian Grand Prix,albert_park,Albert Park Grand Prix Circuit,2023-04-02,zhou,ZHO,Guanyu Zhou,alfa,Alfa Romeo,17,9,9,2.0,Finished,58,16,1:21.819,17.0,1:18.540,,,5.0,20.416,1.0,,,,,,
2023,3,Australian Grand Prix,albert_park,Albert Park Grand Prix Circuit,2023-04-02,tsunoda,TSU,Yuki Tsunoda,alphatauri,AlphaTauri,12,10,10,1.0,Finished,58,15,1:21.789,12.0,1:18.471,1:18.099,,4.0,18.258,8.0,,,,,,
2023,3,Australian Grand Prix,albert_park,Albert Park Grand Prix Circuit,2023-04-02,bottas,BOT,Valtteri Bottas,alfa,Alfa Romeo,19,11,11,0.0,Finished,58,17,1:22.233,19.0,1:18.714,,,6.0,20.741999999999997,1.0,,,,,,
2023,3,Australian Grand Prix,albert_park,Albert Park Grand Prix Circuit,2023-04-02,sainz,SAI,Carlos Sainz,ferrari,Ferrari,5,12,12,0.0,Finished,58,3,1:20.467,5.0,1:17.928,1:17.349,1:17.270,4.0,18.319,7.0,,,,,,
2023,3,Australian Grand Prix,albert_park,Albert Park Grand Prix Circuit,2023-04-02,gasly,GAS,Pierre Gasly,alpine,Alpine F1 Team,9,13,13,0.0,Retired,56,7,1:20.995,9.0,1:18.312,1:17.574,1:17.675,2.0,,8.0,,,,,,
2023,3,Australian Grand Prix,albert_park,Albert Park Grand Prix Circuit,2023-04-02,ocon,OCO,Esteban Ocon,alpine,Alpine F1 Team,11,14,14,0.0,Retired,56,11,1:21.203,11.0,1:17.770,1:17.768,,3.0,18.056,1.0,,,,,,
2023,3,Australian Grand Prix,albert_park,Albert Park Grand Prix Circuit,2023-04-02,de_vries,DEV,Nyck de Vries,alphatauri,AlphaTauri,15,15,15,0.0,Retired,56,10,1:21.183,15.0,1:18.450,1:18.335,,4.0,18.08,8.0,,,,,,
2023,3,Australian Grand Prix,albert_park,Albert Park Grand Prix Circuit,2023-04-02,sargeant,SAR,Logan Sargeant,williams,Williams,18,16,16,0.0,Retired,56,13,1:21.456,18.0,1:18.557,,,6.0,18.852666666666668,1.0,,,,,,
2023,3,Australian Grand Prix,albert_park,Albert Park Grand Prix Circuit,2023-04-02,kevin_magnussen,MAG,Kevin Magnussen,haas,Haas F1 Team,14,17,17,0.0,Retired,52,14,1:21.685,14.0,1:18.159,1:18.129,,2.0,20.789,7.0,,,,,,
2023,3,Australian Grand Prix,albert_park,Albert Park Grand Prix Circuit,2023-04-02,russell,RUS,George Russell,mercedes,Mercedes,2,18,R,0.0,Retired,17,18,1:22.680,2.0,1:17.654,1:17.513,1:16.968,2.0,19.146,7.0,,,,,,
2023,3,Australian Grand Prix,albert_park,Albert Park Grand Prix Circuit,2023-04-02,albon,ALB,Alexander Albon,williams,Williams,8,19,R,0.0,Retired,6,19,1:23.349,8.0,1:17.962,1:17.761,1:17.609,,,,,,,,,
2023,3,Australian Grand Prix,albert_park,Albert Park Grand Prix Circuit,2023-04-02,leclerc,LEC,Charles Leclerc,ferrari,Ferrari,7,20,R,0.0,Retired,0,,,7.0,1:18.218,1:17.390,1:17.369,,,,,,,,,
2023,4,Azerbaijan Grand Prix,baku,Baku City Circuit,2023-04-30,perez,PER,Sergio Pérez,red_bull,Red Bull,3,1,1,25.0,Finished,51,5,1:44.589,3.0,1:41.756,1:41.131,1:40.495,1.0,20.389,11.0,,,,,,
2023,4,Azerbaijan Grand Prix,baku,Baku City Circuit,2023-04-30,max_verstappen,VER,Max Verstappen,red_bull,Red Bull,2,2,2,18.0,Finished,51,2,1:44.232,2.0,1:41.398,1:40.822,1:40.391,1.0,20.707,10.0,,,,,,
2023,4,Azerbaijan Grand Prix,baku,Baku City Circuit,2023-04-30,leclerc,LEC,Charles Leclerc,ferrari,Ferrari,1,3,3,15.0,Finished,51,4,1:44.561,1.0,1:41.269,1:41.037,1:40.203,1.0,21.126,11.0,,,,,,
2023,4,Azerbaijan Grand Prix,baku,Baku City Circuit,2023-04-30,alonso,ALO,Fernando Alonso,aston_martin,Aston Martin,6,4,4,12.0,Finished,51,3,1:44.241,6.0,1:41.720,1:41.370,1:41.253,1.0,23.148,11.0,,,,,,
2023,4,Azerbaijan Grand Prix,baku,Baku City Circuit,2023-04-30,sainz,SAI,Carlos Sainz,ferrari,Ferrari,4,5,5,10.0,Finished,51,6,1:45.175,4.0,1:42.197,1:41.369,1:41.016,1.0,21.97,11.0,,,,,,
2023,4,Azerbaijan Grand Prix,baku,Baku City Circuit,2023-04-30,hamilton,HAM,Lewis Hamilton,mercedes,Mercedes,5,6,6,8.0,Finished,51,7,1:45.346,5.0,1:42.113,1:41.650,1:41.177,1.0,20.324,9.0,,,,,,
2023,4,Azerbaijan Grand Prix,baku,Baku City Circuit,2023-04-30,stroll,STR,Lance Stroll,aston_martin,Aston Martin,9,7,7,6.0,Finished,51,9,1:45.627,9.0,1:42.524,1:41.576,1:41.611,1.0,23.161,11.0,,,,,,
2023,4,Azerbaijan Grand Prix,baku,Baku City Circuit,2023-04-30,russell,RUS,George Russell,mercedes,Mercedes,11,8,8,5.0,Finished,51,1,1:43.370,11.0,1:42.073,1:41.654,,2.0,20.924,11.0,,,,,,
2023,4,Azerbaijan Grand Prix,baku,Baku City Circuit,2023-04-30,norris,NOR,Lando Norris,mclaren,McLaren,7,9,9,2.0,Finished,51,12,1:45.738,7.0,1:42.154,1:41.485,1:41.281,1.0,20.346,9.0,,,,,,
2023,4,Azerbaijan Grand Prix,baku,Baku City Circuit,2023-04-30,tsunoda,TSU,Yuki Tsunoda,alphatauri,AlphaTauri,8,10,10,1.0,Finished,51,11,1:45.727,8.0,1:42.234,1:41.569,1:41.581,1.0,20.497,8.0,,,,,,
2023,4,Azerbaijan Grand Prix,baku,Baku City Circuit,2023-04-30,piastri,PIA,Oscar Piastri,mclaren,McLaren,10,11,11,0.0,Finished,51,10,1:45.631,10.0,1:42.455,1:41.636,1:41.611,1.0,20.902,8.0,,,,,,
2023,4,Azerbaijan Grand Prix,baku,Baku City Circuit,2023-04-30,albon,ALB,Alexander Albon,williams,Williams,12,12,12,0.0,Finished,51,15,1:45.925,13.0,1:42.171,1:41.818,,1.0,21.103,7.0,,,,,,
2023,4,Azerbaijan Grand Prix,baku,Baku City Circuit,2023-04-30,kevin_magnussen,MAG,Kevin Magnussen,haas,Haas F1 Team,16,13,13,0.0,Finished,51,13,1:45.850,18.0,1:43.417,,,1.0,30.951,10.0,,,,,,
2023,4,Azerbaijan Grand Prix,baku,Baku City Circuit,2023-04-30,gasly,GAS,Pierre Gasly,alpine,Alpine F1 Team,17,14,14,0.0,Finished,51,8,1:45.540,19.0,1:44.853,,,2.0,20.701999999999998,5.0,,,,,,
2023,4,Azerbaijan Grand Prix,baku,Baku City Circuit,2023-04-30,ocon,OCO,Esteban Ocon,alpine,Alpine F1 Team,19,15,15,0.0,Finished,51,14,1:45.908,12.0,1:42.622,1:41.798,,1.0,20.367,50.0,,,,,,
2023,4,Azerbaijan Grand Prix,baku,Baku City Circuit,2023-04-30,sargeant,SAR,Logan Sargeant,williams,Williams,14,16,16,0.0,Finished,51,17,1:46.501,15.0,1:42.242,1:42.395,,1.0,21.015,8.0,,,,,,
2023,4,Azerbaijan Grand Prix,baku,Baku City Circuit,2023-04-30,hulkenberg,HUL,Nico Hülkenberg,haas,Haas F1 Team,20,17,17,0.0,Lapped,50,18,1:46.731,17.0,1:42.755,,,1.0,24.748,49.0,,,,,,
2023,4,Azerbaijan Grand Prix,baku,Baku City Circuit,2023-04-30,bottas,BOT,Valtteri Bottas,alfa,Alfa Romeo,13,18,18,0.0,Lapped,50,16,1:46.304,14.0,1:42.582,1:42.259,,3.0,21.444333333333333,6.0,,,,,,
2023,4,Azerbaijan Grand Prix,baku,Baku City Circuit,2023-04-30,zhou,ZHO,Guanyu Zhou,alfa,Alfa Romeo,15,19,R,0.0,Retired,36,19,1:47.553,16.0,1:42.642,,,1.0,22.247,11.0,,,,,,
2023,4,Azerbaijan Grand Prix,baku,Baku City Circuit,2023-04-30,de_vries,DEV,Nyck de Vries,alphatauri,AlphaTauri,18,20,R,0.0,Retired,9,20,1:48.781,20.0,1:55.282,,,,,,,,,,,
2023,5,Miami Grand Prix,miami,Miami International Autodrome,2023-05-07,max_verstappen,VER,Max Verstappen,red_bull,Red Bull,9,1,1,26.0,Finished,57,1,1:29.708,9.0,1:27.363,1:26.814,,1.0,22.688,45.0,,,,,,
2023,5,Miami Grand Prix,miami,Miami International Autodrome,2023-05-07,perez,PER,Sergio Pérez,red_bull,Red Bull,1,2,2,18.0,Finished,57,3,1:30.560,1.0,1:27.713,1:27.328,1:26.841,1.0,21.884,20.0,,,,,,
2023,5,Miami Grand Prix,miami,Miami International Autodrome,2023-05-07,alonso,ALO,Fernando Alonso,aston_martin,Aston Martin,2,3,3,15.0,Finished,57,2,1:30.519,2.0,1:28.179,1:27.097,1:27.202,1.0,22.631,24.0,,,,,,
2023,5,Miami Grand Prix,miami,Miami International Autodrome,2023-05-07,russell,RUS,George Russell,mercedes,Mercedes,6,4,4,12.0,Finished,57,7,1:31.015,6.0,1:28.086,1:27.743,1:27.804,1.0,22.335,17.0,,,,,,
2023,5,Miami Grand Prix,miami,Miami International Autodrome,2023-05-07,sainz,SAI,Carlos Sainz,ferrari,Ferrari,3,5,5,10.0,Finished,57,10,1:31.362,3.0,1:27.686,1:27.148,1:27.349,1.0,22.278,18.0,,,,,,
2023,5,Miami Grand Prix,miami,Miami International Autodrome,2023-05-07,hamilton,HAM,Lewis Hamilton,mercedes,Mercedes,13,6,6,8.0,Finished,57,4,1:30.669,13.0,1:27.846,1:27.975,,1.0,22.15,37.0,,,,,,
2023,5,Miami Grand Prix,miami,Miami International Autodrome,2023-05-07,leclerc,LEC,Charles Leclerc,ferrari,Ferrari,7,7,7,6.0,Finished,57,11,1:31.434,7.0,1:27.713,1:26.964,1:27.861,1.0,22.068,17.0,,,,,,
2023,5,Miami Grand Prix,miami,Miami International Autodrome,2023-05-07,gasly,GAS,Pierre Gasly,alpine,Alpine F1 Team,5,8,8,4.0,Finished,57,17,1:31.971,5.0,1:28.061,1:27.612,1:27.786,1.0,22.417,15.0,,,,,,
2023,5,Miami Grand Prix,miami,Miami International Autodrome,2023-05-07,ocon,OCO,Esteban Ocon,alpine,Alpine F1 Team,8,9,9,2.0,Finished,57,9,1:31.143,8.0,1:27.872,1:27.444,1:27.935,1.0,21.942,39.0,,,,,,
2023,5,Miami Grand Prix,miami,Miami International Autodrome,2023-05-07,kevin_magnussen,MAG,Kevin Magnussen,haas,Haas F1 Team,4,10,10,1.0,Finished,57,13,1:31.691,4.0,1:27.809,1:27.673,1:27.767,1.0,22.616,14.0,,,,,,
2023,5,Miami Grand Prix,miami,Miami International Autodrome,2023-05-07,tsunoda,TSU,Yuki Tsunoda,alphatauri,AlphaTauri,17,11,11,0.0,Finished,57,8,1:31.038,17.0,1:28.429,,,1.0,22.39,36.0,,,,,,
2023,5,Miami Grand Prix,miami,Miami International Autodrome,2023-05-07,stroll,STR,Lance Stroll,aston_martin,Aston Martin,18,12,12,0.0,Finished,57,5,1:30.862,18.0,1:28.476,,,1.0,22.651,42.0,,,,,,
2023,5,Miami Grand Prix,miami,Miami International Autodrome,2023-05-07,bottas,BOT,Valtteri Bottas,alfa,Alfa Romeo,10,13,13,0.0,Finished,57,15,1:31.838,10.0,1:27.864,1:27.564,,1.0,23.158,15.0,,,,,,
2023,5,Miami Grand Prix,miami,Miami International Autodrome,2023-05-07,albon,ALB,Alexander Albon,williams,Williams,11,14,14,0.0,Finished,57,16,1:31.852,11.0,1:28.234,1:27.795,,1.0,22.482,22.0,,,,,,
2023,5,Miami Grand Prix,miami,Miami International Autodrome,2023-05-07,hulkenberg,HUL,Nico Hülkenberg,haas,Haas F1 Team,12,15,15,0.0,Finished,57,6,1:30.901,12.0,1:27.945,1:27.903,,1.0,23.12,33.0,,,,,,
2023,5,Miami Grand Prix,miami,Miami International Autodrome,2023-05-07,zhou,ZHO,Guanyu Zhou,alfa,Alfa Romeo,14,16,16,0.0,Finished,57,14,1:31.736,14.0,1:28.180,1:28.091,,1.0,22.796,31.0,,,,,,
2023,5,Miami Grand Prix,miami,Miami International Autodrome,2023-05-07,norris,NOR,Lando Norris,mclaren,McLaren,16,17,17,0.0,Finished,57,20,1:32.401,16.0,1:28.394,,,1.0,24.09,4.0,,,,,,
2023,5,Miami Grand Prix,miami,Miami International Autodrome,2023-05-07,de_vries,DEV,Nyck de Vries,alphatauri,AlphaTauri,15,18,18,0.0,Finished,57,12,1:31.562,15.0,1:28.325,1:28.395,,1.0,23.487,15.0,,,,,,
2023,5,Miami Grand Prix,miami,Miami International Autodrome,2023-05-07,piastri,PIA,Oscar Piastri,mclaren,McLaren,19,19,19,0.0,Lapped,56,18,1:32.006,19.0,1:28.484,,,1.0,22.205,5.0,,,,,,
2023,5,Miami Grand Prix,miami,Miami International Autodrome,2023-05-07,sargeant,SAR,Logan Sargeant,williams,Williams,20,20,20,0.0,Lapped,56,19,1:32.384,20.0,1:28.577,,,1.0,48.938,2.0,,,,,,
2023,6,Monaco Grand Prix,monaco,Circuit de Monaco,2023-05-28,max_verstappen,VER,Max Verstappen,red_bull,Red Bull,1,1,1,25.0,Finished,78,7,1:16.604,1.0,1:12.386,1:11.908,1:11.365,1.0,24.798,55.0,,,,,,
2023,6,Monaco Grand Prix,monaco,Circuit de Monaco,2023-05-28,alonso,ALO,Fernando Alonso,aston_martin,Aston Martin,2,2,2,18.0,Finished,78,9,1:16.674,2.0,1:12.886,1:12.107,1:11.449,2.0,25.165,54.0,,,,,,
2023,6,Monaco Grand Prix,monaco,Circuit de Monaco,2023-05-28,ocon,OCO,Esteban Ocon,alpine,Alpine F1 Team,3,3,3,15.0,Finished,78,6,1:16.528,4.0,1:12.967,1:12.248,1:11.553,2.0,25.27,32.0,,,,,,
2023,6,Monaco Grand Prix,monaco,Circuit de Monaco,2023-05-28,hamilton,HAM,Lewis Hamilton,mercedes,Mercedes,5,4,4,13.0,Finished,78,1,1:15.650,6.0,1:12.872,1:12.156,1:11.725,2.0,25.639499999999998,31.0,,,,,,
2023,6,Monaco Grand Prix,monaco,Circuit de Monaco,2023-05-28,russell,RUS,George Russell,mercedes,Mercedes,8,5,5,10.0,Finished,78,10,1:16.798,8.0,1:12.769,1:12.151,1:11.964,1.0,30.98,54.0,,,,,,
2023,6,Monaco Grand Prix,monaco,Circuit de Monaco,2023-05-28,leclerc,LEC,Charles Leclerc,ferrari,Ferrari,6,6,6,8.0,Finished,78,2,1:15.773,3.0,1:12.912,1:12.103,1:11.471,2.0,24.9525,44.0,,,,,,
2023,6,Monaco Grand Prix,monaco,Circuit de Monaco,2023-05-28,gasly,GAS,Pierre Gasly,alpine,Alpine F1 Team,7,7,7,6.0,Finished,78,3,1:15.831,7.0,1:13.033,1:12.169,1:11.933,2.0,26.9255,47.0,,,,,,
2023,6,Monaco Grand Prix,monaco,Circuit de Monaco,2023-05-28,sainz,SAI,Carlos Sainz,ferrari,Ferrari,4,8,8,4.0,Finished,78,5,1:16.449,5.0,1:12.717,1:12.210,1:11.630,2.0,26.776,33.0,,,,,,
2023,6,Monaco Grand Prix,monaco,Circuit de Monaco,2023-05-28,norris,NOR,Lando Norris,mclaren,McLaren,10,9,9,2.0,Lapped,77,19,1:17.844,10.0,1:12.877,1:12.377,1:12.254,2.0,29.045499999999997,50.0,,,,,,
2023,6,Monaco Grand Prix,monaco,Circuit de Monaco,2023-05-28,piastri,PIA,Oscar Piastri,mclaren,McLaren,11,10,10,1.0,Lapped,77,14,1:17.513,11.0,1:13.006,1:12.395,,1.0,25.851,54.0,,,,,,
2023,6,Monaco Grand Prix,monaco,Circuit de Monaco,2023-05-28,bottas,BOT,Valtteri Bottas,alfa,Alfa Romeo,15,11,11,0.0,Lapped,77,18,1:17.824,15.0,1:13.038,1:12.625,,1.0,30.395,51.0,,,,,,
2023,6,Monaco Grand Prix,monaco,Circuit de Monaco,2023-05-28,de_vries,DEV,Nyck de Vries,alphatauri,AlphaTauri,12,12,12,0.0,Lapped,77,15,1:17.561,12.0,1:13.054,1:12.428,,1.0,24.539,53.0,,,,,,
2023,6,Monaco Grand Prix,monaco,Circuit de Monaco,2023-05-28,zhou,ZHO,Guanyu Zhou,alfa,Alfa Romeo,19,13,13,0.0,Lapped,77,11,1:16.926,19.0,1:13.523,,,2.0,25.700499999999998,1.0,,,,,,
2023,6,Monaco Grand Prix,monaco,Circuit de Monaco,2023-05-28,albon,ALB,Alexander Albon,williams,Williams,13,14,14,0.0,Lapped,77,8,1:16.672,13.0,1:12.706,1:12.527,,2.0,25.64,18.0,,,,,,
2023,6,Monaco Grand Prix,monaco,Circuit de Monaco,2023-05-28,tsunoda,TSU,Yuki Tsunoda,alphatauri,AlphaTauri,9,15,15,0.0,Lapped,76,16,1:17.680,9.0,1:12.642,1:12.249,1:12.082,1.0,33.706,53.0,,,,,,
2023,6,Monaco Grand Prix,monaco,Circuit de Monaco,2023-05-28,perez,PER,Sergio Pérez,red_bull,Red Bull,20,16,16,0.0,Lapped,76,4,1:16.269,20.0,1:13.850,,,5.0,27.331200000000003,1.0,,,,,,
2023,6,Monaco Grand Prix,monaco,Circuit de Monaco,2023-05-28,hulkenberg,HUL,Nico Hülkenberg,haas,Haas F1 Team,18,17,17,0.0,Lapped,76,12,1:16.991,18.0,1:13.279,,,3.0,30.963666666666665,1.0,,,,,,
2023,6,Monaco Grand Prix,monaco,Circuit de Monaco,2023-05-28,sargeant,SAR,Logan Sargeant,williams,Williams,16,18,18,0.0,Lapped,76,13,1:17.302,16.0,1:13.113,,,3.0,26.032,20.0,,,,,,
2023,6,Monaco Grand Prix,monaco,Circuit de Monaco,2023-05-28,kevin_magnussen,MAG,Kevin Magnussen,haas,Haas F1 Team,17,19,19,0.0,Retired,70,20,1:18.351,17.0,1:13.270,,,1.0,51.052,56.0,,,,,,
2023,6,Monaco Grand Prix,monaco,Circuit de Monaco,2023-05-28,stroll,STR,Lance Stroll,aston_martin,Aston Martin,14,20,R,0.0,Retired,53,17,1:17.769,14.0,1:12.722,1:12.623,,1.0,24.656,51.0,,,,,,
2023,7,Spanish Grand Prix,catalunya,Circuit de Barcelona-Catalunya,2023-06-04,max_verstappen,VER,Max Verstappen,red_bull,Red Bull,1,1,1,26.0,Finished,66,1,1:16.330,1.0,1:13.615,1:12.760,1:12.272,2.0,22.299,26.0,,,,,,
2023,7,Spanish Grand Prix,catalunya,Circuit de Barcelona-Catalunya,2023-06-04,hamilton,HAM,Lewis Hamilton,mercedes,Mercedes,4,2,2,18.0,Finished,66,3,1:16.676,5.0,1:12.937,1:12.999,1:12.818,2.0,22.653,24.0,,,,,,
2023,7,Spanish Grand Prix,catalunya,Circuit de Barcelona-Catalunya,2023-06-04,russell,RUS,George Russell,mercedes,Mercedes,12,3,3,15.0,Finished,66,5,1:17.875,12.0,1:13.326,1:13.447,,2.0,22.164499999999997,25.0,,,,,,
2023,7,Spanish Grand Prix,catalunya,Circuit de Barcelona-Catalunya,2023-06-04,perez,PER,Sergio Pérez,red_bull,Red Bull,11,4,4,12.0,Finished,66,2,1:16.666,11.0,1:13.874,1:13.334,,2.0,21.656,27.0,,,,,,
2023,7,Spanish Grand Prix,catalunya,Circuit de Barcelona-Catalunya,2023-06-04,sainz,SAI,Carlos Sainz,ferrari,Ferrari,2,5,5,10.0,Finished,66,11,1:18.403,2.0,1:13.411,1:12.790,1:12.734,2.0,22.348,15.0,,,,,,
2023,7,Spanish Grand Prix,catalunya,Circuit de Barcelona-Catalunya,2023-06-04,stroll,STR,Lance Stroll,aston_martin,Aston Martin,5,6,6,8.0,Finished,66,14,1:18.722,6.0,1:13.766,1:13.082,1:12.994,2.0,22.863,14.0,,,,,,
2023,7,Spanish Grand Prix,catalunya,Circuit de Barcelona-Catalunya,2023-06-04,alonso,ALO,Fernando Alonso,aston_martin,Aston Martin,8,7,7,6.0,Finished,66,7,1:18.083,9.0,1:13.747,1:13.098,1:13.507,2.0,22.727,19.0,,,,,,
2023,7,Spanish Grand Prix,catalunya,Circuit de Barcelona-Catalunya,2023-06-04,ocon,OCO,Esteban Ocon,alpine,Alpine F1 Team,6,8,8,4.0,Finished,66,18,1:18.946,7.0,1:13.433,1:13.001,1:13.083,2.0,23.110999999999997,13.0,,,,,,
2023,7,Spanish Grand Prix,catalunya,Circuit de Barcelona-Catalunya,2023-06-04,zhou,ZHO,Guanyu Zhou,alfa,Alfa Romeo,13,9,9,2.0,Finished,66,15,1:18.753,13.0,1:13.677,1:13.521,,2.0,23.1595,9.0,,,,,,
2023,7,Spanish Grand Prix,catalunya,Circuit de Barcelona-Catalunya,2023-06-04,gasly,GAS,Pierre Gasly,alpine,Alpine F1 Team,10,10,10,1.0,Finished,66,10,1:18.375,4.0,1:13.471,1:13.186,1:12.816,2.0,23.499000000000002,19.0,,,,,,
2023,7,Spanish Grand Prix,catalunya,Circuit de Barcelona-Catalunya,2023-06-04,leclerc,LEC,Charles Leclerc,ferrari,Ferrari,19,11,11,0.0,Finished,66,9,1:18.357,19.0,1:14.079,,,2.0,22.3905,16.0,,,,,,
2023,7,Spanish Grand Prix,catalunya,Circuit de Barcelona-Catalunya,2023-06-04,tsunoda,TSU,Yuki Tsunoda,alphatauri,AlphaTauri,15,12,12,0.0,Finished,66,17,1:18.904,15.0,1:13.862,1:14.477,,2.0,22.0925,10.0,,,,,,
2023,7,Spanish Grand Prix,catalunya,Circuit de Barcelona-Catalunya,2023-06-04,piastri,PIA,Oscar Piastri,mclaren,McLaren,9,13,13,0.0,Lapped,65,13,1:18.679,10.0,1:13.691,1:13.059,1:13.682,2.0,22.616,17.0,,,,,,
2023,7,Spanish Grand Prix,catalunya,Circuit de Barcelona-Catalunya,2023-06-04,de_vries,DEV,Nyck de Vries,alphatauri,AlphaTauri,14,14,14,0.0,Lapped,65,12,1:18.594,14.0,1:13.581,1:14.083,,2.0,22.249,9.0,,,,,,
2023,7,Spanish Grand Prix,catalunya,Circuit de Barcelona-Catalunya,2023-06-04,hulkenberg,HUL,Nico Hülkenberg,haas,Haas F1 Team,7,15,15,0.0,Lapped,65,16,1:18.776,8.0,1:13.420,1:13.283,1:13.229,3.0,23.346333333333334,8.0,,,,,,
2023,7,Spanish Grand Prix,catalunya,Circuit de Barcelona-Catalunya,2023-06-04,albon,ALB,Alexander Albon,williams,Williams,18,16,16,0.0,Lapped,65,19,1:19.133,18.0,1:14.063,,,2.0,23.384,16.0,,,,,,
2023,7,Spanish Grand Prix,catalunya,Circuit de Barcelona-Catalunya,2023-06-04,norris,NOR,Lando Norris,mclaren,McLaren,3,17,17,0.0,Lapped,65,4,1:17.182,3.0,1:13.295,1:12.776,1:12.792,3.0,27.549333333333333,1.0,,,,,,
2023,7,Spanish Grand Prix,catalunya,Circuit de Barcelona-Catalunya,2023-06-04,kevin_magnussen,MAG,Kevin Magnussen,haas,Haas F1 Team,17,18,18,0.0,Lapped,65,6,1:18.069,17.0,1:14.042,,,3.0,23.07166666666667,10.0,,,,,,
2023,7,Spanish Grand Prix,catalunya,Circuit de Barcelona-Catalunya,2023-06-04,bottas,BOT,Valtteri Bottas,alfa,Alfa Romeo,16,19,19,0.0,Lapped,65,8,1:18.242,16.0,1:13.977,,,2.0,23.894,5.0,,,,,,
2023,7,Spanish Grand Prix,catalunya,Circuit de Barcelona-Catalunya,2023-06-04,sargeant,SAR,Logan Sargeant,williams,Williams,20,20,20,0.0,Lapped,65,20,1:19.247,20.0,1:14.699,,,2.0,23.205,17.0,,,,,,
2023,8,Canadian Grand Prix,villeneuve,Circuit Gilles Villeneuve,2023-06-18,max_verstappen,VER,Max Verstappen,red_bull,Red Bull,1,1,1,25.0,Finished,70,3,1:15.594,1.0,1:20.851,1:19.092,1:25.858,2.0,23.777,12.0,,,,,,
2023,8,Canadian Grand Prix,villeneuve,Circuit Gilles Villeneuve,2023-06-18,alonso,ALO,Fernando Alonso,aston_martin,Aston Martin,2,2,2,18.0,Finished,70,4,1:15.779,3.0,1:21.481,1:19.776,1:27.286,2.0,23.9795,12.0,,,,,,
2023,8,Canadian Grand Prix,villeneuve,Circuit Gilles Villeneuve,2023-06-18,hamilton,HAM,Lewis Hamilton,mercedes,Mercedes,3,3,3,15.0,Finished,70,2,1:15.396,4.0,1:21.554,1:20.426,1:27.627,2.0,24.043999999999997,12.0,,,,,,
2023,8,Canadian Grand Prix,villeneuve,Circuit Gilles Villeneuve,2023-06-18,leclerc,LEC,Charles Leclerc,ferrari,Ferrari,10,4,4,12.0,Finished,70,5,1:15.907,11.0,1:21.843,1:20.615,,1.0,24.343,39.0,,,,,,
2023,8,Canadian Grand Prix,villeneuve,Circuit Gilles Villeneuve,2023-06-18,sainz,SAI,Carlos Sainz,ferrari,Ferrari,11,5,5,10.0,Finished,70,6,1:15.911,8.0,1:22.248,1:19.856,1:29.294,1.0,24.133,38.0,,,,,,
2023,8,Canadian Grand Prix,villeneuve,Circuit Gilles Villeneuve,2023-06-18,perez,PER,Sergio Pérez,red_bull,Red Bull,12,6,6,9.0,Finished,70,1,1:14.481,12.0,1:22.151,1:20.959,,2.0,23.249499999999998,37.0,,,,,,
2023,8,Canadian Grand Prix,villeneuve,Circuit Gilles Villeneuve,2023-06-18,albon,ALB,Alexander Albon,williams,Williams,9,7,7,6.0,Finished,70,16,1:16.917,10.0,1:21.938,1:18.725,,1.0,25.064,12.0,,,,,,
2023,8,Canadian Grand Prix,villeneuve,Circuit Gilles Villeneuve,2023-06-18,ocon,OCO,Esteban Ocon,alpine,Alpine F1 Team,6,8,8,4.0,Finished,70,15,1:16.782,6.0,1:22.114,1:20.406,1:27.945,2.0,24.05,12.0,,,,,,
2023,8,Canadian Grand Prix,villeneuve,Circuit Gilles Villeneuve,2023-06-18,stroll,STR,Lance Stroll,aston_martin,Aston Martin,16,9,9,2.0,Finished,70,10,1:16.564,13.0,1:22.677,1:21.484,,2.0,23.775,11.0,,,,,,
2023,8,Canadian Grand Prix,villeneuve,Circuit Gilles Villeneuve,2023-06-18,bottas,BOT,Valtteri Bottas,alfa,Alfa Romeo,14,10,10,1.0,Finished,70,12,1:16.625,15.0,1:22.332,1:21.821,,1.0,24.038,36.0,,,,,,
2023,8,Canadian Grand Prix,villeneuve,Circuit Gilles Villeneuve,2023-06-18,piastri,PIA,Oscar Piastri,mclaren,McLaren,8,11,11,0.0,Finished,70,11,1:16.598,9.0,1:22.190,1:19.659,1:31.349,2.0,24.131999999999998,12.0,,,,,,
2023,8,Canadian Grand Prix,villeneuve,Circuit Gilles Villeneuve,2023-06-18,gasly,GAS,Pierre Gasly,alpine,Alpine F1 Team,15,12,12,0.0,Finished,70,9,1:16.425,17.0,1:22.886,,,2.0,25.816000000000003,10.0,,,,,,
2023,8,Canadian Grand Prix,villeneuve,Circuit Gilles Villeneuve,2023-06-18,norris,NOR,Lando Norris,mclaren,McLaren,7,13,13,0.0,Finished,70,8,1:16.374,7.0,1:21.998,1:19.347,1:28.046,2.0,24.716,12.0,,,,,,
2023,8,Canadian Grand Prix,villeneuve,Circuit Gilles Villeneuve,2023-06-18,tsunoda,TSU,Yuki Tsunoda,alphatauri,AlphaTauri,19,14,14,0.0,Finished,70,14,1:16.666,16.0,1:22.746,,,2.0,25.5845,1.0,,,,,,
2023,8,Canadian Grand Prix,villeneuve,Circuit Gilles Villeneuve,2023-06-18,hulkenberg,HUL,Nico Hülkenberg,haas,Haas F1 Team,5,15,15,0.0,Lapped,69,19,1:17.232,2.0,1:22.730,1:20.305,1:27.102,2.0,24.54,11.0,,,,,,
2023,8,Canadian Grand Prix,villeneuve,Circuit Gilles Villeneuve,2023-06-18,zhou,ZHO,Guanyu Zhou,alfa,Alfa Romeo,20,16,16,0.0,Lapped,69,17,1:17.090,20.0,1:23.342,,,2.0,25.835,12.0,,,,,,
2023,8,Canadian Grand Prix,villeneuve,Circuit Gilles Villeneuve,2023-06-18,kevin_magnussen,MAG,Kevin Magnussen,haas,Haas F1 Team,13,17,17,0.0,Lapped,69,7,1:16.126,14.0,1:22.351,1:21.678,,2.0,24.712,35.0,,,,,,
2023,8,Canadian Grand Prix,villeneuve,Circuit Gilles Villeneuve,2023-06-18,de_vries,DEV,Nyck de Vries,alphatauri,AlphaTauri,17,18,18,0.0,Lapped,69,13,1:16.656,18.0,1:23.137,,,2.0,24.373,11.0,,,,,,
2023,8,Canadian Grand Prix,villeneuve,Circuit Gilles Villeneuve,2023-06-18,russell,RUS,George Russell,mercedes,Mercedes,4,19,R,0.0,Retired,53,18,1:17.097,5.0,1:21.798,1:20.098,1:27.893,1.0,,12.0,,,,,,
2023,8,Canadian Grand Prix,villeneuve,Circuit Gilles Villeneuve,2023-06-18,sargeant,SAR,Logan Sargeant,williams,Williams,18,20,R,0.0,Retired,6,20,1:18.437,19.0,1:23.337,,,,,,,,,,,
2023,9,Austrian Grand Prix,red_bull_ring,Red Bull Ring,2023-07-02,max_verstappen,VER,Max Verstappen,red_bull,Red Bull,1,1,1,26.0,Finished,71,1,1:07.012,1.0,1:05.116,1:04.951,1:04.391,4.0,20.175749999999997,2.0,,,,,,
2023,9,Austrian Grand Prix,red_bull_ring,Red Bull Ring,2023-07-02,leclerc,LEC,Charles Leclerc,ferrari,Ferrari,2,2,2,18.0,Finished,71,5,1:08.820,2.0,1:05.577,1:05.087,1:04.439,3.0,20.429333333333332,2.0,,,,,,
2023,9,Austrian Grand Prix,red_bull_ring,Red Bull Ring,2023-07-02,perez,PER,Sergio Pérez,red_bull,Red Bull,15,3,3,15.0,Finished,71,2,1:08.111,15.0,1:05.177,2:06.688,,3.0,20.116666666666664,2.0,,,,,,
2023,9,Austrian Grand Prix,red_bull_ring,Red Bull Ring,2023-07-02,norris,NOR,Lando Norris,mclaren,McLaren,4,4,4,12.0,Finished,71,4,1:08.739,4.0,1:05.617,1:05.038,1:04.658,3.0,20.484666666666666,2.0,,,,,,
2023,9,Austrian Grand Prix,red_bull_ring,Red Bull Ring,2023-07-02,alonso,ALO,Fernando Alonso,aston_martin,Aston Martin,7,5,5,10.0,Finished,71,8,1:09.108,7.0,1:05.655,1:05.181,1:04.911,3.0,20.32133333333333,2.0,,,,,,
2023,9,Austrian Grand Prix,red_bull_ring,Red Bull Ring,2023-07-02,sainz,SAI,Carlos Sainz,ferrari,Ferrari,3,6,6,8.0,Finished,71,6,1:08.880,3.0,1:05.339,1:04.975,1:04.581,3.0,23.748666666666665,2.0,,,,,,
2023,9,Austrian Grand Prix,red_bull_ring,Red Bull Ring,2023-07-02,russell,RUS,George Russell,mercedes,Mercedes,11,7,7,6.0,Finished,71,10,1:09.283,11.0,1:05.686,1:05.428,,3.0,20.636666666666667,2.0,,,,,,
2023,9,Austrian Grand Prix,red_bull_ring,Red Bull Ring,2023-07-02,hamilton,HAM,Lewis Hamilton,mercedes,Mercedes,5,8,8,4.0,Finished,71,9,1:09.160,5.0,1:05.673,1:05.188,1:04.819,3.0,22.044,2.0,,,,,,
2023,9,Austrian Grand Prix,red_bull_ring,Red Bull Ring,2023-07-02,stroll,STR,Lance Stroll,aston_martin,Aston Martin,6,9,9,2.0,Finished,71,3,1:08.463,6.0,1:05.710,1:05.121,1:04.893,4.0,21.216250000000002,2.0,,,,,,
2023,9,Austrian Grand Prix,red_bull_ring,Red Bull Ring,2023-07-02,gasly,GAS,Pierre Gasly,alpine,Alpine F1 Team,9,10,10,1.0,Finished,71,7,1:09.046,9.0,1:05.515,1:05.308,1:05.170,3.0,21.999333333333336,2.0,,,,,,
2023,9,Austrian Grand Prix,red_bull_ring,Red Bull Ring,2023-07-02,albon,ALB,Alexander Albon,williams,Williams,10,11,11,0.0,Finished,71,11,1:09.560,10.0,1:05.673,1:05.387,1:05.823,3.0,21.994,2.0,,,,,,
2023,9,Austrian Grand Prix,red_bull_ring,Red Bull Ring,2023-07-02,zhou,ZHO,Guanyu Zhou,alfa,Alfa Romeo,17,12,12,0.0,Lapped,70,14,1:09.786,17.0,1:05.818,,,3.0,21.25033333333333,2.0,,,,,,
2023,9,Austrian Grand Prix,red_bull_ring,Red Bull Ring,2023-07-02,sargeant,SAR,Logan Sargeant,williams,Williams,18,13,13,0.0,Lapped,70,12,1:09.611,18.0,1:05.948,,,3.0,20.691333333333333,2.0,,,,,,
2023,9,Austrian Grand Prix,red_bull_ring,Red Bull Ring,2023-07-02,ocon,OCO,Esteban Ocon,alpine,Alpine F1 Team,12,14,14,0.0,Lapped,70,15,1:09.797,12.0,1:05.729,1:05.453,,3.0,23.532666666666668,2.0,,,,,,
2023,9,Austrian Grand Prix,red_bull_ring,Red Bull Ring,2023-07-02,bottas,BOT,Valtteri Bottas,alfa,Alfa Romeo,14,15,15,0.0,Lapped,70,18,1:09.940,14.0,1:05.763,1:05.680,,3.0,23.63,2.0,,,,,,
2023,9,Austrian Grand Prix,red_bull_ring,Red Bull Ring,2023-07-02,piastri,PIA,Oscar Piastri,mclaren,McLaren,13,16,16,0.0,Lapped,70,17,1:09.862,13.0,1:05.683,1:05.605,,4.0,23.004,2.0,,,,,,
2023,9,Austrian Grand Prix,red_bull_ring,Red Bull Ring,2023-07-02,de_vries,DEV,Nyck de Vries,alphatauri,AlphaTauri,20,17,17,0.0,Lapped,70,16,1:09.852,20.0,1:05.974,,,3.0,19.813333333333333,2.0,,,,,,
2023,9,Austrian Grand Prix,red_bull_ring,Red Bull Ring,2023-07-02,kevin_magnussen,MAG,Kevin Magnussen,haas,Haas F1 Team,19,18,18,0.0,Lapped,70,19,1:10.176,19.0,1:05.971,,,3.0,24.830333333333332,1.0,,,,,,
2023,9,Austrian Grand Prix,red_bull_ring,Red Bull Ring,2023-07-02,tsunoda,TSU,Yuki Tsunoda,alphatauri,AlphaTauri,16,19,19,0.0,Lapped,70,13,1:09.620,16.0,1:05.784,,,4.0,23.65375,1.0,,,,,,
2023,9,Austrian Grand Prix,red_bull_ring,Red Bull Ring,2023-07-02,hulkenberg,HUL,Nico Hülkenberg,haas,Haas F1 Team,8,20,R,0.0,Retired,12,20,1:11.066,8.0,1:05.740,1:05.362,1:05.090,2.0,19.3345,2.0,,,,,,
2023,10,British Grand Prix,silverstone,Silverstone Circuit,2023-07-09,max_verstappen,VER,Max Verstappen,red_bull,Red Bull,1,1,1,26.0,Finished,52,1,1:30.275,1.0,1:29.428,1:27.702,1:26.720,1.0,29.056,33.0,,,,,,
2023,10,British Grand Prix,silverstone,Silverstone Circuit,2023-07-09,norris,NOR,Lando Norris,mclaren,McLaren,2,2,2,18.0,Finished,52,2,1:30.543,2.0,1:28.917,1:28.042,1:26.961,1.0,28.438,33.0,,,,,,
2023,10,British Grand Prix,silverstone,Silverstone Circuit,2023-07-09,hamilton,HAM,Lewis Hamilton,mercedes,Mercedes,7,3,3,15.0,Finished,52,3,1:30.545,7.0,1:29.415,1:28.545,1:27.211,1.0,29.169,33.0,,,,,,
2023,10,British Grand Prix,silverstone,Silverstone Circuit,2023-07-09,piastri,PIA,Oscar Piastri,mclaren,McLaren,3,4,4,12.0,Finished,52,4,1:30.850,3.0,1:29.874,1:27.845,1:27.092,1.0,28.655,29.0,,,,,,
2023,10,British Grand Prix,silverstone,Silverstone Circuit,2023-07-09,russell,RUS,George Russell,mercedes,Mercedes,6,5,5,10.0,Finished,52,6,1:31.124,6.0,1:29.412,1:28.782,1:27.155,1.0,29.455,28.0,,,,,,
2023,10,British Grand Prix,silverstone,Silverstone Circuit,2023-07-09,perez,PER,Sergio Pérez,red_bull,Red Bull,15,6,6,8.0,Finished,52,5,1:30.914,15.0,1:29.968,,,1.0,28.06,28.0,,,,,,
2023,10,British Grand Prix,silverstone,Silverstone Circuit,2023-07-09,alonso,ALO,Fernando Alonso,aston_martin,Aston Martin,9,7,7,6.0,Finished,52,9,1:31.338,9.0,1:29.949,1:28.368,1:27.659,1.0,28.679,33.0,,,,,,
2023,10,British Grand Prix,silverstone,Silverstone Circuit,2023-07-09,albon,ALB,Alexander Albon,williams,Williams,8,8,8,4.0,Finished,52,8,1:31.273,8.0,1:29.466,1:28.067,1:27.530,1.0,29.634,32.0,,,,,,
2023,10,British Grand Prix,silverstone,Silverstone Circuit,2023-07-09,leclerc,LEC,Charles Leclerc,ferrari,Ferrari,4,9,9,2.0,Finished,52,7,1:31.255,4.0,1:29.143,1:28.361,1:27.136,2.0,28.5245,18.0,,,,,,
2023,10,British Grand Prix,silverstone,Silverstone Circuit,2023-07-09,sainz,SAI,Carlos Sainz,ferrari,Ferrari,5,10,10,1.0,Finished,52,10,1:31.366,5.0,1:29.865,1:28.265,1:27.148,1.0,28.869,26.0,,,,,,
2023,10,British Grand Prix,silverstone,Silverstone Circuit,2023-07-09,sargeant,SAR,Logan Sargeant,williams,Williams,14,11,11,0.0,Finished,52,13,1:31.699,14.0,1:29.873,1:29.031,,1.0,28.847,29.0,,,,,,
2023,10,British Grand Prix,silverstone,Silverstone Circuit,2023-07-09,bottas,BOT,Valtteri Bottas,alfa,Alfa Romeo,20,12,12,0.0,Finished,52,16,1:31.852,15.0,1:29.798,,,1.0,29.662,32.0,,,,,,
2023,10,British Grand Prix,silverstone,Silverstone Circuit,2023-07-09,hulkenberg,HUL,Nico Hülkenberg,haas,Haas F1 Team,11,13,13,0.0,Finished,52,15,1:31.776,11.0,1:29.603,1:28.896,,2.0,35.9875,7.0,,,,,,
2023,10,British Grand Prix,silverstone,Silverstone Circuit,2023-07-09,stroll,STR,Lance Stroll,aston_martin,Aston Martin,12,14,14,0.0,Finished,52,11,1:31.508,12.0,1:29.448,1:28.935,,1.0,28.561,31.0,,,,,,
2023,10,British Grand Prix,silverstone,Silverstone Circuit,2023-07-09,zhou,ZHO,Guanyu Zhou,alfa,Alfa Romeo,17,15,15,0.0,Finished,52,14,1:31.769,17.0,1:30.123,,,3.0,30.75333333333333,24.0,,,,,,
2023,10,British Grand Prix,silverstone,Silverstone Circuit,2023-07-09,tsunoda,TSU,Yuki Tsunoda,alphatauri,AlphaTauri,16,16,16,0.0,Finished,52,17,1:32.084,16.0,1:30.025,,,2.0,28.478,14.0,,,,,,
2023,10,British Grand Prix,silverstone,Silverstone Circuit,2023-07-09,de_vries,DEV,Nyck de Vries,alphatauri,AlphaTauri,18,17,17,0.0,Finished,52,18,1:32.353,18.0,1:30.513,,,2.0,28.3275,27.0,,,,,,
2023,10,British Grand Prix,silverstone,Silverstone Circuit,2023-07-09,gasly,GAS,Pierre Gasly,alpine,Alpine F1 Team,10,18,18,0.0,Retired,46,12,1:31.539,10.0,1:29.533,1:28.751,1:27.689,1.0,28.458,31.0,,,,,,
2023,10,British Grand Prix,silverstone,Silverstone Circuit,2023-07-09,kevin_magnussen,MAG,Kevin Magnussen,haas,Haas F1 Team,19,19,R,0.0,Retired,31,19,1:33.356,19.0,1:32.378,,,,,,,,,,,
2023,10,British Grand Prix,silverstone,Silverstone Circuit,2023-07-09,ocon,OCO,Esteban Ocon,alpine,Alpine F1 Team,13,20,R,0.0,Retired,9,20,1:33.941,13.0,1:29.700,1:28.956,,,,,,,,,,
2023,11,Hungarian Grand Prix,hungaroring,Hungaroring,2023-07-23,max_verstappen,VER,Max Verstappen,red_bull,Red Bull,2,1,1,26.0,Finished,70,1,1:20.504,2.0,1:18.318,1:17.547,1:16.612,2.0,21.5435,23.0,,,,,,
2023,11,Hungarian Grand Prix,hungaroring,Hungaroring,2023-07-23,norris,NOR,Lando Norris,mclaren,McLaren,3,2,2,18.0,Finished,70,4,1:22.178,3.0,1:18.697,1:17.328,1:16.694,2.0,21.485500000000002,17.0,,,,,,
2023,11,Hungarian Grand Prix,hungaroring,Hungaroring,2023-07-23,perez,PER,Sergio Pérez,red_bull,Red Bull,9,3,3,15.0,Finished,70,5,1:22.295,9.0,1:18.360,1:17.675,1:17.045,2.0,21.371,24.0,,,,,,
2023,11,Hungarian Grand Prix,hungaroring,Hungaroring,2023-07-23,hamilton,HAM,Lewis Hamilton,mercedes,Mercedes,1,4,4,12.0,Finished,70,2,1:21.601,1.0,1:18.577,1:17.427,1:16.609,2.0,21.851,16.0,,,,,,
2023,11,Hungarian Grand Prix,hungaroring,Hungaroring,2023-07-23,piastri,PIA,Oscar Piastri,mclaren,McLaren,4,5,5,10.0,Finished,70,8,1:22.736,4.0,1:18.464,1:17.571,1:16.905,2.0,21.6005,18.0,,,,,,
2023,11,Hungarian Grand Prix,hungaroring,Hungaroring,2023-07-23,russell,RUS,George Russell,mercedes,Mercedes,18,6,6,8.0,Finished,70,3,1:22.158,18.0,1:19.027,,,2.0,21.7805,28.0,,,,,,
2023,11,Hungarian Grand Prix,hungaroring,Hungaroring,2023-07-23,leclerc,LEC,Charles Leclerc,ferrari,Ferrari,6,7,7,6.0,Finished,70,6,1:22.469,6.0,1:18.440,1:17.580,1:16.992,2.0,24.928,17.0,,,,,,
2023,11,Hungarian Grand Prix,hungaroring,Hungaroring,2023-07-23,sainz,SAI,Carlos Sainz,ferrari,Ferrari,11,8,8,4.0,Finished,70,7,1:22.584,11.0,1:18.393,1:17.703,,2.0,21.7265,15.0,,,,,,
2023,11,Hungarian Grand Prix,hungaroring,Hungaroring,2023-07-23,alonso,ALO,Fernando Alonso,aston_martin,Aston Martin,8,9,9,2.0,Finished,70,9,1:22.745,8.0,1:18.580,1:17.701,1:17.035,2.0,23.534,20.0,,,,,,
2023,11,Hungarian Grand Prix,hungaroring,Hungaroring,2023-07-23,stroll,STR,Lance Stroll,aston_martin,Aston Martin,14,10,10,1.0,Lapped,69,11,1:23.425,14.0,1:18.782,1:18.144,,2.0,22.1565,9.0,,,,,,
2023,11,Hungarian Grand Prix,hungaroring,Hungaroring,2023-07-23,albon,ALB,Alexander Albon,williams,Williams,16,11,11,0.0,Lapped,69,18,1:24.051,16.0,1:18.917,,,2.0,21.919,8.0,,,,,,
2023,11,Hungarian Grand Prix,hungaroring,Hungaroring,2023-07-23,bottas,BOT,Valtteri Bottas,alfa,Alfa Romeo,7,12,12,0.0,Lapped,69,14,1:23.651,7.0,1:18.775,1:17.563,1:17.034,2.0,22.678,9.0,,,,,,
2023,11,Hungarian Grand Prix,hungaroring,Hungaroring,2023-07-23,ricciardo,RIC,Daniel Ricciardo,alphatauri,AlphaTauri,13,13,13,0.0,Lapped,69,17,1:23.934,13.0,1:18.906,1:18.002,,2.0,22.0805,18.0,,,,,,
2023,11,Hungarian Grand Prix,hungaroring,Hungaroring,2023-07-23,hulkenberg,HUL,Nico Hülkenberg,haas,Haas F1 Team,10,14,14,0.0,Lapped,69,13,1:23.573,10.0,1:18.695,1:17.652,1:17.186,2.0,22.438499999999998,16.0,,,,,,
2023,11,Hungarian Grand Prix,hungaroring,Hungaroring,2023-07-23,tsunoda,TSU,Yuki Tsunoda,alphatauri,AlphaTauri,17,15,15,0.0,Lapped,69,10,1:23.269,17.0,1:18.919,,,2.0,23.6755,9.0,,,,,,
2023,11,Hungarian Grand Prix,hungaroring,Hungaroring,2023-07-23,zhou,ZHO,Guanyu Zhou,alfa,Alfa Romeo,5,16,16,0.0,Lapped,69,15,1:23.743,5.0,1:18.143,1:17.700,1:16.971,2.0,26.032,10.0,,,,,,
2023,11,Hungarian Grand Prix,hungaroring,Hungaroring,2023-07-23,kevin_magnussen,MAG,Kevin Magnussen,haas,Haas F1 Team,19,17,17,0.0,Lapped,69,16,1:23.864,19.0,1:19.206,,,2.0,22.4525,14.0,,,,,,
2023,11,Hungarian Grand Prix,hungaroring,Hungaroring,2023-07-23,sargeant,SAR,Logan Sargeant,williams,Williams,20,18,18,0.0,Retired,67,12,1:23.496,20.0,1:19.248,,,2.0,23.099,13.0,,,,,,
2023,11,Hungarian Grand Prix,hungaroring,Hungaroring,2023-07-23,ocon,OCO,Esteban Ocon,alpine,Alpine F1 Team,12,19,R,0.0,Retired,2,,,12.0,1:18.854,1:17.841,,,,,,,,,,
2023,11,Hungarian Grand Prix,hungaroring,Hungaroring,2023-07-23,gasly,GAS,Pierre Gasly,alpine,Alpine F1 Team,15,20,R,0.0,Retired,1,,,15.0,1:18.743,1:18.217,,,,,,,,,,
2023,12,Belgian Grand Prix,spa,Circuit de Spa-Francorchamps,2023-07-30,max_verstappen,VER,Max Verstappen,red_bull,Red Bull,6,1,1,25.0,Finished,44,2,1:48.922,1.0,1:58.515,1:52.784,1:46.168,2.0,22.9495,14.0,,,,,,
2023,12,Belgian Grand Prix,spa,Circuit de Spa-Francorchamps,2023-07-30,perez,PER,Sergio Pérez,red_bull,Red Bull,2,2,2,18.0,Finished,44,6,1:50.308,3.0,1:58.899,1:52.353,1:47.045,2.0,23.197000000000003,13.0,,,,,,
2023,12,Belgian Grand Prix,spa,Circuit de Spa-Francorchamps,2023-07-30,leclerc,LEC,Charles Leclerc,ferrari,Ferrari,1,3,3,15.0,Finished,44,7,1:50.436,2.0,1:58.300,1:52.017,1:46.988,2.0,23.186,13.0,,,,,,
2023,12,Belgian Grand Prix,spa,Circuit de Spa-Francorchamps,2023-07-30,hamilton,HAM,Lewis Hamilton,mercedes,Mercedes,3,4,4,13.0,Finished,44,1,1:47.305,4.0,1:58.563,1:52.345,1:47.087,3.0,23.08966666666667,12.0,,,,,,
2023,12,Belgian Grand Prix,spa,Circuit de Spa-Francorchamps,2023-07-30,alonso,ALO,Fernando Alonso,aston_martin,Aston Martin,9,5,5,10.0,Finished,44,13,1:50.938,9.0,1:58.834,1:52.751,1:47.843,2.0,23.441499999999998,10.0,,,,,,
2023,12,Belgian Grand Prix,spa,Circuit de Spa-Francorchamps,2023-07-30,russell,RUS,George Russell,mercedes,Mercedes,8,6,6,8.0,Finished,44,11,1:50.603,8.0,1:59.035,1:52.605,1:47.805,1.0,23.837,22.0,,,,,,
2023,12,Belgian Grand Prix,spa,Circuit de Spa-Francorchamps,2023-07-30,norris,NOR,Lando Norris,mclaren,McLaren,7,7,7,6.0,Finished,44,18,1:51.682,7.0,1:59.981,1:52.252,1:47.669,2.0,24.378,5.0,,,,,,
2023,12,Belgian Grand Prix,spa,Circuit de Spa-Francorchamps,2023-07-30,ocon,OCO,Esteban Ocon,alpine,Alpine F1 Team,14,8,8,4.0,Finished,44,8,1:50.439,15.0,1:59.634,1:56.372,,2.0,23.212,6.0,,,,,,
2023,12,Belgian Grand Prix,spa,Circuit de Spa-Francorchamps,2023-07-30,stroll,STR,Lance Stroll,aston_martin,Aston Martin,10,9,9,2.0,Finished,44,16,1:51.297,10.0,1:59.663,1:52.193,1:48.841,1.0,25.397,20.0,,,,,,
2023,12,Belgian Grand Prix,spa,Circuit de Spa-Francorchamps,2023-07-30,tsunoda,TSU,Yuki Tsunoda,alphatauri,AlphaTauri,11,10,10,1.0,Finished,44,17,1:51.394,11.0,1:59.044,1:53.148,,2.0,22.673499999999997,9.0,,,,,,
2023,12,Belgian Grand Prix,spa,Circuit de Spa-Francorchamps,2023-07-30,gasly,GAS,Pierre Gasly,alpine,Alpine F1 Team,12,11,11,0.0,Finished,44,12,1:50.911,12.0,1:59.511,1:53.671,,1.0,25.664,23.0,,,,,,
2023,12,Belgian Grand Prix,spa,Circuit de Spa-Francorchamps,2023-07-30,bottas,BOT,Valtteri Bottas,alfa,Alfa Romeo,13,12,12,0.0,Finished,44,10,1:50.515,14.0,1:59.484,1:54.694,,2.0,23.573999999999998,6.0,,,,,,
2023,12,Belgian Grand Prix,spa,Circuit de Spa-Francorchamps,2023-07-30,zhou,ZHO,Guanyu Zhou,alfa,Alfa Romeo,17,13,13,0.0,Finished,44,5,1:50.188,17.0,2:00.832,,,2.0,24.247,7.0,,,,,,
2023,12,Belgian Grand Prix,spa,Circuit de Spa-Francorchamps,2023-07-30,albon,ALB,Alexander Albon,williams,Williams,15,14,14,0.0,Finished,44,3,1:49.841,16.0,2:00.314,,,3.0,24.046666666666667,7.0,,,,,,
2023,12,Belgian Grand Prix,spa,Circuit de Spa-Francorchamps,2023-07-30,kevin_magnussen,MAG,Kevin Magnussen,haas,Haas F1 Team,16,15,15,0.0,Finished,44,14,1:50.993,13.0,2:00.020,1:54.160,,2.0,23.605,5.0,,,,,,
2023,12,Belgian Grand Prix,spa,Circuit de Spa-Francorchamps,2023-07-30,ricciardo,RIC,Daniel Ricciardo,alphatauri,AlphaTauri,19,16,16,0.0,Finished,44,15,1:50.994,19.0,2:02.159,,,2.0,23.066499999999998,5.0,,,,,,
2023,12,Belgian Grand Prix,spa,Circuit de Spa-Francorchamps,2023-07-30,sargeant,SAR,Logan Sargeant,williams,Williams,18,17,17,0.0,Finished,44,9,1:50.486,18.0,2:01.535,,,3.0,23.538999999999998,8.0,,,,,,
2023,12,Belgian Grand Prix,spa,Circuit de Spa-Francorchamps,2023-07-30,hulkenberg,HUL,Nico Hülkenberg,haas,Haas F1 Team,20,18,18,0.0,Finished,44,4,1:49.907,20.0,2:03.166,,,2.0,24.9045,12.0,,,,,,
2023,12,Belgian Grand Prix,spa,Circuit de Spa-Francorchamps,2023-07-30,sainz,SAI,Carlos Sainz,ferrari,Ferrari,4,19,R,0.0,Retired,23,19,1:53.138,5.0,1:58.688,1:51.711,1:47.152,1.0,23.303,7.0,,,,,,
2023,12,Belgian Grand Prix,spa,Circuit de Spa-Francorchamps,2023-07-30,piastri,PIA,Oscar Piastri,mclaren,McLaren,5,20,R,0.0,Retired,0,,,6.0,1:58.872,1:51.534,1:47.365,,,,,,,,,
2023,13,Dutch Grand Prix,zandvoort,Circuit Park Zandvoort,2023-08-27,max_verstappen,VER,Max Verstappen,red_bull,Red Bull,1,1,1,25.0,Finished,72,2,1:13.889,1.0,1:20.965,1:18.856,1:10.567,6.0,19.641000000000002,2.0,,,,,,
2023,13,Dutch Grand Prix,zandvoort,Circuit Park Zandvoort,2023-08-27,alonso,ALO,Fernando Alonso,aston_martin,Aston Martin,5,2,2,19.0,Finished,72,1,1:13.837,5.0,1:21.840,1:19.429,1:11.506,5.0,21.639499999999998,2.0,,,,,,
2023,13,Dutch Grand Prix,zandvoort,Circuit Park Zandvoort,2023-08-27,gasly,GAS,Pierre Gasly,alpine,Alpine F1 Team,12,3,3,15.0,Finished,72,7,1:14.441,12.0,1:21.735,1:20.128,,5.0,23.452,1.0,,,,,,
2023,13,Dutch Grand Prix,zandvoort,Circuit Park Zandvoort,2023-08-27,perez,PER,Sergio Pérez,red_bull,Red Bull,7,4,4,12.0,Finished,72,4,1:14.231,7.0,1:21.972,1:19.856,1:11.880,6.0,24.820600000000002,1.0,,,,,,
2023,13,Dutch Grand Prix,zandvoort,Circuit Park Zandvoort,2023-08-27,sainz,SAI,Carlos Sainz,ferrari,Ferrari,6,5,5,10.0,Finished,72,13,1:14.934,6.0,1:21.321,1:19.929,1:11.754,5.0,19.93,2.0,,,,,,
2023,13,Dutch Grand Prix,zandvoort,Circuit Park Zandvoort,2023-08-27,hamilton,HAM,Lewis Hamilton,mercedes,Mercedes,13,6,6,8.0,Finished,72,3,1:13.904,13.0,1:21.919,1:20.151,,5.0,20.0855,3.0,,,,,,
2023,13,Dutch Grand Prix,zandvoort,Circuit Park Zandvoort,2023-08-27,norris,NOR,Lando Norris,mclaren,McLaren,2,7,7,6.0,Finished,72,6,1:14.390,2.0,1:21.276,1:19.769,1:11.104,6.0,24.7172,3.0,,,,,,
2023,13,Dutch Grand Prix,zandvoort,Circuit Park Zandvoort,2023-08-27,albon,ALB,Alexander Albon,williams,Williams,4,8,8,4.0,Finished,72,8,1:14.468,4.0,1:20.939,1:19.399,1:11.419,4.0,26.733666666666664,44.0,,,,,,
2023,13,Dutch Grand Prix,zandvoort,Circuit Park Zandvoort,2023-08-27,piastri,PIA,Oscar Piastri,mclaren,McLaren,8,9,9,2.0,Finished,72,5,1:14.299,8.0,1:21.231,1:19.392,1:11.938,5.0,24.732000000000003,15.0,,,,,,
2023,13,Dutch Grand Prix,zandvoort,Circuit Park Zandvoort,2023-08-27,ocon,OCO,Esteban Ocon,alpine,Alpine F1 Team,16,10,10,1.0,Finished,72,10,1:14.570,17.0,1:22.110,,,6.0,24.097199999999997,2.0,,,,,,
2023,13,Dutch Grand Prix,zandvoort,Circuit Park Zandvoort,2023-08-27,stroll,STR,Lance Stroll,aston_martin,Aston Martin,11,11,11,0.0,Finished,72,15,1:15.171,11.0,1:21.570,1:20.121,,7.0,22.484166666666663,4.0,,,,,,
2023,13,Dutch Grand Prix,zandvoort,Circuit Park Zandvoort,2023-08-27,hulkenberg,HUL,Nico Hülkenberg,haas,Haas F1 Team,14,12,12,0.0,Finished,72,9,1:14.472,15.0,1:21.891,1:20.250,,5.0,24.154249999999998,16.0,,,,,,
2023,13,Dutch Grand Prix,zandvoort,Circuit Park Zandvoort,2023-08-27,lawson,LAW,Liam Lawson,alphatauri,AlphaTauri,19,13,13,0.0,Finished,72,12,1:14.820,20.0,1:23.420,,,7.0,27.147000000000002,1.0,,,,,,
2023,13,Dutch Grand Prix,zandvoort,Circuit Park Zandvoort,2023-08-27,bottas,BOT,Valtteri Bottas,alfa,Alfa Romeo,18,14,14,0.0,Finished,72,11,1:14.698,19.0,1:22.260,,,5.0,23.16325,16.0,,,,,,
2023,13,Dutch Grand Prix,zandvoort,Circuit Park Zandvoort,2023-08-27,tsunoda,TSU,Yuki Tsunoda,alphatauri,AlphaTauri,17,15,15,0.0,Finished,72,18,1:16.253,14.0,1:21.781,1:20.230,,5.0,26.682000000000002,1.0,,,,,,
2023,13,Dutch Grand Prix,zandvoort,Circuit Park Zandvoort,2023-08-27,kevin_magnussen,MAG,Kevin Magnussen,haas,Haas F1 Team,0,16,16,0.0,Finished,72,17,1:15.489,18.0,1:22.192,,,6.0,25.240000000000002,1.0,,,,,,
2023,13,Dutch Grand Prix,zandvoort,Circuit Park Zandvoort,2023-08-27,russell,RUS,George Russell,mercedes,Mercedes,3,17,17,0.0,Finished,72,14,1:15.124,3.0,1:21.345,1:19.620,1:11.294,7.0,24.533166666666663,4.0,,,,,,
2023,13,Dutch Grand Prix,zandvoort,Circuit Park Zandvoort,2023-08-27,zhou,ZHO,Guanyu Zhou,alfa,Alfa Romeo,15,18,R,0.0,Accident,62,16,1:15.417,16.0,1:22.067,,,4.0,21.30675,1.0,,,,,,
2023,13,Dutch Grand Prix,zandvoort,Circuit Park Zandvoort,2023-08-27,leclerc,LEC,Charles Leclerc,ferrari,Ferrari,9,19,R,0.0,Undertray,41,19,1:17.277,9.0,1:22.019,1:19.600,1:12.665,2.0,29.944000000000003,1.0,,,,,,
2023,13,Dutch Grand Prix,zandvoort,Circuit Park Zandvoort,2023-08-27,sargeant,SAR,Logan Sargeant,williams,Williams,10,20,R,0.0,Accident,14,20,1:17.399,10.0,1:22.036,1:20.067,1:16.748,,,,,,,,,
2023,14,Italian Grand Prix,monza,Autodromo Nazionale di Monza,2023-09-03,max_verstappen,VER,Max Verstappen,red_bull,Red Bull,2,1,1,25.0,Finished,51,2,1:25.240,2.0,1:21.573,1:20.937,1:20.307,1.0,24.228,20.0,,,,,,
2023,14,Italian Grand Prix,monza,Autodromo Nazionale di Monza,2023-09-03,perez,PER,Sergio Pérez,red_bull,Red Bull,5,2,2,18.0,Finished,51,4,1:25.522,5.0,1:21.911,1:21.240,1:20.688,1.0,23.819,21.0,,,,,,
2023,14,Italian Grand Prix,monza,Autodromo Nazionale di Monza,2023-09-03,sainz,SAI,Carlos Sainz,ferrari,Ferrari,1,3,3,15.0,Finished,51,3,1:25.501,1.0,1:21.965,1:20.991,1:20.294,1.0,25.183,19.0,,,,,,
2023,14,Italian Grand Prix,monza,Autodromo Nazionale di Monza,2023-09-03,leclerc,LEC,Charles Leclerc,ferrari,Ferrari,3,4,4,12.0,Finished,51,5,1:25.580,3.0,1:21.788,1:20.977,1:20.361,1.0,23.931,20.0,,,,,,
2023,14,Italian Grand Prix,monza,Autodromo Nazionale di Monza,2023-09-03,russell,RUS,George Russell,mercedes,Mercedes,4,5,5,10.0,Finished,51,9,1:25.847,4.0,1:22.148,1:21.382,1:20.671,1.0,24.215,19.0,,,,,,
2023,14,Italian Grand Prix,monza,Autodromo Nazionale di Monza,2023-09-03,hamilton,HAM,Lewis Hamilton,mercedes,Mercedes,8,6,6,8.0,Finished,51,6,1:25.582,8.0,1:21.977,1:21.369,1:20.820,1.0,24.255,27.0,,,,,,
2023,14,Italian Grand Prix,monza,Autodromo Nazionale di Monza,2023-09-03,albon,ALB,Alexander Albon,williams,Williams,6,7,7,6.0,Finished,51,16,1:26.389,6.0,1:21.661,1:21.272,1:20.760,1.0,24.538,15.0,,,,,,
2023,14,Italian Grand Prix,monza,Autodromo Nazionale di Monza,2023-09-03,norris,NOR,Lando Norris,mclaren,McLaren,9,8,8,4.0,Finished,51,14,1:26.144,9.0,1:21.995,1:21.581,1:20.979,1.0,23.727,22.0,,,,,,
2023,14,Italian Grand Prix,monza,Autodromo Nazionale di Monza,2023-09-03,alonso,ALO,Fernando Alonso,aston_martin,Aston Martin,10,9,9,2.0,Finished,51,13,1:26.105,10.0,1:22.043,1:21.543,1:21.417,1.0,24.798,21.0,,,,,,
2023,14,Italian Grand Prix,monza,Autodromo Nazionale di Monza,2023-09-03,bottas,BOT,Valtteri Bottas,alfa,Alfa Romeo,14,10,10,1.0,Finished,51,12,1:25.988,14.0,1:22.249,1:21.940,,1.0,24.658,25.0,,,,,,
2023,14,Italian Grand Prix,monza,Autodromo Nazionale di Monza,2023-09-03,lawson,LAW,Liam Lawson,alphatauri,AlphaTauri,12,11,11,0.0,Finished,51,8,1:25.842,12.0,1:22.112,1:21.758,,2.0,24.246499999999997,13.0,,,,,,
2023,14,Italian Grand Prix,monza,Autodromo Nazionale di Monza,2023-09-03,piastri,PIA,Oscar Piastri,mclaren,McLaren,7,12,12,0.0,Finished,51,1,1:25.072,7.0,1:22.106,1:21.527,1:20.785,2.0,27.966,23.0,,,,,,
2023,14,Italian Grand Prix,monza,Autodromo Nazionale di Monza,2023-09-03,sargeant,SAR,Logan Sargeant,williams,Williams,15,13,13,0.0,Finished,51,18,1:26.840,15.0,1:21.930,1:21.944,,1.0,24.779,14.0,,,,,,
2023,14,Italian Grand Prix,monza,Autodromo Nazionale di Monza,2023-09-03,zhou,ZHO,Guanyu Zhou,alfa,Alfa Romeo,16,14,14,0.0,Finished,51,11,1:25.983,16.0,1:22.390,,,2.0,25.177500000000002,11.0,,,,,,
2023,14,Italian Grand Prix,monza,Autodromo Nazionale di Monza,2023-09-03,gasly,GAS,Pierre Gasly,alpine,Alpine F1 Team,17,15,15,0.0,Finished,51,7,1:25.758,17.0,1:22.545,,,2.0,26.031,10.0,,,,,,
2023,14,Italian Grand Prix,monza,Autodromo Nazionale di Monza,2023-09-03,stroll,STR,Lance Stroll,aston_martin,Aston Martin,20,16,16,0.0,Finished,51,17,1:26.617,20.0,1:22.860,,,1.0,25.667,20.0,,,,,,
2023,14,Italian Grand Prix,monza,Autodromo Nazionale di Monza,2023-09-03,hulkenberg,HUL,Nico Hülkenberg,haas,Haas F1 Team,13,17,17,0.0,Lapped,50,10,1:25.894,13.0,1:22.343,1:21.776,,2.0,25.2115,14.0,,,,,,
2023,14,Italian Grand Prix,monza,Autodromo Nazionale di Monza,2023-09-03,kevin_magnussen,MAG,Kevin Magnussen,haas,Haas F1 Team,19,18,18,0.0,Lapped,50,15,1:26.278,19.0,1:22.592,,,2.0,24.7125,12.0,,,,,,
2023,14,Italian Grand Prix,monza,Autodromo Nazionale di Monza,2023-09-03,ocon,OCO,Esteban Ocon,alpine,Alpine F1 Team,18,19,R,0.0,Retired,39,19,1:26.963,18.0,1:22.548,,,1.0,24.249,24.0,,,,,,
2023,14,Italian Grand Prix,monza,Autodromo Nazionale di Monza,2023-09-03,tsunoda,TSU,Yuki Tsunoda,alphatauri,AlphaTauri,11,20,W,0.0,Did not start,0,,,11.0,1:21.852,1:21.594,,,,,,,,,,
2023,15,Singapore Grand Prix,marina_bay,Marina Bay Street Circuit,2023-09-17,sainz,SAI,Carlos Sainz,ferrari,Ferrari,1,1,1,25.0,Finished,62,7,1:37.666,1.0,1:32.339,1:31.439,1:30.984,1.0,29.499,20.0,,,,,,
2023,15,Singapore Grand Prix,marina_bay,Marina Bay Street Circuit,2023-09-17,norris,NOR,Lando Norris,mclaren,McLaren,4,2,2,18.0,Finished,62,8,1:38.046,4.0,1:32.483,1:31.951,1:31.270,1.0,29.485,20.0,,,,,,
2023,15,Singapore Grand Prix,marina_bay,Marina Bay Street Circuit,2023-09-17,hamilton,HAM,Lewis Hamilton,mercedes,Mercedes,5,3,3,16.0,Finished,62,1,1:35.867,5.0,1:32.651,1:32.019,1:31.485,2.0,33.106,20.0,,,,,,
2023,15,Singapore Grand Prix,marina_bay,Marina Bay Street Circuit,2023-09-17,leclerc,LEC,Charles Leclerc,ferrari,Ferrari,3,4,4,12.0,Finished,62,11,1:38.275,3.0,1:32.406,1:32.012,1:31.063,1.0,32.888,20.0,,,,,,
2023,15,Singapore Grand Prix,marina_bay,Marina Bay Street Circuit,2023-09-17,max_verstappen,VER,Max Verstappen,red_bull,Red Bull,11,5,5,10.0,Finished,62,4,1:36.575,11.0,1:32.398,1:32.173,,1.0,29.698,40.0,,,,,,
2023,15,Singapore Grand Prix,marina_bay,Marina Bay Street Circuit,2023-09-17,gasly,GAS,Pierre Gasly,alpine,Alpine F1 Team,12,6,6,8.0,Finished,62,12,1:38.277,12.0,1:32.452,1:32.274,,1.0,31.802,20.0,,,,,,
2023,15,Singapore Grand Prix,marina_bay,Marina Bay Street Circuit,2023-09-17,piastri,PIA,Oscar Piastri,mclaren,McLaren,17,7,7,6.0,Finished,62,13,1:38.492,17.0,1:32.902,,,1.0,29.369,20.0,,,,,,
2023,15,Singapore Grand Prix,marina_bay,Marina Bay Street Circuit,2023-09-17,perez,PER,Sergio Pérez,red_bull,Red Bull,13,8,8,4.0,Finished,62,5,1:37.108,13.0,1:32.099,1:32.310,,1.0,28.977,39.0,,,,,,
2023,15,Singapore Grand Prix,marina_bay,Marina Bay Street Circuit,2023-09-17,lawson,LAW,Liam Lawson,alphatauri,AlphaTauri,10,9,9,2.0,Finished,62,15,1:39.028,10.0,1:32.215,1:32.166,1:32.268,1.0,32.348,20.0,,,,,,
2023,15,Singapore Grand Prix,marina_bay,Marina Bay Street Circuit,2023-09-17,kevin_magnussen,MAG,Kevin Magnussen,haas,Haas F1 Team,6,10,10,1.0,Finished,62,10,1:38.107,6.0,1:32.242,1:31.892,1:31.575,2.0,32.2765,20.0,,,,,,
2023,15,Singapore Grand Prix,marina_bay,Marina Bay Street Circuit,2023-09-17,albon,ALB,Alexander Albon,williams,Williams,14,11,11,0.0,Finished,62,6,1:37.342,14.0,1:32.668,1:33.719,,2.0,29.9625,20.0,,,,,,
2023,15,Singapore Grand Prix,marina_bay,Marina Bay Street Circuit,2023-09-17,zhou,ZHO,Guanyu Zhou,alfa,Alfa Romeo,19,12,12,0.0,Finished,62,16,1:39.316,19.0,1:33.258,,,2.0,30.3345,2.0,,,,,,
2023,15,Singapore Grand Prix,marina_bay,Marina Bay Street Circuit,2023-09-17,hulkenberg,HUL,Nico Hülkenberg,haas,Haas F1 Team,9,13,13,0.0,Finished,62,17,1:39.923,9.0,1:32.100,1:31.994,1:31.808,1.0,35.497,20.0,,,,,,
2023,15,Singapore Grand Prix,marina_bay,Marina Bay Street Circuit,2023-09-17,sargeant,SAR,Logan Sargeant,williams,Williams,18,14,14,0.0,Finished,62,14,1:38.531,18.0,1:33.252,,,2.0,31.018,19.0,,,,,,
2023,15,Singapore Grand Prix,marina_bay,Marina Bay Street Circuit,2023-09-17,alonso,ALO,Fernando Alonso,aston_martin,Aston Martin,7,15,15,0.0,Finished,62,3,1:36.456,7.0,1:32.584,1:31.835,1:31.615,2.0,41.689,20.0,,,,,,
2023,15,Singapore Grand Prix,marina_bay,Marina Bay Street Circuit,2023-09-17,russell,RUS,George Russell,mercedes,Mercedes,2,16,16,0.0,Retired,61,2,1:36.273,2.0,1:32.331,1:31.743,1:31.056,2.0,30.0075,20.0,,,,,,
2023,15,Singapore Grand Prix,marina_bay,Marina Bay Street Circuit,2023-09-17,bottas,BOT,Valtteri Bottas,alfa,Alfa Romeo,16,17,R,0.0,Retired,51,9,1:38.075,16.0,1:32.809,,,1.0,30.487,40.0,,,,,,
2023,15,Singapore Grand Prix,marina_bay,Marina Bay Street Circuit,2023-09-17,ocon,OCO,Esteban Ocon,alpine,Alpine F1 Team,8,18,R,0.0,Retired,42,18,1:39.930,8.0,1:32.369,1:32.089,1:31.673,1.0,29.755,20.0,,,,,,
2023,15,Singapore Grand Prix,marina_bay,Marina Bay Street Circuit,2023-09-17,tsunoda,TSU,Yuki Tsunoda,alphatauri,AlphaTauri,15,19,R,0.0,Retired,0,,,15.0,1:31.991,,,,,,,,,,,
2023,15,Singapore Grand Prix,marina_bay,Marina Bay Street Circuit,2023-09-17,stroll,STR,Lance Stroll,aston_martin,Aston Martin,0,20,W,0.0,Withdrew,0,,,20.0,1:33.397,,,,,,,,,,,
2023,16,Japanese Grand Prix,suzuka,Suzuka Circuit,2023-09-24,max_verstappen,VER,Max Verstappen,red_bull,Red Bull,1,1,1,26.0,Finished,53,1,1:34.183,1.0,1:29.878,1:29.964,1:28.877,2.0,24.039,16.0,,,,,,
2023,16,Japanese Grand Prix,suzuka,Suzuka Circuit,2023-09-24,norris,NOR,Lando Norris,mclaren,McLaren,3,2,2,18.0,Finished,53,2,1:35.247,3.0,1:30.063,1:30.296,1:29.493,2.0,23.3525,17.0,,,,,,
2023,16,Japanese Grand Prix,suzuka,Suzuka Circuit,2023-09-24,piastri,PIA,Oscar Piastri,mclaren,McLaren,2,3,3,15.0,Finished,53,5,1:36.328,2.0,1:30.439,1:30.122,1:29.458,2.0,23.8265,13.0,,,,,,
2023,16,Japanese Grand Prix,suzuka,Suzuka Circuit,2023-09-24,leclerc,LEC,Charles Leclerc,ferrari,Ferrari,4,4,4,12.0,Finished,53,6,1:36.362,4.0,1:30.393,1:29.940,1:29.542,2.0,23.0615,17.0,,,,,,
2023,16,Japanese Grand Prix,suzuka,Suzuka Circuit,2023-09-24,hamilton,HAM,Lewis Hamilton,mercedes,Mercedes,7,5,5,10.0,Finished,53,3,1:35.611,7.0,1:30.811,1:30.040,1:29.908,2.0,24.236,16.0,,,,,,
2023,16,Japanese Grand Prix,suzuka,Suzuka Circuit,2023-09-24,sainz,SAI,Carlos Sainz,ferrari,Ferrari,6,6,6,8.0,Finished,53,4,1:36.187,6.0,1:30.651,1:30.067,1:29.850,2.0,23.2245,18.0,,,,,,
2023,16,Japanese Grand Prix,suzuka,Suzuka Circuit,2023-09-24,russell,RUS,George Russell,mercedes,Mercedes,8,7,7,6.0,Finished,53,11,1:37.653,8.0,1:30.811,1:30.268,1:30.219,1.0,24.034,24.0,,,,,,
2023,16,Japanese Grand Prix,suzuka,Suzuka Circuit,2023-09-24,alonso,ALO,Fernando Alonso,aston_martin,Aston Martin,10,8,8,4.0,Finished,53,8,1:37.203,10.0,1:30.971,1:30.465,1:30.560,2.0,24.189999999999998,11.0,,,,,,
2023,16,Japanese Grand Prix,suzuka,Suzuka Circuit,2023-09-24,ocon,OCO,Esteban Ocon,alpine,Alpine F1 Team,14,9,9,2.0,Finished,53,10,1:37.398,14.0,1:30.960,1:30.586,,2.0,25.4225,1.0,,,,,,
2023,16,Japanese Grand Prix,suzuka,Suzuka Circuit,2023-09-24,gasly,GAS,Pierre Gasly,alpine,Alpine F1 Team,12,10,10,1.0,Finished,53,7,1:36.371,12.0,1:30.843,1:30.509,,2.0,24.569499999999998,18.0,,,,,,
2023,16,Japanese Grand Prix,suzuka,Suzuka Circuit,2023-09-24,lawson,LAW,Liam Lawson,alphatauri,AlphaTauri,11,11,11,0.0,Lapped,52,15,1:38.267,11.0,1:30.425,1:30.508,,2.0,23.4035,10.0,,,,,,
2023,16,Japanese Grand Prix,suzuka,Suzuka Circuit,2023-09-24,tsunoda,TSU,Yuki Tsunoda,alphatauri,AlphaTauri,9,12,12,0.0,Lapped,52,12,1:37.768,9.0,1:30.733,1:30.204,1:30.303,2.0,23.1355,9.0,,,,,,
2023,16,Japanese Grand Prix,suzuka,Suzuka Circuit,2023-09-24,zhou,ZHO,Guanyu Zhou,alfa,Alfa Romeo,19,13,13,0.0,Lapped,52,13,1:37.791,19.0,1:31.398,,,3.0,29.749333333333336,1.0,,,,,,
2023,16,Japanese Grand Prix,suzuka,Suzuka Circuit,2023-09-24,hulkenberg,HUL,Nico Hülkenberg,haas,Haas F1 Team,18,14,14,0.0,Lapped,52,9,1:37.250,18.0,1:31.299,,,3.0,23.506,8.0,,,,,,
2023,16,Japanese Grand Prix,suzuka,Suzuka Circuit,2023-09-24,kevin_magnussen,MAG,Kevin Magnussen,haas,Haas F1 Team,15,15,15,0.0,Lapped,52,14,1:37.842,15.0,1:30.976,1:30.665,,2.0,23.837,12.0,,,,,,
2023,16,Japanese Grand Prix,suzuka,Suzuka Circuit,2023-09-24,albon,ALB,Alexander Albon,williams,Williams,13,16,R,0.0,Retired,26,18,1:39.185,13.0,1:30.941,1:30.537,,2.0,51.153999999999996,1.0,,,,,,
2023,16,Japanese Grand Prix,suzuka,Suzuka Circuit,2023-09-24,sargeant,SAR,Logan Sargeant,williams,Williams,20,17,R,0.0,Retired,22,16,1:38.848,20.0,,,,3.0,37.255,2.0,,,,,,
2023,16,Japanese Grand Prix,suzuka,Suzuka Circuit,2023-09-24,stroll,STR,Lance Stroll,aston_martin,Aston Martin,17,18,R,0.0,Retired,20,17,1:39.050,17.0,1:31.181,,,1.0,23.441,14.0,,,,,,
2023,16,Japanese Grand Prix,suzuka,Suzuka Circuit,2023-09-24,perez,PER,Sergio Pérez,red_bull,Red Bull,5,19,R,0.0,Retired,15,19,1:39.704,5.0,1:30.652,1:29.965,1:29.650,4.0,34.86666666666667,2.0,,,,,,
2023,16,Japanese Grand Prix,suzuka,Suzuka Circuit,2023-09-24,bottas,BOT,Valtteri Bottas,alfa,Alfa Romeo,16,20,R,0.0,Retired,7,20,2:02.755,16.0,1:31.049,,,2.0,54.657,1.0,,,,,,
2023,17,Qatar Grand Prix,losail,Lusail International Circuit,2023-10-08,max_verstappen,VER,Max Verstappen,red_bull,Red Bull,1,1,1,26.0,Finished,57,1,1:24.319,1.0,1:25.007,1:24.483,1:23.778,3.0,28.68733333333333,17.0,,,,,,
2023,17,Qatar Grand Prix,losail,Lusail International Circuit,2023-10-08,piastri,PIA,Oscar Piastri,mclaren,McLaren,6,2,2,18.0,Finished,57,3,1:24.921,6.0,1:25.266,1:24.724,1:24.540,3.0,28.077333333333332,12.0,,,,,,
2023,17,Qatar Grand Prix,losail,Lusail International Circuit,2023-10-08,norris,NOR,Lando Norris,mclaren,McLaren,10,3,3,15.0,Finished,57,2,1:24.842,10.0,1:25.131,1:24.685,,3.0,27.807333333333332,13.0,,,,,,
2023,17,Qatar Grand Prix,losail,Lusail International Circuit,2023-10-08,russell,RUS,George Russell,mercedes,Mercedes,2,4,4,12.0,Finished,57,5,1:25.770,2.0,1:25.334,1:24.827,1:24.219,4.0,31.18325,1.0,,,,,,
2023,17,Qatar Grand Prix,losail,Lusail International Circuit,2023-10-08,leclerc,LEC,Charles Leclerc,ferrari,Ferrari,5,5,5,10.0,Finished,57,4,1:24.992,5.0,1:25.452,1:25.079,1:24.424,3.0,27.871333333333336,12.0,,,,,,
2023,17,Qatar Grand Prix,losail,Lusail International Circuit,2023-10-08,alonso,ALO,Fernando Alonso,aston_martin,Aston Martin,4,6,6,8.0,Finished,57,6,1:26.045,4.0,1:25.223,1:25.241,1:24.369,3.0,28.399333333333335,11.0,,,,,,
2023,17,Qatar Grand Prix,losail,Lusail International Circuit,2023-10-08,ocon,OCO,Esteban Ocon,alpine,Alpine F1 Team,8,7,7,6.0,Finished,57,11,1:26.450,8.0,1:25.711,1:24.928,1:24.763,3.0,29.033,10.0,,,,,,
2023,17,Qatar Grand Prix,losail,Lusail International Circuit,2023-10-08,bottas,BOT,Valtteri Bottas,alfa,Alfa Romeo,9,8,8,4.0,Finished,57,13,1:26.652,9.0,1:26.038,1:25.297,1:25.058,3.0,29.436666666666667,3.0,,,,,,
2023,17,Qatar Grand Prix,losail,Lusail International Circuit,2023-10-08,zhou,ZHO,Guanyu Zhou,alfa,Alfa Romeo,19,9,9,2.0,Finished,57,9,1:26.323,20.0,1:27.432,,,3.0,28.884333333333334,18.0,,,,,,
2023,17,Qatar Grand Prix,losail,Lusail International Circuit,2023-10-08,perez,PER,Sergio Pérez,red_bull,Red Bull,20,10,10,1.0,Finished,57,7,1:26.220,13.0,1:25.991,1:25.462,,3.0,31.406333333333333,17.0,,,,,,
2023,17,Qatar Grand Prix,losail,Lusail International Circuit,2023-10-08,stroll,STR,Lance Stroll,aston_martin,Aston Martin,16,11,11,0.0,Finished,57,10,1:26.352,17.0,1:26.345,,,3.0,28.813666666666666,3.0,,,,,,
2023,17,Qatar Grand Prix,losail,Lusail International Circuit,2023-10-08,gasly,GAS,Pierre Gasly,alpine,Alpine F1 Team,7,12,12,0.0,Finished,57,8,1:26.310,7.0,1:25.566,1:24.918,1:24.553,3.0,31.159000000000002,11.0,,,,,,
2023,17,Qatar Grand Prix,losail,Lusail International Circuit,2023-10-08,albon,ALB,Alexander Albon,williams,Williams,13,13,13,0.0,Finished,57,14,1:26.666,14.0,1:26.118,1:25.707,,3.0,28.993666666666666,18.0,,,,,,
2023,17,Qatar Grand Prix,losail,Lusail International Circuit,2023-10-08,kevin_magnussen,MAG,Kevin Magnussen,haas,Haas F1 Team,18,14,14,0.0,Lapped,56,15,1:27.067,19.0,1:27.046,,,3.0,29.340666666666667,3.0,,,,,,
2023,17,Qatar Grand Prix,losail,Lusail International Circuit,2023-10-08,tsunoda,TSU,Yuki Tsunoda,alphatauri,AlphaTauri,11,15,15,0.0,Lapped,56,17,1:27.174,11.0,1:26.058,1:25.301,,3.0,27.728666666666665,9.0,,,,,,
2023,17,Qatar Grand Prix,losail,Lusail International Circuit,2023-10-08,hulkenberg,HUL,Nico Hülkenberg,haas,Haas F1 Team,14,16,16,0.0,Lapped,56,12,1:26.489,15.0,1:25.904,1:25.783,,3.0,32.248,13.0,,,,,,
2023,17,Qatar Grand Prix,losail,Lusail International Circuit,2023-10-08,lawson,LAW,Liam Lawson,alphatauri,AlphaTauri,17,17,17,0.0,Lapped,56,16,1:27.113,18.0,1:26.635,,,3.0,28.721999999999998,3.0,,,,,,
2023,17,Qatar Grand Prix,losail,Lusail International Circuit,2023-10-08,sargeant,SAR,Logan Sargeant,williams,Williams,15,18,R,0.0,Retired,40,18,1:27.983,16.0,1:26.210,,,2.0,29.4045,13.0,,,,,,
2023,17,Qatar Grand Prix,losail,Lusail International Circuit,2023-10-08,hamilton,HAM,Lewis Hamilton,mercedes,Mercedes,3,19,R,0.0,Retired,0,,,3.0,1:26.076,1:24.381,1:24.305,,,,,,,,,
2023,17,Qatar Grand Prix,losail,Lusail International Circuit,2023-10-08,sainz,SAI,Carlos Sainz,ferrari,Ferrari,12,20,W,0.0,Did not start,0,,,12.0,1:25.808,1:25.328,,,,,,,,,,
2023,18,United States Grand Prix,americas,Circuit of the Americas,2023-10-22,max_verstappen,VER,Max Verstappen,red_bull,Red Bull,6,1,1,25.0,Finished,56,9,1:40.028,6.0,1:35.346,1:35.008,1:35.081,2.0,24.365000000000002,16.0,,,,,,
2023,18,United States Grand Prix,americas,Circuit of the Americas,2023-10-22,norris,NOR,Lando Norris,mclaren,McLaren,2,2,2,18.0,Finished,56,8,1:39.985,2.0,1:35.110,1:35.441,1:34.853,2.0,23.758000000000003,17.0,,,,,,
2023,18,United States Grand Prix,americas,Circuit of the Americas,2023-10-22,sainz,SAI,Carlos Sainz,ferrari,Ferrari,4,3,3,15.0,Finished,56,10,1:40.034,4.0,1:35.824,1:35.302,1:34.945,2.0,23.670499999999997,17.0,,,,,,
2023,18,United States Grand Prix,americas,Circuit of the Americas,2023-10-22,perez,PER,Sergio Pérez,red_bull,Red Bull,9,4,4,12.0,Finished,56,5,1:39.737,9.0,1:35.989,1:35.679,1:35.173,2.0,23.996000000000002,17.0,,,,,,
2023,18,United States Grand Prix,americas,Circuit of the Americas,2023-10-22,russell,RUS,George Russell,mercedes,Mercedes,5,5,5,10.0,Finished,56,3,1:39.393,5.0,1:36.165,1:35.606,1:35.079,2.0,24.163,21.0,,,,,,
2023,18,United States Grand Prix,americas,Circuit of the Americas,2023-10-22,gasly,GAS,Pierre Gasly,alpine,Alpine F1 Team,7,6,6,8.0,Finished,56,11,1:40.412,7.0,1:36.158,1:35.496,1:35.089,2.0,24.39,18.0,,,,,,
2023,18,United States Grand Prix,americas,Circuit of the Americas,2023-10-22,stroll,STR,Lance Stroll,aston_martin,Aston Martin,20,7,7,6.0,Finished,56,6,1:39.908,19.0,1:36.589,,,2.0,24.206,20.0,,,,,,
2023,18,United States Grand Prix,americas,Circuit of the Americas,2023-10-22,tsunoda,TSU,Yuki Tsunoda,alphatauri,AlphaTauri,11,8,8,5.0,Finished,56,1,1:38.139,11.0,1:35.913,1:35.697,,3.0,23.983666666666664,17.0,,,,,,
2023,18,United States Grand Prix,americas,Circuit of the Americas,2023-10-22,albon,ALB,Alexander Albon,williams,Williams,15,9,9,2.0,Finished,56,15,1:41.318,18.0,1:36.315,,,2.0,24.4585,10.0,,,,,,
2023,18,United States Grand Prix,americas,Circuit of the Americas,2023-10-22,sargeant,SAR,Logan Sargeant,williams,Williams,16,10,10,1.0,Finished,56,14,1:41.238,20.0,1:36.827,,,2.0,25.2685,11.0,,,,,,
2023,18,United States Grand Prix,americas,Circuit of the Americas,2023-10-22,hulkenberg,HUL,Nico Hülkenberg,haas,Haas F1 Team,18,11,11,0.0,Finished,56,12,1:40.925,16.0,1:36.235,,,2.0,25.4405,19.0,,,,,,
2023,18,United States Grand Prix,americas,Circuit of the Americas,2023-10-22,bottas,BOT,Valtteri Bottas,alfa,Alfa Romeo,13,12,12,0.0,Finished,56,18,1:41.972,13.0,1:36.082,1:35.858,,2.0,24.9015,10.0,,,,,,
2023,18,United States Grand Prix,americas,Circuit of the Americas,2023-10-22,zhou,ZHO,Guanyu Zhou,alfa,Alfa Romeo,12,13,13,0.0,Lapped,55,17,1:41.879,12.0,1:36.052,1:35.698,,2.0,25.176499999999997,9.0,,,,,,
2023,18,United States Grand Prix,americas,Circuit of the Americas,2023-10-22,kevin_magnussen,MAG,Kevin Magnussen,haas,Haas F1 Team,17,14,14,0.0,Lapped,55,16,1:41.506,14.0,1:36.009,1:35.880,,2.0,24.906,10.0,,,,,,
2023,18,United States Grand Prix,americas,Circuit of the Americas,2023-10-22,ricciardo,RIC,Daniel Ricciardo,alphatauri,AlphaTauri,14,15,15,0.0,Lapped,55,2,1:39.366,15.0,1:36.213,1:35.974,,2.0,25.4385,22.0,,,,,,
2023,18,United States Grand Prix,americas,Circuit of the Americas,2023-10-22,alonso,ALO,Fernando Alonso,aston_martin,Aston Martin,19,16,R,0.0,Retired,49,7,1:39.954,17.0,1:36.268,,,2.0,24.939,19.0,,,,,,
2023,18,United States Grand Prix,americas,Circuit of the Americas,2023-10-22,piastri,PIA,Oscar Piastri,mclaren,McLaren,10,17,R,0.0,Retired,10,19,1:42.705,10.0,1:36.064,1:35.576,1:35.467,,,,,,,,,
2023,18,United States Grand Prix,americas,Circuit of the Americas,2023-10-22,ocon,OCO,Esteban Ocon,alpine,Alpine F1 Team,8,18,R,0.0,Retired,6,20,1:44.789,8.0,1:36.131,1:35.413,1:35.154,,,,,,,,,
2023,18,United States Grand Prix,americas,Circuit of the Americas,2023-10-22,hamilton,HAM,Lewis Hamilton,mercedes,Mercedes,3,19,19,0.0,Disqualified,56,4,1:39.582,3.0,1:35.091,1:35.240,1:34.862,2.0,24.782,20.0,,,,,,
2023,18,United States Grand Prix,americas,Circuit of the Americas,2023-10-22,leclerc,LEC,Charles Leclerc,ferrari,Ferrari,1,20,20,0.0,Disqualified,56,13,1:41.025,1.0,1:36.061,1:35.004,1:34.723,1.0,23.963,23.0,,,,,,
2023,19,Mexico City Grand Prix,rodriguez,Autódromo Hermanos Rodríguez,2023-10-29,max_verstappen,VER,Max Verstappen,red_bull,Red Bull,3,1,1,25.0,Finished,71,2,1:21.644,3.0,1:18.099,1:17.625,1:17.263,3.0,22.3995,19.0,,,,,,
2023,19,Mexico City Grand Prix,rodriguez,Autódromo Hermanos Rodríguez,2023-10-29,hamilton,HAM,Lewis Hamilton,mercedes,Mercedes,6,2,2,19.0,Finished,71,1,1:21.334,6.0,1:18.677,1:17.571,1:17.454,2.0,22.21,24.0,,,,,,
2023,19,Mexico City Grand Prix,rodriguez,Autódromo Hermanos Rodríguez,2023-10-29,leclerc,LEC,Charles Leclerc,ferrari,Ferrari,1,3,3,15.0,Finished,71,4,1:22.332,1.0,1:18.401,1:17.901,1:17.166,2.0,22.248,31.0,,,,,,
2023,19,Mexico City Grand Prix,rodriguez,Autódromo Hermanos Rodríguez,2023-10-29,sainz,SAI,Carlos Sainz,ferrari,Ferrari,2,4,4,12.0,Finished,71,6,1:22.539,2.0,1:18.755,1:18.382,1:17.233,2.0,22.067,30.0,,,,,,
2023,19,Mexico City Grand Prix,rodriguez,Autódromo Hermanos Rodríguez,2023-10-29,norris,NOR,Lando Norris,mclaren,McLaren,17,5,5,10.0,Finished,71,3,1:21.944,19.0,1:21.554,,,3.0,22.985500000000002,11.0,,,,,,
2023,19,Mexico City Grand Prix,rodriguez,Autódromo Hermanos Rodríguez,2023-10-29,russell,RUS,George Russell,mercedes,Mercedes,8,6,6,8.0,Finished,71,10,1:22.780,8.0,1:18.893,1:17.673,1:17.674,2.0,22.311,26.0,,,,,,
2023,19,Mexico City Grand Prix,rodriguez,Autódromo Hermanos Rodríguez,2023-10-29,ricciardo,RIC,Daniel Ricciardo,alphatauri,AlphaTauri,4,7,7,6.0,Finished,71,7,1:22.679,4.0,1:18.341,1:17.706,1:17.382,2.0,22.406,27.0,,,,,,
2023,19,Mexico City Grand Prix,rodriguez,Autódromo Hermanos Rodríguez,2023-10-29,piastri,PIA,Oscar Piastri,mclaren,McLaren,7,8,8,4.0,Finished,71,8,1:22.760,7.0,1:18.241,1:17.874,1:17.623,2.0,23.734,25.0,,,,,,
2023,19,Mexico City Grand Prix,rodriguez,Autódromo Hermanos Rodríguez,2023-10-29,albon,ALB,Alexander Albon,williams,Williams,14,9,9,2.0,Finished,71,9,1:22.773,14.0,1:18.828,1:19.147,,2.0,23.68,33.0,,,,,,
2023,19,Mexico City Grand Prix,rodriguez,Autódromo Hermanos Rodríguez,2023-10-29,ocon,OCO,Esteban Ocon,alpine,Alpine F1 Team,15,10,10,1.0,Finished,71,11,1:22.976,16.0,1:19.080,,,1.0,,34.0,,,,,,
2023,19,Mexico City Grand Prix,rodriguez,Autódromo Hermanos Rodríguez,2023-10-29,gasly,GAS,Pierre Gasly,alpine,Alpine F1 Team,11,11,11,0.0,Finished,71,16,1:23.230,11.0,1:18.945,1:18.521,,2.0,22.627,28.0,,,,,,
2023,19,Mexico City Grand Prix,rodriguez,Autódromo Hermanos Rodríguez,2023-10-29,tsunoda,TSU,Yuki Tsunoda,alphatauri,AlphaTauri,18,12,12,0.0,Finished,71,5,1:22.501,15.0,1:18.890,,,2.0,30.121,9.0,,,,,,
2023,19,Mexico City Grand Prix,rodriguez,Autódromo Hermanos Rodríguez,2023-10-29,hulkenberg,HUL,Nico Hülkenberg,haas,Haas F1 Team,12,13,13,0.0,Finished,71,15,1:23.222,12.0,1:18.969,1:18.524,,2.0,23.144,23.0,,,,,,
2023,19,Mexico City Grand Prix,rodriguez,Autódromo Hermanos Rodríguez,2023-10-29,zhou,ZHO,Guanyu Zhou,alfa,Alfa Romeo,10,14,14,0.0,Finished,71,19,1:23.567,10.0,1:19.016,1:18.440,1:18.050,2.0,22.817,21.0,,,,,,
2023,19,Mexico City Grand Prix,rodriguez,Autódromo Hermanos Rodríguez,2023-10-29,bottas,BOT,Valtteri Bottas,alfa,Alfa Romeo,9,15,15,0.0,Finished,71,14,1:23.166,9.0,1:18.429,1:18.016,1:18.032,2.0,23.638,31.0,,,,,,
2023,19,Mexico City Grand Prix,rodriguez,Autódromo Hermanos Rodríguez,2023-10-29,sargeant,SAR,Logan Sargeant,williams,Williams,19,16,16,0.0,Retired,70,12,1:23.003,20.0,,,,2.0,23.945,22.0,,,,,,
2023,19,Mexico City Grand Prix,rodriguez,Autódromo Hermanos Rodríguez,2023-10-29,stroll,STR,Lance Stroll,aston_martin,Aston Martin,0,17,17,0.0,Collision damage,66,17,1:23.257,18.0,1:19.227,,,2.0,22.582,30.0,,,,,,
2023,19,Mexico City Grand Prix,rodriguez,Autódromo Hermanos Rodríguez,2023-10-29,alonso,ALO,Fernando Alonso,aston_martin,Aston Martin,13,18,W,0.0,Withdrew,47,18,1:23.531,13.0,1:18.848,1:18.738,,2.0,22.844,29.0,,,,,,
2023,19,Mexico City Grand Prix,rodriguez,Autódromo Hermanos Rodríguez,2023-10-29,kevin_magnussen,MAG,Kevin Magnussen,haas,Haas F1 Team,16,19,R,0.0,Accident,31,13,1:23.146,17.0,1:19.163,,,1.0,23.642,23.0,,,,,,
2023,19,Mexico City Grand Prix,rodriguez,Autódromo Hermanos Rodríguez,2023-10-29,perez,PER,Sergio Pérez,red_bull,Red Bull,5,20,R,0.0,Collision damage,1,,,5.0,1:18.553,1:18.124,1:17.423,,,,,,,,,
2023,20,São Paulo Grand Prix,interlagos,Autódromo José Carlos Pace,2023-11-05,max_verstappen,VER,Max Verstappen,red_bull,Red Bull,1,1,1,25.0,Finished,71,2,1:13.422,1.0,1:10.436,1:10.162,1:10.727,4.0,21.641999999999996,1.0,,,,,,
2023,20,São Paulo Grand Prix,interlagos,Autódromo José Carlos Pace,2023-11-05,norris,NOR,Lando Norris,mclaren,McLaren,6,2,2,19.0,Finished,71,1,1:12.486,7.0,1:10.623,1:10.021,1:11.987,4.0,22.28533333333333,1.0,,,,,,
2023,20,São Paulo Grand Prix,interlagos,Autódromo José Carlos Pace,2023-11-05,alonso,ALO,Fernando Alonso,aston_martin,Aston Martin,4,3,3,15.0,Finished,71,10,1:14.442,4.0,1:10.557,1:10.237,1:11.387,4.0,22.173666666666666,1.0,,,,,,
2023,20,São Paulo Grand Prix,interlagos,Autódromo José Carlos Pace,2023-11-05,perez,PER,Sergio Pérez,red_bull,Red Bull,9,4,4,12.0,Finished,71,5,1:14.124,9.0,1:10.668,1:10.219,1:12.321,4.0,22.499,1.0,,,,,,
2023,20,São Paulo Grand Prix,interlagos,Autódromo José Carlos Pace,2023-11-05,stroll,STR,Lance Stroll,aston_martin,Aston Martin,3,5,5,10.0,Finished,71,4,1:14.007,3.0,1:10.551,1:10.375,1:11.344,4.0,22.451999999999998,1.0,,,,,,
2023,20,São Paulo Grand Prix,interlagos,Autódromo José Carlos Pace,2023-11-05,sainz,SAI,Carlos Sainz,ferrari,Ferrari,7,6,6,8.0,Finished,71,9,1:14.406,8.0,1:10.624,1:10.254,1:11.989,4.0,23.430333333333333,1.0,,,,,,
2023,20,São Paulo Grand Prix,interlagos,Autódromo José Carlos Pace,2023-11-05,gasly,GAS,Pierre Gasly,alpine,Alpine F1 Team,15,7,7,6.0,Finished,71,11,1:14.521,13.0,1:10.793,1:10.567,,4.0,23.133666666666667,1.0,,,,,,
2023,20,São Paulo Grand Prix,interlagos,Autódromo José Carlos Pace,2023-11-05,hamilton,HAM,Lewis Hamilton,mercedes,Mercedes,5,8,8,4.0,Finished,71,12,1:14.739,5.0,1:10.604,1:10.266,1:11.469,4.0,22.055333333333333,1.0,,,,,,
2023,20,São Paulo Grand Prix,interlagos,Autódromo José Carlos Pace,2023-11-05,tsunoda,TSU,Yuki Tsunoda,alphatauri,AlphaTauri,16,9,9,2.0,Finished,71,7,1:14.231,16.0,1:10.837,,,4.0,23.845333333333333,1.0,,,,,,
2023,20,São Paulo Grand Prix,interlagos,Autódromo José Carlos Pace,2023-11-05,ocon,OCO,Esteban Ocon,alpine,Alpine F1 Team,14,10,10,1.0,Lapped,70,6,1:14.206,12.0,1:10.763,1:10.562,,5.0,23.562749999999998,1.0,,,,,,
2023,20,São Paulo Grand Prix,interlagos,Autódromo José Carlos Pace,2023-11-05,sargeant,SAR,Logan Sargeant,williams,Williams,19,11,11,0.0,Lapped,70,16,1:15.738,19.0,1:11.035,,,4.0,25.325333333333333,1.0,,,,,,
2023,20,São Paulo Grand Prix,interlagos,Autódromo José Carlos Pace,2023-11-05,hulkenberg,HUL,Nico Hülkenberg,haas,Haas F1 Team,11,12,12,0.0,Lapped,70,14,1:15.036,11.0,1:10.475,1:10.547,,4.0,27.501000000000005,1.0,,,,,,
2023,20,São Paulo Grand Prix,interlagos,Autódromo José Carlos Pace,2023-11-05,ricciardo,RIC,Daniel Ricciardo,alphatauri,AlphaTauri,17,13,13,0.0,Lapped,70,3,1:13.866,17.0,1:10.843,,,4.0,26.744333333333334,1.0,,,,,,
2023,20,São Paulo Grand Prix,interlagos,Autódromo José Carlos Pace,2023-11-05,piastri,PIA,Oscar Piastri,mclaren,McLaren,10,14,14,0.0,Lapped,69,8,1:14.310,10.0,1:10.519,1:10.330,,4.0,28.454333333333334,1.0,,,,,,
2023,20,São Paulo Grand Prix,interlagos,Autódromo José Carlos Pace,2023-11-05,russell,RUS,George Russell,mercedes,Mercedes,8,15,R,0.0,Retired,57,13,1:14.934,6.0,1:10.340,1:10.316,1:11.590,4.0,22.71366666666667,1.0,,,,,,
2023,20,São Paulo Grand Prix,interlagos,Autódromo José Carlos Pace,2023-11-05,bottas,BOT,Valtteri Bottas,alfa,Alfa Romeo,18,16,R,0.0,Retired,39,15,1:15.731,18.0,1:10.955,,,3.0,22.4045,1.0,,,,,,
2023,20,São Paulo Grand Prix,interlagos,Autódromo José Carlos Pace,2023-11-05,zhou,ZHO,Guanyu Zhou,alfa,Alfa Romeo,20,17,R,0.0,Retired,22,17,1:16.232,20.0,1:11.275,,,3.0,22.6045,1.0,,,,,,
2023,20,São Paulo Grand Prix,interlagos,Autódromo José Carlos Pace,2023-11-05,kevin_magnussen,MAG,Kevin Magnussen,haas,Haas F1 Team,12,18,R,0.0,Retired,0,,,14.0,1:10.602,1:10.723,,,,,,,,,,
2023,20,São Paulo Grand Prix,interlagos,Autódromo José Carlos Pace,2023-11-05,albon,ALB,Alexander Albon,williams,Williams,13,19,R,0.0,Retired,0,,,15.0,1:10.621,1:10.840,,,,,,,,,,
2023,20,São Paulo Grand Prix,interlagos,Autódromo José Carlos Pace,2023-11-05,leclerc,LEC,Charles Leclerc,ferrari,Ferrari,2,20,W,0.0,Did not start,0,,,2.0,1:10.472,1:10.303,1:11.021,,,,,,,,,
2023,21,Las Vegas Grand Prix,vegas,Las Vegas Strip Street Circuit,2023-11-19,max_verstappen,VER,Max Verstappen,red_bull,Red Bull,2,1,1,25.0,Finished,50,2,1:35.614,3.0,1:34.190,1:33.572,1:33.104,2.0,24.0045,16.0,,,,,,
2023,21,Las Vegas Grand Prix,vegas,Las Vegas Strip Street Circuit,2023-11-19,leclerc,LEC,Charles Leclerc,ferrari,Ferrari,1,2,2,18.0,Finished,50,3,1:35.669,1.0,1:33.617,1:32.775,1:32.726,1.0,22.559,21.0,,,,,,
2023,21,Las Vegas Grand Prix,vegas,Las Vegas Strip Street Circuit,2023-11-19,perez,PER,Sergio Pérez,red_bull,Red Bull,11,3,3,15.0,Finished,50,5,1:35.939,12.0,1:34.574,1:33.855,,2.0,27.5835,1.0,,,,,,
2023,21,Las Vegas Grand Prix,vegas,Las Vegas Strip Street Circuit,2023-11-19,ocon,OCO,Esteban Ocon,alpine,Alpine F1 Team,16,4,4,12.0,Finished,50,10,1:36.637,17.0,1:34.834,,,1.0,21.763,20.0,,,,,,
2023,21,Las Vegas Grand Prix,vegas,Las Vegas Strip Street Circuit,2023-11-19,stroll,STR,Lance Stroll,aston_martin,Aston Martin,19,5,5,10.0,Finished,50,9,1:36.584,14.0,1:34.504,1:34.199,,2.0,22.396,3.0,,,,,,
2023,21,Las Vegas Grand Prix,vegas,Las Vegas Strip Street Circuit,2023-11-19,sainz,SAI,Carlos Sainz,ferrari,Ferrari,12,6,6,8.0,Finished,50,6,1:35.984,2.0,1:33.851,1:33.338,1:32.770,2.0,21.9455,3.0,,,,,,
2023,21,Las Vegas Grand Prix,vegas,Las Vegas Strip Street Circuit,2023-11-19,hamilton,HAM,Lewis Hamilton,mercedes,Mercedes,10,7,7,6.0,Finished,50,4,1:35.716,11.0,1:34.307,1:33.837,,2.0,23.7775,17.0,,,,,,
2023,21,Las Vegas Grand Prix,vegas,Las Vegas Strip Street Circuit,2023-11-19,russell,RUS,George Russell,mercedes,Mercedes,3,8,8,4.0,Finished,50,7,1:36.071,4.0,1:34.137,1:33.351,1:33.112,2.0,21.6045,15.0,,,,,,
2023,21,Las Vegas Grand Prix,vegas,Las Vegas Strip Street Circuit,2023-11-19,alonso,ALO,Fernando Alonso,aston_martin,Aston Martin,9,9,9,2.0,Finished,50,8,1:36.559,10.0,1:34.422,1:33.617,1:33.555,2.0,26.259,1.0,,,,,,
2023,21,Las Vegas Grand Prix,vegas,Las Vegas Strip Street Circuit,2023-11-19,piastri,PIA,Oscar Piastri,mclaren,McLaren,18,10,10,2.0,Finished,50,1,1:35.490,19.0,1:34.850,,,2.0,21.902,16.0,,,,,,
2023,21,Las Vegas Grand Prix,vegas,Las Vegas Strip Street Circuit,2023-11-19,gasly,GAS,Pierre Gasly,alpine,Alpine F1 Team,4,11,11,0.0,Finished,50,11,1:36.913,5.0,1:34.272,1:33.494,1:33.239,1.0,22.262,17.0,,,,,,
2023,21,Las Vegas Grand Prix,vegas,Las Vegas Strip Street Circuit,2023-11-19,albon,ALB,Alexander Albon,williams,Williams,5,12,12,0.0,Finished,50,13,1:37.357,6.0,1:34.634,1:33.588,1:33.323,1.0,21.242,16.0,,,,,,
2023,21,Las Vegas Grand Prix,vegas,Las Vegas Strip Street Circuit,2023-11-19,kevin_magnussen,MAG,Kevin Magnussen,haas,Haas F1 Team,8,13,13,0.0,Finished,50,15,1:37.455,9.0,1:34.337,1:33.664,1:33.537,2.0,21.7395,14.0,,,,,,
2023,21,Las Vegas Grand Prix,vegas,Las Vegas Strip Street Circuit,2023-11-19,ricciardo,RIC,Daniel Ricciardo,alphatauri,AlphaTauri,14,14,14,0.0,Finished,50,12,1:37.108,15.0,1:34.683,1:34.308,,1.0,22.242,17.0,,,,,,
2023,21,Las Vegas Grand Prix,vegas,Las Vegas Strip Street Circuit,2023-11-19,zhou,ZHO,Guanyu Zhou,alfa,Alfa Romeo,17,15,15,0.0,Finished,50,14,1:37.375,18.0,1:34.849,,,1.0,22.155,26.0,,,,,,
2023,21,Las Vegas Grand Prix,vegas,Las Vegas Strip Street Circuit,2023-11-19,sargeant,SAR,Logan Sargeant,williams,Williams,6,16,16,0.0,Finished,50,19,1:37.740,7.0,1:34.525,1:33.733,1:33.513,1.0,21.367,15.0,,,,,,
2023,21,Las Vegas Grand Prix,vegas,Las Vegas Strip Street Circuit,2023-11-19,bottas,BOT,Valtteri Bottas,alfa,Alfa Romeo,7,17,17,0.0,Finished,50,16,1:37.562,8.0,1:34.305,1:33.809,1:33.525,2.0,32.7445,1.0,,,,,,
2023,21,Las Vegas Grand Prix,vegas,Las Vegas Strip Street Circuit,2023-11-19,tsunoda,TSU,Yuki Tsunoda,alphatauri,AlphaTauri,20,18,18,0.0,Retired,46,18,1:37.587,20.0,1:36.447,,,2.0,20.7565,10.0,,,,,,
2023,21,Las Vegas Grand Prix,vegas,Las Vegas Strip Street Circuit,2023-11-19,hulkenberg,HUL,Nico Hülkenberg,haas,Haas F1 Team,13,19,19,0.0,Retired,45,17,1:37.565,13.0,1:34.265,1:33.979,,2.0,23.8035,12.0,,,,,,
2023,21,Las Vegas Grand Prix,vegas,Las Vegas Strip Street Circuit,2023-11-19,norris,NOR,Lando Norris,mclaren,McLaren,15,20,R,0.0,Retired,2,20,1:59.327,16.0,1:34.703,,,,,,,,,,,
2023,22,Abu Dhabi Grand Prix,yas_marina,Yas Marina Circuit,2023-11-26,max_verstappen,VER,Max Verstappen,red_bull,Red Bull,1,1,1,26.0,Finished,58,1,1:26.993,1.0,1:24.160,1:23.740,1:23.445,2.0,21.4685,16.0,,,,,,
2023,22,Abu Dhabi Grand Prix,yas_marina,Yas Marina Circuit,2023-11-26,leclerc,LEC,Charles Leclerc,ferrari,Ferrari,2,2,2,18.0,Finished,58,8,1:28.199,2.0,1:24.459,1:23.969,1:23.584,2.0,21.5825,17.0,,,,,,
2023,22,Abu Dhabi Grand Prix,yas_marina,Yas Marina Circuit,2023-11-26,russell,RUS,George Russell,mercedes,Mercedes,4,3,3,15.0,Finished,58,7,1:28.187,4.0,1:24.337,1:24.013,1:23.788,2.0,21.866999999999997,14.0,,,,,,
2023,22,Abu Dhabi Grand Prix,yas_marina,Yas Marina Circuit,2023-11-26,perez,PER,Sergio Pérez,red_bull,Red Bull,9,4,4,12.0,Finished,58,2,1:27.493,9.0,1:24.209,1:24.116,1:24.171,2.0,21.36,17.0,,,,,,
2023,22,Abu Dhabi Grand Prix,yas_marina,Yas Marina Circuit,2023-11-26,norris,NOR,Lando Norris,mclaren,McLaren,5,5,5,10.0,Finished,58,6,1:28.164,5.0,1:24.368,1:23.920,1:23.816,2.0,22.746499999999997,14.0,,,,,,
2023,22,Abu Dhabi Grand Prix,yas_marina,Yas Marina Circuit,2023-11-26,piastri,PIA,Oscar Piastri,mclaren,McLaren,3,6,6,8.0,Finished,58,5,1:28.138,3.0,1:24.487,1:24.278,1:23.782,2.0,21.426499999999997,13.0,,,,,,
2023,22,Abu Dhabi Grand Prix,yas_marina,Yas Marina Circuit,2023-11-26,alonso,ALO,Fernando Alonso,aston_martin,Aston Martin,7,7,7,6.0,Finished,58,9,1:28.256,7.0,1:24.501,1:24.131,1:24.084,2.0,22.1515,12.0,,,,,,
2023,22,Abu Dhabi Grand Prix,yas_marina,Yas Marina Circuit,2023-11-26,tsunoda,TSU,Yuki Tsunoda,alphatauri,AlphaTauri,6,8,8,4.0,Finished,58,16,1:29.256,6.0,1:24.286,1:24.207,1:23.968,1.0,21.486,22.0,,,,,,
2023,22,Abu Dhabi Grand Prix,yas_marina,Yas Marina Circuit,2023-11-26,hamilton,HAM,Lewis Hamilton,mercedes,Mercedes,11,9,9,2.0,Finished,58,10,1:28.372,11.0,1:24.437,1:24.359,,2.0,22.12,15.0,,,,,,
2023,22,Abu Dhabi Grand Prix,yas_marina,Yas Marina Circuit,2023-11-26,stroll,STR,Lance Stroll,aston_martin,Aston Martin,13,10,10,1.0,Finished,58,4,1:28.050,13.0,1:24.405,1:24.422,,2.0,21.7665,22.0,,,,,,
2023,22,Abu Dhabi Grand Prix,yas_marina,Yas Marina Circuit,2023-11-26,ricciardo,RIC,Daniel Ricciardo,alphatauri,AlphaTauri,15,11,11,0.0,Finished,58,11,1:28.571,15.0,1:24.461,1:24.442,,2.0,21.716,7.0,,,,,,
2023,22,Abu Dhabi Grand Prix,yas_marina,Yas Marina Circuit,2023-11-26,ocon,OCO,Esteban Ocon,alpine,Alpine F1 Team,12,12,12,0.0,Finished,58,20,1:30.033,12.0,1:24.565,1:24.391,,1.0,22.16,15.0,,,,,,
2023,22,Abu Dhabi Grand Prix,yas_marina,Yas Marina Circuit,2023-11-26,gasly,GAS,Pierre Gasly,alpine,Alpine F1 Team,10,13,13,0.0,Finished,58,14,1:29.016,10.0,1:24.600,1:24.078,1:24.548,2.0,23.2845,17.0,,,,,,
2023,22,Abu Dhabi Grand Prix,yas_marina,Yas Marina Circuit,2023-11-26,albon,ALB,Alexander Albon,williams,Williams,14,14,14,0.0,Finished,58,3,1:27.845,14.0,1:24.298,1:24.439,,2.0,22.0445,16.0,,,,,,
2023,22,Abu Dhabi Grand Prix,yas_marina,Yas Marina Circuit,2023-11-26,hulkenberg,HUL,Nico Hülkenberg,haas,Haas F1 Team,8,15,15,0.0,Finished,58,15,1:29.217,8.0,1:24.425,1:24.213,1:24.108,2.0,21.971,13.0,,,,,,
2023,22,Abu Dhabi Grand Prix,yas_marina,Yas Marina Circuit,2023-11-26,sargeant,SAR,Logan Sargeant,williams,Williams,20,16,16,0.0,Finished,58,12,1:28.580,20.0,,,,2.0,22.002,15.0,,,,,,
2023,22,Abu Dhabi Grand Prix,yas_marina,Yas Marina Circuit,2023-11-26,zhou,ZHO,Guanyu Zhou,alfa,Alfa Romeo,19,17,17,0.0,Finished,58,13,1:28.746,19.0,1:25.159,,,2.0,22.606,13.0,,,,,,
2023,22,Abu Dhabi Grand Prix,yas_marina,Yas Marina Circuit,2023-11-26,sainz,SAI,Carlos Sainz,ferrari,Ferrari,16,18,18,0.0,Retired,57,17,1:29.452,16.0,1:24.738,,,2.0,21.3965,23.0,,,,,,
2023,22,Abu Dhabi Grand Prix,yas_marina,Yas Marina Circuit,2023-11-26,bottas,BOT,Valtteri Bottas,alfa,Alfa Romeo,18,19,19,0.0,Lapped,57,18,1:29.863,18.0,1:24.788,,,1.0,22.665,29.0,,,,,,
2023,22,Abu Dhabi Grand Prix,yas_marina,Yas Marina Circuit,2023-11-26,kevin_magnussen,MAG,Kevin Magnussen,haas,Haas F1 Team,17,20,20,0.0,Lapped,57,19,1:29.934,17.0,1:24.764,,,2.0,22.4635,5.0,,,,,,
