season,round,race_name,circuit_id,circuit_name,date,driver_id,driver_code,driver_name,constructor_id,constructor_name,grid,grid_zone,quali_position,no_qualifying_time,final_position_num,did_not_finish,status,points,did_finish_points,laps_completed,num_pitstops,first_pitstop_lap,avg_pitstop_duration_s,pitstop_duration_outlier_capped,num_compounds_used,compounds_used,air_temp_mean,track_temp_mean,humidity_mean,rainfall
2021,1,Bahrain Grand Prix,bahrain,Bahrain International Circuit,2021-03-28,hamilton,HAM,Lewis Hamilton,mercedes,Mercedes,2,Front row (P2-P3),2.0,False,1,False,Finished,25.0,True,56,2,13.0,24.4575,False,2.0,"HARD,MEDIUM",20.53834586466165,27.627819548872182,54.517293233082704,False
2021,1,Bahrain Grand Prix,bahrain,Bahrain International Circuit,2021-03-28,max_verstappen,VER,Max Verstappen,red_bull,Red Bull,1,Pole (P1),1.0,False,2,False,Finished,18.0,True,56,2,17.0,24.307499999999997,False,2.0,"HARD,MEDIUM",20.53834586466165,27.627819548872182,54.517293233082704,False
2021,1,Bahrain Grand Prix,bahrain,Bahrain International Circuit,2021-03-28,bottas,BOT,Valtteri Bottas,mercedes,Mercedes,3,Front row (P2-P3),3.0,False,3,False,Finished,16.0,True,56,3,16.0,27.241666666666664,False,2.0,"HARD,MEDIUM",20.53834586466165,27.627819548872182,54.517293233082704,False
2021,1,Bahrain Grand Prix,bahrain,Bahrain International Circuit,2021-03-28,norris,NOR,Lando Norris,mclaren,McLaren,7,Midfield (P6-P10),7.0,False,4,False,Finished,12.0,True,56,2,12.0,25.2695,False,3.0,"HARD,MEDIUM,SOFT",20.53834586466165,27.627819548872182,54.517293233082704,False
2021,1,Bahrain Grand Prix,bahrain,Bahrain International Circuit,2021-03-28,perez,PER,Sergio Pérez,red_bull,Red Bull,21,Back (P11+),11.0,False,5,False,Finished,10.0,True,56,3,2.0,24.096333333333334,False,2.0,"HARD,MEDIUM",20.53834586466165,27.627819548872182,54.517293233082704,False
2021,1,Bahrain Grand Prix,bahrain,Bahrain International Circuit,2021-03-28,leclerc,LEC,Charles Leclerc,ferrari,Ferrari,4,Top 5 (P4-P5),4.0,False,6,False,Finished,8.0,True,56,2,12.0,24.5505,False,3.0,"HARD,MEDIUM,SOFT",20.53834586466165,27.627819548872182,54.517293233082704,False
2021,1,Bahrain Grand Prix,bahrain,Bahrain International Circuit,2021-03-28,ricciardo,RIC,Daniel Ricciardo,mclaren,McLaren,6,Midfield (P6-P10),6.0,False,7,False,Finished,6.0,True,56,2,13.0,24.6715,False,3.0,"HARD,MEDIUM,SOFT",20.53834586466165,27.627819548872182,54.517293233082704,False
2021,1,Bahrain Grand Prix,bahrain,Bahrain International Circuit,2021-03-28,sainz,SAI,Carlos Sainz,ferrari,Ferrari,8,Midfield (P6-P10),8.0,False,8,False,Finished,4.0,True,56,2,15.0,24.347,False,3.0,"HARD,MEDIUM,SOFT",20.53834586466165,27.627819548872182,54.517293233082704,False
2021,1,Bahrain Grand Prix,bahrain,Bahrain International Circuit,2021-03-28,tsunoda,TSU,Yuki Tsunoda,alphatauri,AlphaTauri,13,Back (P11+),13.0,False,9,False,Finished,2.0,True,56,2,15.0,24.686999999999998,False,2.0,"HARD,MEDIUM",20.53834586466165,27.627819548872182,54.517293233082704,False
2021,1,Bahrain Grand Prix,bahrain,Bahrain International Circuit,2021-03-28,stroll,STR,Lance Stroll,aston_martin,Aston Martin,10,Midfield (P6-P10),10.0,False,10,False,Finished,1.0,True,56,2,12.0,25.2045,False,3.0,"HARD,MEDIUM,SOFT",20.53834586466165,27.627819548872182,54.517293233082704,False
2021,1,Bahrain Grand Prix,bahrain,Bahrain International Circuit,2021-03-28,raikkonen,RAI,Kimi Räikkönen,alfa,Alfa Romeo,14,Back (P11+),14.0,False,11,False,Finished,0.0,False,56,2,13.0,24.0765,False,2.0,"HARD,MEDIUM",20.53834586466165,27.627819548872182,54.517293233082704,False
2021,1,Bahrain Grand Prix,bahrain,Bahrain International Circuit,2021-03-28,giovinazzi,GIO,Antonio Giovinazzi,alfa,Alfa Romeo,12,Back (P11+),12.0,False,12,False,+1 Lap,0.0,False,55,2,12.0,28.110500000000002,False,2.0,"HARD,MEDIUM",20.53834586466165,27.627819548872182,54.517293233082704,False
2021,1,Bahrain Grand Prix,bahrain,Bahrain International Circuit,2021-03-28,ocon,OCO,Esteban Ocon,alpine,Alpine F1 Team,16,Back (P11+),16.0,False,13,False,+1 Lap,0.0,False,55,2,13.0,24.8485,False,3.0,"HARD,MEDIUM,SOFT",20.53834586466165,27.627819548872182,54.517293233082704,False
2021,1,Bahrain Grand Prix,bahrain,Bahrain International Circuit,2021-03-28,russell,RUS,George Russell,williams,Williams,15,Back (P11+),15.0,False,14,False,+1 Lap,0.0,False,55,2,13.0,24.4345,False,2.0,"MEDIUM,SOFT",20.53834586466165,27.627819548872182,54.517293233082704,False
2021,1,Bahrain Grand Prix,bahrain,Bahrain International Circuit,2021-03-28,vettel,VET,Sebastian Vettel,aston_martin,Aston Martin,20,Back (P11+),18.0,False,15,False,+1 Lap,0.0,False,55,1,24.0,24.626,False,2.0,"HARD,MEDIUM",20.53834586466165,27.627819548872182,54.517293233082704,False
2021,1,Bahrain Grand Prix,bahrain,Bahrain International Circuit,2021-03-28,mick_schumacher,MSC,Mick Schumacher,haas,Haas F1 Team,18,Back (P11+),19.0,False,16,False,+1 Lap,0.0,False,55,2,14.0,25.5705,False,2.0,"HARD,MEDIUM",20.53834586466165,27.627819548872182,54.517293233082704,False
2021,1,Bahrain Grand Prix,bahrain,Bahrain International Circuit,2021-03-28,gasly,GAS,Pierre Gasly,alphatauri,AlphaTauri,5,Top 5 (P4-P5),5.0,False,17,True,Retired,0.0,False,52,3,4.0,29.212666666666667,False,2.0,"HARD,MEDIUM",20.53834586466165,27.627819548872182,54.517293233082704,False
2021,1,Bahrain Grand Prix,bahrain,Bahrain International Circuit,2021-03-28,latifi,LAT,Nicholas Latifi,williams,Williams,17,Back (P11+),17.0,False,18,True,Retired,0.0,False,51,2,14.0,25.014499999999998,False,2.0,"MEDIUM,SOFT",20.53834586466165,27.627819548872182,54.517293233082704,False
2021,1,Bahrain Grand Prix,bahrain,Bahrain International Circuit,2021-03-28,alonso,ALO,Fernando Alonso,alpine,Alpine F1 Team,9,Midfield (P6-P10),9.0,False,19,True,Brakes,0.0,False,32,2,11.0,24.573999999999998,False,3.0,"HARD,MEDIUM,SOFT",20.53834586466165,27.627819548872182,54.517293233082704,False
2021,1,Bahrain Grand Prix,bahrain,Bahrain International Circuit,2021-03-28,mazepin,MAZ,Nikita Mazepin,haas,Haas F1 Team,19,Back (P11+),20.0,False,20,True,Accident,0.0,False,0,0,,,False,1.0,MEDIUM,20.53834586466165,27.627819548872182,54.517293233082704,False
2021,2,Emilia Romagna Grand Prix,imola,Autodromo Enzo e Dino Ferrari,2021-04-18,max_verstappen,VER,Max Verstappen,red_bull,Red Bull,3,Front row (P2-P3),3.0,False,1,False,Finished,25.0,True,63,2,27.0,29.809,False,2.0,"INTERMEDIATE,MEDIUM",10.621118012422361,16.827329192546582,69.4888198757764,True
2021,2,Emilia Romagna Grand Prix,imola,Autodromo Enzo e Dino Ferrari,2021-04-18,hamilton,HAM,Lewis Hamilton,mercedes,Mercedes,1,Pole (P1),1.0,False,2,False,Finished,19.0,True,63,4,28.0,35.155,False,2.0,"INTERMEDIATE,MEDIUM",10.621118012422361,16.827329192546582,69.4888198757764,True
2021,2,Emilia Romagna Grand Prix,imola,Autodromo Enzo e Dino Ferrari,2021-04-18,norris,NOR,Lando Norris,mclaren,McLaren,7,Midfield (P6-P10),7.0,False,3,False,Finished,15.0,True,63,2,28.0,30.654,False,3.0,"INTERMEDIATE,MEDIUM,SOFT",10.621118012422361,16.827329192546582,69.4888198757764,True
2021,2,Emilia Romagna Grand Prix,imola,Autodromo Enzo e Dino Ferrari,2021-04-18,leclerc,LEC,Charles Leclerc,ferrari,Ferrari,4,Top 5 (P4-P5),4.0,False,4,False,Finished,12.0,True,63,2,28.0,31.002,False,2.0,"INTERMEDIATE,MEDIUM",10.621118012422361,16.827329192546582,69.4888198757764,True
2021,2,Emilia Romagna Grand Prix,imola,Autodromo Enzo e Dino Ferrari,2021-04-18,sainz,SAI,Carlos Sainz,ferrari,Ferrari,11,Back (P11+),11.0,False,5,False,Finished,10.0,True,63,2,27.0,30.856,False,2.0,"INTERMEDIATE,MEDIUM",10.621118012422361,16.827329192546582,69.4888198757764,True
2021,2,Emilia Romagna Grand Prix,imola,Autodromo Enzo e Dino Ferrari,2021-04-18,ricciardo,RIC,Daniel Ricciardo,mclaren,McLaren,6,Midfield (P6-P10),6.0,False,6,False,Finished,8.0,True,63,2,27.0,34.34,False,3.0,"INTERMEDIATE,MEDIUM,SOFT",10.621118012422361,16.827329192546582,69.4888198757764,True
2021,2,Emilia Romagna Grand Prix,imola,Autodromo Enzo e Dino Ferrari,2021-04-18,gasly,GAS,Pierre Gasly,alphatauri,AlphaTauri,5,Top 5 (P4-P5),5.0,False,7,False,Finished,6.0,True,63,4,14.0,39.809333333333335,False,3.0,"INTERMEDIATE,MEDIUM,WET",10.621118012422361,16.827329192546582,69.4888198757764,True
2021,2,Emilia Romagna Grand Prix,imola,Autodromo Enzo e Dino Ferrari,2021-04-18,stroll,STR,Lance Stroll,aston_martin,Aston Martin,10,Midfield (P6-P10),10.0,False,8,False,Finished,4.0,True,63,3,27.0,31.138,False,2.0,"INTERMEDIATE,MEDIUM",10.621118012422361,16.827329192546582,69.4888198757764,True
2021,2,Emilia Romagna Grand Prix,imola,Autodromo Enzo e Dino Ferrari,2021-04-18,ocon,OCO,Esteban Ocon,alpine,Alpine F1 Team,9,Midfield (P6-P10),9.0,False,9,False,Finished,2.0,True,63,5,1.0,37.238,False,4.0,"INTERMEDIATE,MEDIUM,SOFT,WET",10.621118012422361,16.827329192546582,69.4888198757764,True
2021,2,Emilia Romagna Grand Prix,imola,Autodromo Enzo e Dino Ferrari,2021-04-18,alonso,ALO,Fernando Alonso,alpine,Alpine F1 Team,15,Back (P11+),15.0,False,10,False,Finished,1.0,True,63,3,28.0,44.2325,False,2.0,"INTERMEDIATE,MEDIUM",10.621118012422361,16.827329192546582,69.4888198757764,True
2021,2,Emilia Romagna Grand Prix,imola,Autodromo Enzo e Dino Ferrari,2021-04-18,perez,PER,Sergio Pérez,red_bull,Red Bull,2,Front row (P2-P3),2.0,False,11,False,Finished,0.0,False,63,2,28.0,44.608,False,3.0,"INTERMEDIATE,MEDIUM,SOFT",10.621118012422361,16.827329192546582,69.4888198757764,True
2021,2,Emilia Romagna Grand Prix,imola,Autodromo Enzo e Dino Ferrari,2021-04-18,tsunoda,TSU,Yuki Tsunoda,alphatauri,AlphaTauri,20,Back (P11+),20.0,False,12,False,Finished,0.0,False,63,3,25.0,30.696,False,3.0,"INTERMEDIATE,MEDIUM,SOFT",10.621118012422361,16.827329192546582,69.4888198757764,True
2021,2,Emilia Romagna Grand Prix,imola,Autodromo Enzo e Dino Ferrari,2021-04-18,raikkonen,RAI,Kimi Räikkönen,alfa,Alfa Romeo,16,Back (P11+),16.0,False,13,False,Finished,0.0,False,63,3,26.0,30.28,False,2.0,"INTERMEDIATE,MEDIUM",10.621118012422361,16.827329192546582,69.4888198757764,True
2021,2,Emilia Romagna Grand Prix,imola,Autodromo Enzo e Dino Ferrari,2021-04-18,giovinazzi,GIO,Antonio Giovinazzi,alfa,Alfa Romeo,17,Back (P11+),17.0,False,14,False,+1 Lap,0.0,False,62,4,27.0,31.0205,False,2.0,"INTERMEDIATE,MEDIUM",10.621118012422361,16.827329192546582,69.4888198757764,True
2021,2,Emilia Romagna Grand Prix,imola,Autodromo Enzo e Dino Ferrari,2021-04-18,vettel,VET,Sebastian Vettel,aston_martin,Aston Martin,21,Back (P11+),13.0,False,15,True,Gearbox,0.0,False,61,5,3.0,38.688250000000004,False,3.0,"INTERMEDIATE,MEDIUM,SOFT",10.621118012422361,16.827329192546582,69.4888198757764,True
2021,2,Emilia Romagna Grand Prix,imola,Autodromo Enzo e Dino Ferrari,2021-04-18,mick_schumacher,MSC,Mick Schumacher,haas,Haas F1 Team,18,Back (P11+),18.0,False,16,False,+2 Laps,0.0,False,61,4,5.0,44.90266666666667,False,4.0,"INTERMEDIATE,MEDIUM,SOFT,WET",10.621118012422361,16.827329192546582,69.4888198757764,True
2021,2,Emilia Romagna Grand Prix,imola,Autodromo Enzo e Dino Ferrari,2021-04-18,mazepin,MAZ,Nikita Mazepin,haas,Haas F1 Team,19,Back (P11+),19.0,False,17,False,+2 Laps,0.0,False,61,4,12.0,37.465666666666664,False,4.0,"INTERMEDIATE,MEDIUM,SOFT,WET",10.621118012422361,16.827329192546582,69.4888198757764,True
2021,2,Emilia Romagna Grand Prix,imola,Autodromo Enzo e Dino Ferrari,2021-04-18,bottas,BOT,Valtteri Bottas,mercedes,Mercedes,8,Midfield (P6-P10),8.0,False,18,True,Collision,0.0,False,30,1,28.0,30.167,False,2.0,"INTERMEDIATE,MEDIUM",10.621118012422361,16.827329192546582,69.4888198757764,True
2021,2,Emilia Romagna Grand Prix,imola,Autodromo Enzo e Dino Ferrari,2021-04-18,russell,RUS,George Russell,williams,Williams,12,Back (P11+),12.0,False,19,True,Collision,0.0,False,30,1,26.0,29.983,False,2.0,"INTERMEDIATE,MEDIUM",10.621118012422361,16.827329192546582,69.4888198757764,True
2021,2,Emilia Romagna Grand Prix,imola,Autodromo Enzo e Dino Ferrari,2021-04-18,latifi,LAT,Nicholas Latifi,williams,Williams,14,Back (P11+),14.0,False,20,True,Collision,0.0,False,0,0,,,False,1.0,INTERMEDIATE,10.621118012422361,16.827329192546582,69.4888198757764,True
2021,3,Portuguese Grand Prix,portimao,Autódromo Internacional do Algarve,2021-05-02,hamilton,HAM,Lewis Hamilton,mercedes,Mercedes,2,Front row (P2-P3),2.0,False,1,False,Finished,25.0,True,66,3,2.0,23.832333333333334,False,2.0,"HARD,MEDIUM",19.392537313432832,38.950746268656715,39.403731343283575,False
2021,3,Portuguese Grand Prix,portimao,Autódromo Internacional do Algarve,2021-05-02,max_verstappen,VER,Max Verstappen,red_bull,Red Bull,3,Front row (P2-P3),3.0,False,2,False,Finished,18.0,True,66,4,2.0,24.471,False,3.0,"HARD,MEDIUM,SOFT",19.392537313432832,38.950746268656715,39.403731343283575,False
2021,3,Portuguese Grand Prix,portimao,Autódromo Internacional do Algarve,2021-05-02,bottas,BOT,Valtteri Bottas,mercedes,Mercedes,1,Pole (P1),1.0,False,3,False,Finished,16.0,True,66,4,2.0,24.240000000000002,False,3.0,"HARD,MEDIUM,SOFT",19.392537313432832,38.950746268656715,39.403731343283575,False
2021,3,Portuguese Grand Prix,portimao,Autódromo Internacional do Algarve,2021-05-02,perez,PER,Sergio Pérez,red_bull,Red Bull,4,Top 5 (P4-P5),4.0,False,4,False,Finished,12.0,True,66,3,2.0,23.532333333333337,False,2.0,"MEDIUM,SOFT",19.392537313432832,38.950746268656715,39.403731343283575,False
2021,3,Portuguese Grand Prix,portimao,Autódromo Internacional do Algarve,2021-05-02,norris,NOR,Lando Norris,mclaren,McLaren,7,Midfield (P6-P10),7.0,False,5,False,Finished,10.0,True,66,3,2.0,23.636666666666667,False,2.0,"MEDIUM,SOFT",19.392537313432832,38.950746268656715,39.403731343283575,False
2021,3,Portuguese Grand Prix,portimao,Autódromo Internacional do Algarve,2021-05-02,leclerc,LEC,Charles Leclerc,ferrari,Ferrari,8,Midfield (P6-P10),8.0,False,6,False,Finished,8.0,True,66,3,2.0,23.663999999999998,False,2.0,"HARD,MEDIUM",19.392537313432832,38.950746268656715,39.403731343283575,False
2021,3,Portuguese Grand Prix,portimao,Autódromo Internacional do Algarve,2021-05-02,ocon,OCO,Esteban Ocon,alpine,Alpine F1 Team,6,Midfield (P6-P10),6.0,False,7,False,Finished,6.0,True,66,3,2.0,23.516000000000002,False,2.0,"HARD,SOFT",19.392537313432832,38.950746268656715,39.403731343283575,False
2021,3,Portuguese Grand Prix,portimao,Autódromo Internacional do Algarve,2021-05-02,alonso,ALO,Fernando Alonso,alpine,Alpine F1 Team,13,Back (P11+),13.0,False,8,False,Finished,4.0,True,66,3,2.0,23.171666666666667,False,2.0,"HARD,MEDIUM",19.392537313432832,38.950746268656715,39.403731343283575,False
2021,3,Portuguese Grand Prix,portimao,Autódromo Internacional do Algarve,2021-05-02,ricciardo,RIC,Daniel Ricciardo,mclaren,McLaren,16,Back (P11+),16.0,False,9,False,Finished,2.0,True,66,3,2.0,24.319666666666667,False,2.0,"HARD,MEDIUM",19.392537313432832,38.950746268656715,39.403731343283575,False
2021,3,Portuguese Grand Prix,portimao,Autódromo Internacional do Algarve,2021-05-02,gasly,GAS,Pierre Gasly,alphatauri,AlphaTauri,9,Midfield (P6-P10),9.0,False,10,False,Finished,1.0,True,66,3,2.0,23.281333333333333,False,2.0,"MEDIUM,SOFT",19.392537313432832,38.950746268656715,39.403731343283575,False
2021,3,Portuguese Grand Prix,portimao,Autódromo Internacional do Algarve,2021-05-02,sainz,SAI,Carlos Sainz,ferrari,Ferrari,5,Top 5 (P4-P5),5.0,False,11,False,Finished,0.0,False,66,3,2.0,23.388333333333332,False,2.0,"MEDIUM,SOFT",19.392537313432832,38.950746268656715,39.403731343283575,False
2021,3,Portuguese Grand Prix,portimao,Autódromo Internacional do Algarve,2021-05-02,giovinazzi,GIO,Antonio Giovinazzi,alfa,Alfa Romeo,12,Back (P11+),12.0,False,12,False,+1 Lap,0.0,False,65,3,2.0,23.961,False,2.0,"HARD,MEDIUM",19.392537313432832,38.950746268656715,39.403731343283575,False
2021,3,Portuguese Grand Prix,portimao,Autódromo Internacional do Algarve,2021-05-02,vettel,VET,Sebastian Vettel,aston_martin,Aston Martin,10,Midfield (P6-P10),10.0,False,13,False,+1 Lap,0.0,False,65,3,2.0,23.256,False,2.0,"MEDIUM,SOFT",19.392537313432832,38.950746268656715,39.403731343283575,False
2021,3,Portuguese Grand Prix,portimao,Autódromo Internacional do Algarve,2021-05-02,stroll,STR,Lance Stroll,aston_martin,Aston Martin,17,Back (P11+),17.0,False,14,False,+1 Lap,0.0,False,65,3,2.0,23.489,False,2.0,"MEDIUM,SOFT",19.392537313432832,38.950746268656715,39.403731343283575,False
2021,3,Portuguese Grand Prix,portimao,Autódromo Internacional do Algarve,2021-05-02,tsunoda,TSU,Yuki Tsunoda,alphatauri,AlphaTauri,14,Back (P11+),14.0,False,15,False,+1 Lap,0.0,False,65,3,2.0,23.67,False,2.0,"HARD,MEDIUM",19.392537313432832,38.950746268656715,39.403731343283575,False
2021,3,Portuguese Grand Prix,portimao,Autódromo Internacional do Algarve,2021-05-02,russell,RUS,George Russell,williams,Williams,11,Back (P11+),11.0,False,16,False,+1 Lap,0.0,False,65,3,2.0,24.376666666666665,False,2.0,"HARD,MEDIUM",19.392537313432832,38.950746268656715,39.403731343283575,False
2021,3,Portuguese Grand Prix,portimao,Autódromo Internacional do Algarve,2021-05-02,mick_schumacher,MSC,Mick Schumacher,haas,Haas F1 Team,19,Back (P11+),19.0,False,17,False,+2 Laps,0.0,False,64,3,2.0,23.572666666666667,False,2.0,"HARD,MEDIUM",19.392537313432832,38.950746268656715,39.403731343283575,False
2021,3,Portuguese Grand Prix,portimao,Autódromo Internacional do Algarve,2021-05-02,latifi,LAT,Nicholas Latifi,williams,Williams,18,Back (P11+),18.0,False,18,False,+2 Laps,0.0,False,64,3,2.0,23.43166666666667,False,2.0,"HARD,MEDIUM",19.392537313432832,38.950746268656715,39.403731343283575,False
2021,3,Portuguese Grand Prix,portimao,Autódromo Internacional do Algarve,2021-05-02,mazepin,MAZ,Nikita Mazepin,haas,Haas F1 Team,20,Back (P11+),20.0,False,19,False,+2 Laps,0.0,False,64,4,2.0,24.2365,False,3.0,"HARD,MEDIUM,SOFT",19.392537313432832,38.950746268656715,39.403731343283575,False
2021,3,Portuguese Grand Prix,portimao,Autódromo Internacional do Algarve,2021-05-02,raikkonen,RAI,Kimi Räikkönen,alfa,Alfa Romeo,15,Back (P11+),15.0,False,20,True,Collision damage,0.0,False,1,0,,,False,1.0,SOFT,19.392537313432832,38.950746268656715,39.403731343283575,False
2021,4,Spanish Grand Prix,catalunya,Circuit de Barcelona-Catalunya,2021-05-09,hamilton,HAM,Lewis Hamilton,mercedes,Mercedes,1,Pole (P1),1.0,False,1,False,Finished,25.0,True,66,2,28.0,22.149,False,2.0,"MEDIUM,SOFT",22.203076923076924,32.9223076923077,57.55307692307692,False
2021,4,Spanish Grand Prix,catalunya,Circuit de Barcelona-Catalunya,2021-05-09,max_verstappen,VER,Max Verstappen,red_bull,Red Bull,2,Front row (P2-P3),2.0,False,2,False,Finished,19.0,True,66,2,24.0,22.5785,False,2.0,"MEDIUM,SOFT",22.203076923076924,32.9223076923077,57.55307692307692,False
2021,4,Spanish Grand Prix,catalunya,Circuit de Barcelona-Catalunya,2021-05-09,bottas,BOT,Valtteri Bottas,mercedes,Mercedes,3,Front row (P2-P3),3.0,False,3,False,Finished,15.0,True,66,2,23.0,21.9745,False,2.0,"MEDIUM,SOFT",22.203076923076924,32.9223076923077,57.55307692307692,False
2021,4,Spanish Grand Prix,catalunya,Circuit de Barcelona-Catalunya,2021-05-09,leclerc,LEC,Charles Leclerc,ferrari,Ferrari,4,Top 5 (P4-P5),4.0,False,4,False,Finished,12.0,True,66,2,28.0,21.9525,False,2.0,"MEDIUM,SOFT",22.203076923076924,32.9223076923077,57.55307692307692,False
2021,4,Spanish Grand Prix,catalunya,Circuit de Barcelona-Catalunya,2021-05-09,perez,PER,Sergio Pérez,red_bull,Red Bull,8,Midfield (P6-P10),8.0,False,5,False,Finished,10.0,True,66,2,27.0,21.863500000000002,False,2.0,"MEDIUM,SOFT",22.203076923076924,32.9223076923077,57.55307692307692,False
2021,4,Spanish Grand Prix,catalunya,Circuit de Barcelona-Catalunya,2021-05-09,ricciardo,RIC,Daniel Ricciardo,mclaren,McLaren,7,Midfield (P6-P10),7.0,False,6,False,Finished,8.0,True,66,2,25.0,22.084,False,2.0,"MEDIUM,SOFT",22.203076923076924,32.9223076923077,57.55307692307692,False
2021,4,Spanish Grand Prix,catalunya,Circuit de Barcelona-Catalunya,2021-05-09,sainz,SAI,Carlos Sainz,ferrari,Ferrari,6,Midfield (P6-P10),6.0,False,7,False,Finished,6.0,True,66,2,22.0,21.817500000000003,False,2.0,"MEDIUM,SOFT",22.203076923076924,32.9223076923077,57.55307692307692,False
2021,4,Spanish Grand Prix,catalunya,Circuit de Barcelona-Catalunya,2021-05-09,norris,NOR,Lando Norris,mclaren,McLaren,9,Midfield (P6-P10),9.0,False,8,False,+1 Lap,4.0,True,65,2,23.0,22.1655,False,2.0,"MEDIUM,SOFT",22.203076923076924,32.9223076923077,57.55307692307692,False
2021,4,Spanish Grand Prix,catalunya,Circuit de Barcelona-Catalunya,2021-05-09,ocon,OCO,Esteban Ocon,alpine,Alpine F1 Team,5,Top 5 (P4-P5),5.0,False,9,False,+1 Lap,2.0,True,65,1,23.0,22.798,False,2.0,"MEDIUM,SOFT",22.203076923076924,32.9223076923077,57.55307692307692,False
2021,4,Spanish Grand Prix,catalunya,Circuit de Barcelona-Catalunya,2021-05-09,gasly,GAS,Pierre Gasly,alphatauri,AlphaTauri,12,Back (P11+),12.0,False,10,False,+1 Lap,1.0,True,65,2,18.0,27.0535,False,2.0,"MEDIUM,SOFT",22.203076923076924,32.9223076923077,57.55307692307692,False
2021,4,Spanish Grand Prix,catalunya,Circuit de Barcelona-Catalunya,2021-05-09,stroll,STR,Lance Stroll,aston_martin,Aston Martin,11,Back (P11+),11.0,False,11,False,+1 Lap,0.0,False,65,2,22.0,21.594,False,2.0,"MEDIUM,SOFT",22.203076923076924,32.9223076923077,57.55307692307692,False
2021,4,Spanish Grand Prix,catalunya,Circuit de Barcelona-Catalunya,2021-05-09,raikkonen,RAI,Kimi Räikkönen,alfa,Alfa Romeo,17,Back (P11+),17.0,False,12,False,+1 Lap,0.0,False,65,1,37.0,21.572,False,2.0,"MEDIUM,SOFT",22.203076923076924,32.9223076923077,57.55307692307692,False
2021,4,Spanish Grand Prix,catalunya,Circuit de Barcelona-Catalunya,2021-05-09,vettel,VET,Sebastian Vettel,aston_martin,Aston Martin,13,Back (P11+),13.0,False,13,False,+1 Lap,0.0,False,65,2,21.0,22.53,False,2.0,"MEDIUM,SOFT",22.203076923076924,32.9223076923077,57.55307692307692,False
2021,4,Spanish Grand Prix,catalunya,Circuit de Barcelona-Catalunya,2021-05-09,russell,RUS,George Russell,williams,Williams,15,Back (P11+),15.0,False,14,False,+1 Lap,0.0,False,65,2,9.0,22.866500000000002,False,2.0,"MEDIUM,SOFT",22.203076923076924,32.9223076923077,57.55307692307692,False
2021,4,Spanish Grand Prix,catalunya,Circuit de Barcelona-Catalunya,2021-05-09,giovinazzi,GIO,Antonio Giovinazzi,alfa,Alfa Romeo,14,Back (P11+),14.0,False,15,False,+1 Lap,0.0,False,65,2,8.0,38.772,False,2.0,"MEDIUM,SOFT",22.203076923076924,32.9223076923077,57.55307692307692,False
2021,4,Spanish Grand Prix,catalunya,Circuit de Barcelona-Catalunya,2021-05-09,latifi,LAT,Nicholas Latifi,williams,Williams,19,Back (P11+),19.0,False,16,False,+1 Lap,0.0,False,65,3,9.0,23.500333333333334,False,2.0,"MEDIUM,SOFT",22.203076923076924,32.9223076923077,57.55307692307692,False
2021,4,Spanish Grand Prix,catalunya,Circuit de Barcelona-Catalunya,2021-05-09,alonso,ALO,Fernando Alonso,alpine,Alpine F1 Team,10,Midfield (P6-P10),10.0,False,17,False,+1 Lap,0.0,False,65,2,21.0,22.761,False,2.0,"MEDIUM,SOFT",22.203076923076924,32.9223076923077,57.55307692307692,False
2021,4,Spanish Grand Prix,catalunya,Circuit de Barcelona-Catalunya,2021-05-09,mick_schumacher,MSC,Mick Schumacher,haas,Haas F1 Team,18,Back (P11+),18.0,False,18,False,+2 Laps,0.0,False,64,2,23.0,23.158,False,2.0,"MEDIUM,SOFT",22.203076923076924,32.9223076923077,57.55307692307692,False
2021,4,Spanish Grand Prix,catalunya,Circuit de Barcelona-Catalunya,2021-05-09,mazepin,MAZ,Nikita Mazepin,haas,Haas F1 Team,20,Back (P11+),20.0,False,19,False,+2 Laps,0.0,False,64,2,22.0,22.799999999999997,False,2.0,"MEDIUM,SOFT",22.203076923076924,32.9223076923077,57.55307692307692,False
2021,4,Spanish Grand Prix,catalunya,Circuit de Barcelona-Catalunya,2021-05-09,tsunoda,TSU,Yuki Tsunoda,alphatauri,AlphaTauri,16,Back (P11+),16.0,False,20,True,Electrical,0.0,False,6,0,,,False,1.0,SOFT,22.203076923076924,32.9223076923077,57.55307692307692,False
2021,5,Monaco Grand Prix,monaco,Circuit de Monaco,2021-05-23,max_verstappen,VER,Max Verstappen,red_bull,Red Bull,2,Front row (P2-P3),2.0,False,1,False,Finished,25.0,True,78,1,34.0,23.746,False,2.0,"HARD,SOFT",20.760740740740744,37.595555555555556,61.42444444444444,False
2021,5,Monaco Grand Prix,monaco,Circuit de Monaco,2021-05-23,sainz,SAI,Carlos Sainz,ferrari,Ferrari,4,Top 5 (P4-P5),4.0,False,2,False,Finished,18.0,True,78,1,32.0,24.15,False,2.0,"HARD,SOFT",20.760740740740744,37.595555555555556,61.42444444444444,False
2021,5,Monaco Grand Prix,monaco,Circuit de Monaco,2021-05-23,norris,NOR,Lando Norris,mclaren,McLaren,5,Top 5 (P4-P5),5.0,False,3,False,Finished,15.0,True,78,1,30.0,23.874,False,2.0,"HARD,SOFT",20.760740740740744,37.595555555555556,61.42444444444444,False
2021,5,Monaco Grand Prix,monaco,Circuit de Monaco,2021-05-23,perez,PER,Sergio Pérez,red_bull,Red Bull,9,Midfield (P6-P10),9.0,False,4,False,Finished,12.0,True,78,1,35.0,24.548,False,2.0,"HARD,SOFT",20.760740740740744,37.595555555555556,61.42444444444444,False
2021,5,Monaco Grand Prix,monaco,Circuit de Monaco,2021-05-23,vettel,VET,Sebastian Vettel,aston_martin,Aston Martin,8,Midfield (P6-P10),8.0,False,5,False,Finished,10.0,True,78,1,31.0,24.369,False,2.0,"HARD,SOFT",20.760740740740744,37.595555555555556,61.42444444444444,False
2021,5,Monaco Grand Prix,monaco,Circuit de Monaco,2021-05-23,gasly,GAS,Pierre Gasly,alphatauri,AlphaTauri,6,Midfield (P6-P10),6.0,False,6,False,Finished,8.0,True,78,1,30.0,24.428,False,2.0,"HARD,SOFT",20.760740740740744,37.595555555555556,61.42444444444444,False
2021,5,Monaco Grand Prix,monaco,Circuit de Monaco,2021-05-23,hamilton,HAM,Lewis Hamilton,mercedes,Mercedes,7,Midfield (P6-P10),7.0,False,7,False,Finished,7.0,True,78,2,29.0,24.0135,False,2.0,"HARD,SOFT",20.760740740740744,37.595555555555556,61.42444444444444,False
2021,5,Monaco Grand Prix,monaco,Circuit de Monaco,2021-05-23,stroll,STR,Lance Stroll,aston_martin,Aston Martin,13,Back (P11+),13.0,False,8,False,+1 Lap,4.0,True,77,1,58.0,23.474,False,2.0,"HARD,SOFT",20.760740740740744,37.595555555555556,61.42444444444444,False
2021,5,Monaco Grand Prix,monaco,Circuit de Monaco,2021-05-23,ocon,OCO,Esteban Ocon,alpine,Alpine F1 Team,11,Back (P11+),11.0,False,9,False,+1 Lap,2.0,True,77,1,37.0,23.935,False,2.0,"MEDIUM,SOFT",20.760740740740744,37.595555555555556,61.42444444444444,False
2021,5,Monaco Grand Prix,monaco,Circuit de Monaco,2021-05-23,giovinazzi,GIO,Antonio Giovinazzi,alfa,Alfa Romeo,10,Midfield (P6-P10),10.0,False,10,False,+1 Lap,1.0,True,77,1,33.0,24.521,False,2.0,"HARD,SOFT",20.760740740740744,37.595555555555556,61.42444444444444,False
2021,5,Monaco Grand Prix,monaco,Circuit de Monaco,2021-05-23,raikkonen,RAI,Kimi Räikkönen,alfa,Alfa Romeo,14,Back (P11+),14.0,False,11,False,+1 Lap,0.0,False,77,1,43.0,24.077,False,2.0,"HARD,MEDIUM",20.760740740740744,37.595555555555556,61.42444444444444,False
2021,5,Monaco Grand Prix,monaco,Circuit de Monaco,2021-05-23,ricciardo,RIC,Daniel Ricciardo,mclaren,McLaren,12,Back (P11+),12.0,False,12,False,+1 Lap,0.0,False,77,1,36.0,24.715,False,2.0,"HARD,MEDIUM",20.760740740740744,37.595555555555556,61.42444444444444,False
2021,5,Monaco Grand Prix,monaco,Circuit de Monaco,2021-05-23,alonso,ALO,Fernando Alonso,alpine,Alpine F1 Team,17,Back (P11+),17.0,False,13,False,+1 Lap,0.0,False,77,1,45.0,23.803,False,2.0,"MEDIUM,SOFT",20.760740740740744,37.595555555555556,61.42444444444444,False
2021,5,Monaco Grand Prix,monaco,Circuit de Monaco,2021-05-23,russell,RUS,George Russell,williams,Williams,15,Back (P11+),15.0,False,14,False,+1 Lap,0.0,False,77,1,31.0,23.928,False,2.0,"HARD,MEDIUM",20.760740740740744,37.595555555555556,61.42444444444444,False
2021,5,Monaco Grand Prix,monaco,Circuit de Monaco,2021-05-23,latifi,LAT,Nicholas Latifi,williams,Williams,18,Back (P11+),18.0,False,15,False,+1 Lap,0.0,False,77,1,43.0,23.703,False,2.0,"HARD,MEDIUM",20.760740740740744,37.595555555555556,61.42444444444444,False
2021,5,Monaco Grand Prix,monaco,Circuit de Monaco,2021-05-23,tsunoda,TSU,Yuki Tsunoda,alphatauri,AlphaTauri,16,Back (P11+),16.0,False,16,False,+1 Lap,0.0,False,77,1,64.0,24.43,False,2.0,"HARD,SOFT",20.760740740740744,37.595555555555556,61.42444444444444,False
2021,5,Monaco Grand Prix,monaco,Circuit de Monaco,2021-05-23,mazepin,MAZ,Nikita Mazepin,haas,Haas F1 Team,19,Back (P11+),19.0,False,17,False,+3 Laps,0.0,False,75,1,34.0,25.202,False,2.0,"HARD,SOFT",20.760740740740744,37.595555555555556,61.42444444444444,False
2021,5,Monaco Grand Prix,monaco,Circuit de Monaco,2021-05-23,mick_schumacher,MSC,Mick Schumacher,haas,Haas F1 Team,20,Back (P11+),,True,18,False,+3 Laps,0.0,False,75,1,37.0,24.797,False,2.0,"HARD,SOFT",20.760740740740744,37.595555555555556,61.42444444444444,False
2021,5,Monaco Grand Prix,monaco,Circuit de Monaco,2021-05-23,bottas,BOT,Valtteri Bottas,mercedes,Mercedes,3,Front row (P2-P3),3.0,False,19,True,Wheel nut,0.0,False,29,0,,,False,1.0,SOFT,20.760740740740744,37.595555555555556,61.42444444444444,False
2021,5,Monaco Grand Prix,monaco,Circuit de Monaco,2021-05-23,leclerc,LEC,Charles Leclerc,ferrari,Ferrari,1,Pole (P1),1.0,False,20,True,Driveshaft,0.0,False,0,0,,,False,,,20.760740740740744,37.595555555555556,61.42444444444444,False
2021,6,Azerbaijan Grand Prix,baku,Baku City Circuit,2021-06-06,perez,PER,Sergio Pérez,red_bull,Red Bull,6,Midfield (P6-P10),7.0,False,1,False,Finished,25.0,True,51,3,13.0,18.575499999999998,False,2.0,"HARD,SOFT",24.17093023255814,38.31453488372093,55.80523255813954,False
2021,6,Azerbaijan Grand Prix,baku,Baku City Circuit,2021-06-06,vettel,VET,Sebastian Vettel,aston_martin,Aston Martin,11,Back (P11+),11.0,False,2,False,Finished,18.0,True,51,3,18.0,17.393,False,2.0,"HARD,SOFT",24.17093023255814,38.31453488372093,55.80523255813954,False
2021,6,Azerbaijan Grand Prix,baku,Baku City Circuit,2021-06-06,gasly,GAS,Pierre Gasly,alphatauri,AlphaTauri,4,Top 5 (P4-P5),4.0,False,3,False,Finished,15.0,True,51,3,11.0,17.6205,False,2.0,"HARD,SOFT",24.17093023255814,38.31453488372093,55.80523255813954,False
2021,6,Azerbaijan Grand Prix,baku,Baku City Circuit,2021-06-06,leclerc,LEC,Charles Leclerc,ferrari,Ferrari,1,Pole (P1),1.0,False,4,False,Finished,12.0,True,51,3,9.0,17.464,False,2.0,"HARD,SOFT",24.17093023255814,38.31453488372093,55.80523255813954,False
2021,6,Azerbaijan Grand Prix,baku,Baku City Circuit,2021-06-06,norris,NOR,Lando Norris,mclaren,McLaren,9,Midfield (P6-P10),6.0,False,5,False,Finished,10.0,True,51,3,7.0,18.1995,False,2.0,"HARD,SOFT",24.17093023255814,38.31453488372093,55.80523255813954,False
2021,6,Azerbaijan Grand Prix,baku,Baku City Circuit,2021-06-06,alonso,ALO,Fernando Alonso,alpine,Alpine F1 Team,8,Midfield (P6-P10),9.0,False,6,False,Finished,8.0,True,51,4,7.0,18.527666666666665,False,2.0,"HARD,SOFT",24.17093023255814,38.31453488372093,55.80523255813954,False
2021,6,Azerbaijan Grand Prix,baku,Baku City Circuit,2021-06-06,tsunoda,TSU,Yuki Tsunoda,alphatauri,AlphaTauri,7,Midfield (P6-P10),8.0,False,7,False,Finished,6.0,True,51,3,9.0,17.598,False,2.0,"HARD,SOFT",24.17093023255814,38.31453488372093,55.80523255813954,False
2021,6,Azerbaijan Grand Prix,baku,Baku City Circuit,2021-06-06,sainz,SAI,Carlos Sainz,ferrari,Ferrari,5,Top 5 (P4-P5),5.0,False,8,False,Finished,4.0,True,51,3,10.0,17.5915,False,2.0,"HARD,SOFT",24.17093023255814,38.31453488372093,55.80523255813954,False
2021,6,Azerbaijan Grand Prix,baku,Baku City Circuit,2021-06-06,ricciardo,RIC,Daniel Ricciardo,mclaren,McLaren,13,Back (P11+),13.0,False,9,False,Finished,2.0,True,51,3,11.0,17.538,False,2.0,"HARD,SOFT",24.17093023255814,38.31453488372093,55.80523255813954,False
2021,6,Azerbaijan Grand Prix,baku,Baku City Circuit,2021-06-06,raikkonen,RAI,Kimi Räikkönen,alfa,Alfa Romeo,14,Back (P11+),14.0,False,10,False,Finished,1.0,True,51,3,13.0,17.555999999999997,False,3.0,"HARD,MEDIUM,SOFT",24.17093023255814,38.31453488372093,55.80523255813954,False
2021,6,Azerbaijan Grand Prix,baku,Baku City Circuit,2021-06-06,giovinazzi,GIO,Antonio Giovinazzi,alfa,Alfa Romeo,20,Back (P11+),20.0,False,11,False,Finished,0.0,False,51,4,2.0,18.492,False,2.0,"HARD,SOFT",24.17093023255814,38.31453488372093,55.80523255813954,False
2021,6,Azerbaijan Grand Prix,baku,Baku City Circuit,2021-06-06,bottas,BOT,Valtteri Bottas,mercedes,Mercedes,10,Midfield (P6-P10),10.0,False,12,False,Finished,0.0,False,51,3,11.0,20.851,False,2.0,"HARD,SOFT",24.17093023255814,38.31453488372093,55.80523255813954,False
2021,6,Azerbaijan Grand Prix,baku,Baku City Circuit,2021-06-06,mick_schumacher,MSC,Mick Schumacher,haas,Haas F1 Team,17,Back (P11+),17.0,False,13,False,Finished,0.0,False,51,5,8.0,19.695,False,2.0,"HARD,SOFT",24.17093023255814,38.31453488372093,55.80523255813954,False
2021,6,Azerbaijan Grand Prix,baku,Baku City Circuit,2021-06-06,mazepin,MAZ,Nikita Mazepin,haas,Haas F1 Team,18,Back (P11+),18.0,False,14,False,Finished,0.0,False,51,6,9.0,20.88775,False,2.0,"HARD,SOFT",24.17093023255814,38.31453488372093,55.80523255813954,False
2021,6,Azerbaijan Grand Prix,baku,Baku City Circuit,2021-06-06,hamilton,HAM,Lewis Hamilton,mercedes,Mercedes,2,Front row (P2-P3),2.0,False,15,False,Finished,0.0,False,51,3,11.0,18.951,False,2.0,"HARD,SOFT",24.17093023255814,38.31453488372093,55.80523255813954,False
2021,6,Azerbaijan Grand Prix,baku,Baku City Circuit,2021-06-06,latifi,LAT,Nicholas Latifi,williams,Williams,16,Back (P11+),16.0,False,16,False,Finished,0.0,False,51,2,9.0,22.149,False,3.0,"HARD,MEDIUM,SOFT",24.17093023255814,38.31453488372093,55.80523255813954,False
2021,6,Azerbaijan Grand Prix,baku,Baku City Circuit,2021-06-06,russell,RUS,George Russell,williams,Williams,15,Back (P11+),15.0,False,17,True,Gearbox,0.0,False,48,4,1.0,20.479,False,3.0,"HARD,MEDIUM,SOFT",24.17093023255814,38.31453488372093,55.80523255813954,False
2021,6,Azerbaijan Grand Prix,baku,Baku City Circuit,2021-06-06,max_verstappen,VER,Max Verstappen,red_bull,Red Bull,3,Front row (P2-P3),3.0,False,18,True,Accident,0.0,False,45,1,12.0,19.769,False,2.0,"HARD,SOFT",24.17093023255814,38.31453488372093,55.80523255813954,False
2021,6,Azerbaijan Grand Prix,baku,Baku City Circuit,2021-06-06,stroll,STR,Lance Stroll,aston_martin,Aston Martin,19,Back (P11+),19.0,False,19,True,Accident,0.0,False,29,0,,,False,1.0,HARD,24.17093023255814,38.31453488372093,55.80523255813954,False
2021,6,Azerbaijan Grand Prix,baku,Baku City Circuit,2021-06-06,ocon,OCO,Esteban Ocon,alpine,Alpine F1 Team,12,Back (P11+),12.0,False,20,True,Turbo,0.0,False,3,0,,,False,1.0,SOFT,24.17093023255814,38.31453488372093,55.80523255813954,False
2021,7,French Grand Prix,ricard,Circuit Paul Ricard,2021-06-20,max_verstappen,VER,Max Verstappen,red_bull,Red Bull,1,Pole (P1),1.0,False,1,False,Finished,26.0,True,53,2,18.0,29.963,False,2.0,"HARD,MEDIUM",25.314399999999996,35.22879999999999,58.6304,False
2021,7,French Grand Prix,ricard,Circuit Paul Ricard,2021-06-20,hamilton,HAM,Lewis Hamilton,mercedes,Mercedes,2,Front row (P2-P3),2.0,False,2,False,Finished,18.0,True,53,1,19.0,30.263,False,2.0,"HARD,MEDIUM",25.314399999999996,35.22879999999999,58.6304,False
2021,7,French Grand Prix,ricard,Circuit Paul Ricard,2021-06-20,perez,PER,Sergio Pérez,red_bull,Red Bull,4,Top 5 (P4-P5),4.0,False,3,False,Finished,15.0,True,53,1,24.0,29.682,False,2.0,"HARD,MEDIUM",25.314399999999996,35.22879999999999,58.6304,False
2021,7,French Grand Prix,ricard,Circuit Paul Ricard,2021-06-20,bottas,BOT,Valtteri Bottas,mercedes,Mercedes,3,Front row (P2-P3),3.0,False,4,False,Finished,12.0,True,53,1,17.0,30.572,False,2.0,"HARD,MEDIUM",25.314399999999996,35.22879999999999,58.6304,False
2021,7,French Grand Prix,ricard,Circuit Paul Ricard,2021-06-20,norris,NOR,Lando Norris,mclaren,McLaren,8,Midfield (P6-P10),8.0,False,5,False,Finished,10.0,True,53,1,24.0,30.531,False,2.0,"HARD,MEDIUM",25.314399999999996,35.22879999999999,58.6304,False
2021,7,French Grand Prix,ricard,Circuit Paul Ricard,2021-06-20,ricciardo,RIC,Daniel Ricciardo,mclaren,McLaren,10,Midfield (P6-P10),10.0,False,6,False,Finished,8.0,True,53,1,16.0,29.951,False,2.0,"HARD,MEDIUM",25.314399999999996,35.22879999999999,58.6304,False
2021,7,French Grand Prix,ricard,Circuit Paul Ricard,2021-06-20,gasly,GAS,Pierre Gasly,alphatauri,AlphaTauri,6,Midfield (P6-P10),6.0,False,7,False,Finished,6.0,True,53,1,17.0,30.781,False,2.0,"HARD,MEDIUM",25.314399999999996,35.22879999999999,58.6304,False
2021,7,French Grand Prix,ricard,Circuit Paul Ricard,2021-06-20,alonso,ALO,Fernando Alonso,alpine,Alpine F1 Team,9,Midfield (P6-P10),9.0,False,8,False,Finished,4.0,True,53,1,18.0,31.288,False,2.0,"HARD,MEDIUM",25.314399999999996,35.22879999999999,58.6304,False
2021,7,French Grand Prix,ricard,Circuit Paul Ricard,2021-06-20,vettel,VET,Sebastian Vettel,aston_martin,Aston Martin,12,Back (P11+),12.0,False,9,False,Finished,2.0,True,53,1,37.0,31.069,False,2.0,"HARD,MEDIUM",25.314399999999996,35.22879999999999,58.6304,False
2021,7,French Grand Prix,ricard,Circuit Paul Ricard,2021-06-20,stroll,STR,Lance Stroll,aston_martin,Aston Martin,19,Back (P11+),19.0,False,10,False,Finished,1.0,True,53,1,34.0,30.996,False,2.0,"HARD,SOFT",25.314399999999996,35.22879999999999,58.6304,False
2021,7,French Grand Prix,ricard,Circuit Paul Ricard,2021-06-20,sainz,SAI,Carlos Sainz,ferrari,Ferrari,5,Top 5 (P4-P5),5.0,False,11,False,Finished,0.0,False,53,1,17.0,30.534,False,2.0,"HARD,MEDIUM",25.314399999999996,35.22879999999999,58.6304,False
2021,7,French Grand Prix,ricard,Circuit Paul Ricard,2021-06-20,russell,RUS,George Russell,williams,Williams,14,Back (P11+),14.0,False,12,False,+1 Lap,0.0,False,52,1,17.0,30.092,False,2.0,"HARD,MEDIUM",25.314399999999996,35.22879999999999,58.6304,False
2021,7,French Grand Prix,ricard,Circuit Paul Ricard,2021-06-20,tsunoda,TSU,Yuki Tsunoda,alphatauri,AlphaTauri,21,Back (P11+),20.0,False,13,False,+1 Lap,0.0,False,52,1,15.0,30.226,False,2.0,"HARD,MEDIUM",25.314399999999996,35.22879999999999,58.6304,False
2021,7,French Grand Prix,ricard,Circuit Paul Ricard,2021-06-20,ocon,OCO,Esteban Ocon,alpine,Alpine F1 Team,11,Back (P11+),11.0,False,14,False,+1 Lap,0.0,False,52,1,28.0,30.207,False,2.0,"HARD,MEDIUM",25.314399999999996,35.22879999999999,58.6304,False
2021,7,French Grand Prix,ricard,Circuit Paul Ricard,2021-06-20,giovinazzi,GIO,Antonio Giovinazzi,alfa,Alfa Romeo,13,Back (P11+),13.0,False,15,False,+1 Lap,0.0,False,52,1,28.0,30.586,False,2.0,"HARD,MEDIUM",25.314399999999996,35.22879999999999,58.6304,False
2021,7,French Grand Prix,ricard,Circuit Paul Ricard,2021-06-20,leclerc,LEC,Charles Leclerc,ferrari,Ferrari,7,Midfield (P6-P10),7.0,False,16,False,+1 Lap,0.0,False,52,2,14.0,31.083,False,2.0,"HARD,MEDIUM",25.314399999999996,35.22879999999999,58.6304,False
2021,7,French Grand Prix,ricard,Circuit Paul Ricard,2021-06-20,raikkonen,RAI,Kimi Räikkönen,alfa,Alfa Romeo,17,Back (P11+),17.0,False,17,False,+1 Lap,0.0,False,52,1,33.0,31.327,False,2.0,"HARD,MEDIUM",25.314399999999996,35.22879999999999,58.6304,False
2021,7,French Grand Prix,ricard,Circuit Paul Ricard,2021-06-20,latifi,LAT,Nicholas Latifi,williams,Williams,16,Back (P11+),16.0,False,18,False,+1 Lap,0.0,False,52,1,18.0,29.775,False,2.0,"HARD,MEDIUM",25.314399999999996,35.22879999999999,58.6304,False
2021,7,French Grand Prix,ricard,Circuit Paul Ricard,2021-06-20,mick_schumacher,MSC,Mick Schumacher,haas,Haas F1 Team,15,Back (P11+),15.0,False,19,False,+1 Lap,0.0,False,52,1,15.0,31.457,False,2.0,"HARD,MEDIUM",25.314399999999996,35.22879999999999,58.6304,False
2021,7,French Grand Prix,ricard,Circuit Paul Ricard,2021-06-20,mazepin,MAZ,Nikita Mazepin,haas,Haas F1 Team,18,Back (P11+),18.0,False,20,False,+1 Lap,0.0,False,52,1,31.0,30.983,False,2.0,"HARD,MEDIUM",25.314399999999996,35.22879999999999,58.6304,False
2021,8,Styrian Grand Prix,red_bull_ring,Red Bull Ring,2021-06-27,max_verstappen,VER,Max Verstappen,red_bull,Red Bull,1,Pole (P1),1.0,False,1,False,Finished,25.0,True,71,1,29.0,20.936,False,2.0,"HARD,MEDIUM",26.692372881355933,52.35254237288136,33.246610169491525,False
2021,8,Styrian Grand Prix,red_bull_ring,Red Bull Ring,2021-06-27,hamilton,HAM,Lewis Hamilton,mercedes,Mercedes,2,Front row (P2-P3),3.0,False,2,False,Finished,19.0,True,71,2,28.0,21.4295,False,3.0,"HARD,MEDIUM,SOFT",26.692372881355933,52.35254237288136,33.246610169491525,False
2021,8,Styrian Grand Prix,red_bull_ring,Red Bull Ring,2021-06-27,bottas,BOT,Valtteri Bottas,mercedes,Mercedes,5,Top 5 (P4-P5),2.0,False,3,False,Finished,15.0,True,71,1,27.0,21.752,False,2.0,"HARD,MEDIUM",26.692372881355933,52.35254237288136,33.246610169491525,False
2021,8,Styrian Grand Prix,red_bull_ring,Red Bull Ring,2021-06-27,perez,PER,Sergio Pérez,red_bull,Red Bull,4,Top 5 (P4-P5),5.0,False,4,False,Finished,12.0,True,71,2,26.0,22.219,False,3.0,"HARD,MEDIUM,SOFT",26.692372881355933,52.35254237288136,33.246610169491525,False
2021,8,Styrian Grand Prix,red_bull_ring,Red Bull Ring,2021-06-27,norris,NOR,Lando Norris,mclaren,McLaren,3,Front row (P2-P3),4.0,False,5,False,+1 Lap,10.0,True,70,1,31.0,21.692,False,2.0,"HARD,SOFT",26.692372881355933,52.35254237288136,33.246610169491525,False
2021,8,Styrian Grand Prix,red_bull_ring,Red Bull Ring,2021-06-27,sainz,SAI,Carlos Sainz,ferrari,Ferrari,12,Back (P11+),12.0,False,6,False,+1 Lap,8.0,True,70,1,41.0,21.226,False,2.0,"HARD,MEDIUM",26.692372881355933,52.35254237288136,33.246610169491525,False
2021,8,Styrian Grand Prix,red_bull_ring,Red Bull Ring,2021-06-27,leclerc,LEC,Charles Leclerc,ferrari,Ferrari,7,Midfield (P6-P10),7.0,False,7,False,+1 Lap,6.0,True,70,2,1.0,25.155,False,3.0,"HARD,MEDIUM,SOFT",26.692372881355933,52.35254237288136,33.246610169491525,False
2021,8,Styrian Grand Prix,red_bull_ring,Red Bull Ring,2021-06-27,stroll,STR,Lance Stroll,aston_martin,Aston Martin,9,Midfield (P6-P10),10.0,False,8,False,+1 Lap,4.0,True,70,1,28.0,20.936,False,2.0,"HARD,SOFT",26.692372881355933,52.35254237288136,33.246610169491525,False
2021,8,Styrian Grand Prix,red_bull_ring,Red Bull Ring,2021-06-27,alonso,ALO,Fernando Alonso,alpine,Alpine F1 Team,8,Midfield (P6-P10),9.0,False,9,False,+1 Lap,2.0,True,70,1,27.0,21.131,False,2.0,"HARD,SOFT",26.692372881355933,52.35254237288136,33.246610169491525,False
2021,8,Styrian Grand Prix,red_bull_ring,Red Bull Ring,2021-06-27,tsunoda,TSU,Yuki Tsunoda,alphatauri,AlphaTauri,11,Back (P11+),8.0,False,10,False,+1 Lap,1.0,True,70,1,26.0,21.234,False,2.0,"HARD,SOFT",26.692372881355933,52.35254237288136,33.246610169491525,False
2021,8,Styrian Grand Prix,red_bull_ring,Red Bull Ring,2021-06-27,raikkonen,RAI,Kimi Räikkönen,alfa,Alfa Romeo,18,Back (P11+),18.0,False,11,False,+1 Lap,0.0,False,70,1,36.0,21.227,False,2.0,"HARD,MEDIUM",26.692372881355933,52.35254237288136,33.246610169491525,False
2021,8,Styrian Grand Prix,red_bull_ring,Red Bull Ring,2021-06-27,vettel,VET,Sebastian Vettel,aston_martin,Aston Martin,14,Back (P11+),14.0,False,12,False,+1 Lap,0.0,False,70,1,27.0,21.546,False,2.0,"HARD,MEDIUM",26.692372881355933,52.35254237288136,33.246610169491525,False
2021,8,Styrian Grand Prix,red_bull_ring,Red Bull Ring,2021-06-27,ricciardo,RIC,Daniel Ricciardo,mclaren,McLaren,13,Back (P11+),13.0,False,13,False,+1 Lap,0.0,False,70,1,41.0,21.41,False,2.0,"HARD,MEDIUM",26.692372881355933,52.35254237288136,33.246610169491525,False
2021,8,Styrian Grand Prix,red_bull_ring,Red Bull Ring,2021-06-27,ocon,OCO,Esteban Ocon,alpine,Alpine F1 Team,17,Back (P11+),17.0,False,14,False,+1 Lap,0.0,False,70,1,36.0,21.238,False,2.0,"HARD,MEDIUM",26.692372881355933,52.35254237288136,33.246610169491525,False
2021,8,Styrian Grand Prix,red_bull_ring,Red Bull Ring,2021-06-27,giovinazzi,GIO,Antonio Giovinazzi,alfa,Alfa Romeo,15,Back (P11+),15.0,False,15,False,+1 Lap,0.0,False,70,1,23.0,21.21,False,2.0,"HARD,MEDIUM",26.692372881355933,52.35254237288136,33.246610169491525,False
2021,8,Styrian Grand Prix,red_bull_ring,Red Bull Ring,2021-06-27,mick_schumacher,MSC,Mick Schumacher,haas,Haas F1 Team,19,Back (P11+),19.0,False,16,False,+2 Laps,0.0,False,69,1,33.0,22.4,False,2.0,"HARD,MEDIUM",26.692372881355933,52.35254237288136,33.246610169491525,False
2021,8,Styrian Grand Prix,red_bull_ring,Red Bull Ring,2021-06-27,latifi,LAT,Nicholas Latifi,williams,Williams,16,Back (P11+),16.0,False,17,False,+3 Laps,0.0,False,68,2,1.0,24.186,False,3.0,"HARD,MEDIUM,SOFT",26.692372881355933,52.35254237288136,33.246610169491525,False
2021,8,Styrian Grand Prix,red_bull_ring,Red Bull Ring,2021-06-27,mazepin,MAZ,Nikita Mazepin,haas,Haas F1 Team,20,Back (P11+),20.0,False,18,False,+3 Laps,0.0,False,68,1,21.0,22.759,False,2.0,"HARD,MEDIUM",26.692372881355933,52.35254237288136,33.246610169491525,False
2021,8,Styrian Grand Prix,red_bull_ring,Red Bull Ring,2021-06-27,russell,RUS,George Russell,williams,Williams,10,Midfield (P6-P10),11.0,False,19,True,Engine,0.0,False,36,2,25.0,41.812,False,2.0,"HARD,MEDIUM",26.692372881355933,52.35254237288136,33.246610169491525,False
2021,8,Styrian Grand Prix,red_bull_ring,Red Bull Ring,2021-06-27,gasly,GAS,Pierre Gasly,alphatauri,AlphaTauri,6,Midfield (P6-P10),6.0,False,20,True,Collision,0.0,False,1,0,,,False,1.0,SOFT,26.692372881355933,52.35254237288136,33.246610169491525,False
2021,9,Austrian Grand Prix,red_bull_ring,Red Bull Ring,2021-07-04,max_verstappen,VER,Max Verstappen,red_bull,Red Bull,1,Pole (P1),1.0,False,1,False,Finished,26.0,True,71,2,32.0,21.163,False,2.0,"HARD,MEDIUM",20.96602564102564,33.18397435897436,49.73076923076923,True
2021,9,Austrian Grand Prix,red_bull_ring,Red Bull Ring,2021-07-04,bottas,BOT,Valtteri Bottas,mercedes,Mercedes,5,Top 5 (P4-P5),5.0,False,2,False,Finished,18.0,True,71,1,30.0,21.071,False,2.0,"HARD,MEDIUM",20.96602564102564,33.18397435897436,49.73076923076923,True
2021,9,Austrian Grand Prix,red_bull_ring,Red Bull Ring,2021-07-04,norris,NOR,Lando Norris,mclaren,McLaren,2,Front row (P2-P3),2.0,False,3,False,Finished,15.0,True,71,1,30.0,26.474,False,2.0,"HARD,MEDIUM",20.96602564102564,33.18397435897436,49.73076923076923,True
2021,9,Austrian Grand Prix,red_bull_ring,Red Bull Ring,2021-07-04,hamilton,HAM,Lewis Hamilton,mercedes,Mercedes,4,Top 5 (P4-P5),4.0,False,4,False,Finished,12.0,True,71,2,31.0,21.213,False,2.0,"HARD,MEDIUM",20.96602564102564,33.18397435897436,49.73076923076923,True
2021,9,Austrian Grand Prix,red_bull_ring,Red Bull Ring,2021-07-04,sainz,SAI,Carlos Sainz,ferrari,Ferrari,10,Midfield (P6-P10),11.0,False,5,False,Finished,10.0,True,71,1,48.0,21.431,False,2.0,"HARD,MEDIUM",20.96602564102564,33.18397435897436,49.73076923076923,True
2021,9,Austrian Grand Prix,red_bull_ring,Red Bull Ring,2021-07-04,perez,PER,Sergio Pérez,red_bull,Red Bull,3,Front row (P2-P3),3.0,False,6,False,Finished,8.0,True,71,1,32.0,21.735,False,2.0,"HARD,MEDIUM",20.96602564102564,33.18397435897436,49.73076923076923,True
2021,9,Austrian Grand Prix,red_bull_ring,Red Bull Ring,2021-07-04,ricciardo,RIC,Daniel Ricciardo,mclaren,McLaren,13,Back (P11+),13.0,False,7,False,Finished,6.0,True,71,1,29.0,21.151,False,2.0,"HARD,MEDIUM",20.96602564102564,33.18397435897436,49.73076923076923,True
2021,9,Austrian Grand Prix,red_bull_ring,Red Bull Ring,2021-07-04,leclerc,LEC,Charles Leclerc,ferrari,Ferrari,12,Back (P11+),12.0,False,8,False,Finished,4.0,True,71,1,34.0,21.143,False,2.0,"HARD,MEDIUM",20.96602564102564,33.18397435897436,49.73076923076923,True
2021,9,Austrian Grand Prix,red_bull_ring,Red Bull Ring,2021-07-04,gasly,GAS,Pierre Gasly,alphatauri,AlphaTauri,6,Midfield (P6-P10),6.0,False,9,False,Finished,2.0,True,71,2,13.0,21.707,False,2.0,"HARD,SOFT",20.96602564102564,33.18397435897436,49.73076923076923,True
2021,9,Austrian Grand Prix,red_bull_ring,Red Bull Ring,2021-07-04,alonso,ALO,Fernando Alonso,alpine,Alpine F1 Team,14,Back (P11+),14.0,False,10,False,+1 Lap,1.0,True,70,1,32.0,22.663,False,2.0,"HARD,MEDIUM",20.96602564102564,33.18397435897436,49.73076923076923,True
2021,9,Austrian Grand Prix,red_bull_ring,Red Bull Ring,2021-07-04,russell,RUS,George Russell,williams,Williams,8,Midfield (P6-P10),9.0,False,11,False,+1 Lap,0.0,False,70,1,30.0,21.606,False,2.0,"HARD,MEDIUM",20.96602564102564,33.18397435897436,49.73076923076923,True
2021,9,Austrian Grand Prix,red_bull_ring,Red Bull Ring,2021-07-04,tsunoda,TSU,Yuki Tsunoda,alphatauri,AlphaTauri,7,Midfield (P6-P10),7.0,False,12,False,+1 Lap,0.0,False,70,2,12.0,23.874499999999998,False,2.0,"HARD,SOFT",20.96602564102564,33.18397435897436,49.73076923076923,True
2021,9,Austrian Grand Prix,red_bull_ring,Red Bull Ring,2021-07-04,stroll,STR,Lance Stroll,aston_martin,Aston Martin,9,Midfield (P6-P10),10.0,False,13,False,+1 Lap,0.0,False,70,2,14.0,21.4315,False,2.0,"HARD,SOFT",20.96602564102564,33.18397435897436,49.73076923076923,True
2021,9,Austrian Grand Prix,red_bull_ring,Red Bull Ring,2021-07-04,giovinazzi,GIO,Antonio Giovinazzi,alfa,Alfa Romeo,15,Back (P11+),15.0,False,14,False,+1 Lap,0.0,False,70,2,1.0,24.125500000000002,False,2.0,"HARD,MEDIUM",20.96602564102564,33.18397435897436,49.73076923076923,True
2021,9,Austrian Grand Prix,red_bull_ring,Red Bull Ring,2021-07-04,raikkonen,RAI,Kimi Räikkönen,alfa,Alfa Romeo,16,Back (P11+),16.0,False,15,False,+1 Lap,0.0,False,70,1,37.0,21.896,False,2.0,"HARD,MEDIUM",20.96602564102564,33.18397435897436,49.73076923076923,True
2021,9,Austrian Grand Prix,red_bull_ring,Red Bull Ring,2021-07-04,latifi,LAT,Nicholas Latifi,williams,Williams,18,Back (P11+),18.0,False,16,False,+1 Lap,0.0,False,70,1,33.0,21.152,False,2.0,"HARD,MEDIUM",20.96602564102564,33.18397435897436,49.73076923076923,True
2021,9,Austrian Grand Prix,red_bull_ring,Red Bull Ring,2021-07-04,vettel,VET,Sebastian Vettel,aston_martin,Aston Martin,11,Back (P11+),8.0,False,17,True,Collision,0.0,False,69,2,17.0,20.9635,False,2.0,"HARD,SOFT",20.96602564102564,33.18397435897436,49.73076923076923,True
2021,9,Austrian Grand Prix,red_bull_ring,Red Bull Ring,2021-07-04,mick_schumacher,MSC,Mick Schumacher,haas,Haas F1 Team,19,Back (P11+),19.0,False,18,False,+2 Laps,0.0,False,69,1,34.0,21.798,False,2.0,"HARD,MEDIUM",20.96602564102564,33.18397435897436,49.73076923076923,True
2021,9,Austrian Grand Prix,red_bull_ring,Red Bull Ring,2021-07-04,mazepin,MAZ,Nikita Mazepin,haas,Haas F1 Team,20,Back (P11+),20.0,False,19,False,+2 Laps,0.0,False,69,2,27.0,23.182,False,2.0,"HARD,MEDIUM",20.96602564102564,33.18397435897436,49.73076923076923,True
2021,9,Austrian Grand Prix,red_bull_ring,Red Bull Ring,2021-07-04,ocon,OCO,Esteban Ocon,alpine,Alpine F1 Team,17,Back (P11+),17.0,False,20,True,Collision,0.0,False,0,0,,,False,1.0,MEDIUM,20.96602564102564,33.18397435897436,49.73076923076923,True
2021,10,British Grand Prix,silverstone,Silverstone Circuit,2021-07-18,hamilton,HAM,Lewis Hamilton,mercedes,Mercedes,2,Front row (P2-P3),1.0,False,1,False,Finished,25.0,True,52,2,2.0,40.266,False,2.0,"HARD,MEDIUM",29.400000000000002,50.93152173913043,37.202173913043474,False
2021,10,British Grand Prix,silverstone,Silverstone Circuit,2021-07-18,leclerc,LEC,Charles Leclerc,ferrari,Ferrari,4,Top 5 (P4-P5),4.0,False,2,False,Finished,18.0,True,52,2,2.0,28.433,False,2.0,"HARD,MEDIUM",29.400000000000002,50.93152173913043,37.202173913043474,False
2021,10,British Grand Prix,silverstone,Silverstone Circuit,2021-07-18,bottas,BOT,Valtteri Bottas,mercedes,Mercedes,3,Front row (P2-P3),3.0,False,3,False,Finished,15.0,True,52,2,2.0,28.209,False,2.0,"HARD,MEDIUM",29.400000000000002,50.93152173913043,37.202173913043474,False
2021,10,British Grand Prix,silverstone,Silverstone Circuit,2021-07-18,norris,NOR,Lando Norris,mclaren,McLaren,5,Top 5 (P4-P5),6.0,False,4,False,Finished,12.0,True,52,2,2.0,31.706,False,2.0,"HARD,MEDIUM",29.400000000000002,50.93152173913043,37.202173913043474,False
2021,10,British Grand Prix,silverstone,Silverstone Circuit,2021-07-18,ricciardo,RIC,Daniel Ricciardo,mclaren,McLaren,6,Midfield (P6-P10),7.0,False,5,False,Finished,10.0,True,52,2,2.0,28.817,False,2.0,"HARD,MEDIUM",29.400000000000002,50.93152173913043,37.202173913043474,False
2021,10,British Grand Prix,silverstone,Silverstone Circuit,2021-07-18,sainz,SAI,Carlos Sainz,ferrari,Ferrari,10,Midfield (P6-P10),9.0,False,6,False,Finished,8.0,True,52,2,2.0,37.509,False,2.0,"HARD,MEDIUM",29.400000000000002,50.93152173913043,37.202173913043474,False
2021,10,British Grand Prix,silverstone,Silverstone Circuit,2021-07-18,alonso,ALO,Fernando Alonso,alpine,Alpine F1 Team,7,Midfield (P6-P10),11.0,False,7,False,Finished,6.0,True,52,2,2.0,29.743,False,2.0,"HARD,MEDIUM",29.400000000000002,50.93152173913043,37.202173913043474,False
2021,10,British Grand Prix,silverstone,Silverstone Circuit,2021-07-18,stroll,STR,Lance Stroll,aston_martin,Aston Martin,14,Back (P11+),15.0,False,8,False,Finished,4.0,True,52,2,2.0,28.213,False,2.0,"HARD,MEDIUM",29.400000000000002,50.93152173913043,37.202173913043474,False
2021,10,British Grand Prix,silverstone,Silverstone Circuit,2021-07-18,ocon,OCO,Esteban Ocon,alpine,Alpine F1 Team,9,Midfield (P6-P10),13.0,False,9,False,Finished,2.0,True,52,2,2.0,28.772,False,2.0,"HARD,MEDIUM",29.400000000000002,50.93152173913043,37.202173913043474,False
2021,10,British Grand Prix,silverstone,Silverstone Circuit,2021-07-18,tsunoda,TSU,Yuki Tsunoda,alphatauri,AlphaTauri,16,Back (P11+),16.0,False,10,False,Finished,1.0,True,52,2,2.0,29.134,False,2.0,"HARD,MEDIUM",29.400000000000002,50.93152173913043,37.202173913043474,False
2021,10,British Grand Prix,silverstone,Silverstone Circuit,2021-07-18,gasly,GAS,Pierre Gasly,alphatauri,AlphaTauri,11,Back (P11+),12.0,False,11,False,Finished,0.0,False,52,3,2.0,28.432499999999997,False,3.0,"HARD,MEDIUM,SOFT",29.400000000000002,50.93152173913043,37.202173913043474,False
2021,10,British Grand Prix,silverstone,Silverstone Circuit,2021-07-18,russell,RUS,George Russell,williams,Williams,12,Back (P11+),8.0,False,12,False,+1 Lap,0.0,False,51,2,2.0,27.812,False,2.0,"HARD,MEDIUM",29.400000000000002,50.93152173913043,37.202173913043474,False
2021,10,British Grand Prix,silverstone,Silverstone Circuit,2021-07-18,giovinazzi,GIO,Antonio Giovinazzi,alfa,Alfa Romeo,15,Back (P11+),14.0,False,13,False,+1 Lap,0.0,False,51,2,2.0,28.137,False,2.0,"HARD,MEDIUM",29.400000000000002,50.93152173913043,37.202173913043474,False
2021,10,British Grand Prix,silverstone,Silverstone Circuit,2021-07-18,latifi,LAT,Nicholas Latifi,williams,Williams,17,Back (P11+),18.0,False,14,False,+1 Lap,0.0,False,51,2,2.0,27.543,False,2.0,"HARD,MEDIUM",29.400000000000002,50.93152173913043,37.202173913043474,False
2021,10,British Grand Prix,silverstone,Silverstone Circuit,2021-07-18,raikkonen,RAI,Kimi Räikkönen,alfa,Alfa Romeo,13,Back (P11+),17.0,False,15,False,+1 Lap,0.0,False,51,2,2.0,28.11,False,2.0,"HARD,MEDIUM",29.400000000000002,50.93152173913043,37.202173913043474,False
2021,10,British Grand Prix,silverstone,Silverstone Circuit,2021-07-18,perez,PER,Sergio Pérez,red_bull,Red Bull,21,Back (P11+),5.0,False,16,False,+1 Lap,0.0,False,51,4,2.0,28.274,False,3.0,"HARD,MEDIUM,SOFT",29.400000000000002,50.93152173913043,37.202173913043474,False
2021,10,British Grand Prix,silverstone,Silverstone Circuit,2021-07-18,mazepin,MAZ,Nikita Mazepin,haas,Haas F1 Team,19,Back (P11+),20.0,False,17,False,+1 Lap,0.0,False,51,2,2.0,29.253,False,2.0,"HARD,MEDIUM",29.400000000000002,50.93152173913043,37.202173913043474,False
2021,10,British Grand Prix,silverstone,Silverstone Circuit,2021-07-18,mick_schumacher,MSC,Mick Schumacher,haas,Haas F1 Team,18,Back (P11+),19.0,False,18,False,+1 Lap,0.0,False,51,2,2.0,29.319,False,2.0,"HARD,MEDIUM",29.400000000000002,50.93152173913043,37.202173913043474,False
2021,10,British Grand Prix,silverstone,Silverstone Circuit,2021-07-18,vettel,VET,Sebastian Vettel,aston_martin,Aston Martin,8,Midfield (P6-P10),10.0,False,19,True,Retired,0.0,False,40,2,2.0,28.145,False,2.0,"HARD,MEDIUM",29.400000000000002,50.93152173913043,37.202173913043474,False
2021,10,British Grand Prix,silverstone,Silverstone Circuit,2021-07-18,max_verstappen,VER,Max Verstappen,red_bull,Red Bull,1,Pole (P1),2.0,False,20,True,Collision,0.0,False,0,0,,,False,1.0,MEDIUM,29.400000000000002,50.93152173913043,37.202173913043474,False
2021,11,Hungarian Grand Prix,hungaroring,Hungaroring,2021-08-01,ocon,OCO,Esteban Ocon,alpine,Alpine F1 Team,8,Midfield (P6-P10),8.0,False,1,False,Finished,25.0,True,70,3,2.0,30.582,False,3.0,"HARD,INTERMEDIATE,MEDIUM",27.226701570680625,37.822513089005234,68.61570680628273,True
2021,11,Hungarian Grand Prix,hungaroring,Hungaroring,2021-08-01,hamilton,HAM,Lewis Hamilton,mercedes,Mercedes,1,Pole (P1),1.0,False,2,False,Finished,18.0,True,70,4,2.0,21.485,False,3.0,"HARD,INTERMEDIATE,MEDIUM",27.226701570680625,37.822513089005234,68.61570680628273,True
2021,11,Hungarian Grand Prix,hungaroring,Hungaroring,2021-08-01,sainz,SAI,Carlos Sainz,ferrari,Ferrari,15,Back (P11+),15.0,False,3,False,Finished,15.0,True,70,3,2.0,32.3685,False,3.0,"HARD,INTERMEDIATE,MEDIUM",27.226701570680625,37.822513089005234,68.61570680628273,True
2021,11,Hungarian Grand Prix,hungaroring,Hungaroring,2021-08-01,alonso,ALO,Fernando Alonso,alpine,Alpine F1 Team,9,Midfield (P6-P10),9.0,False,4,False,Finished,12.0,True,70,3,2.0,29.322499999999998,False,3.0,"HARD,INTERMEDIATE,MEDIUM",27.226701570680625,37.822513089005234,68.61570680628273,True
2021,11,Hungarian Grand Prix,hungaroring,Hungaroring,2021-08-01,gasly,GAS,Pierre Gasly,alphatauri,AlphaTauri,5,Top 5 (P4-P5),5.0,False,5,False,Finished,11.0,True,70,4,2.0,27.558999999999997,False,4.0,"HARD,INTERMEDIATE,MEDIUM,SOFT",27.226701570680625,37.822513089005234,68.61570680628273,True
2021,11,Hungarian Grand Prix,hungaroring,Hungaroring,2021-08-01,tsunoda,TSU,Yuki Tsunoda,alphatauri,AlphaTauri,16,Back (P11+),16.0,False,6,False,Finished,8.0,True,70,3,2.0,31.2795,False,3.0,"HARD,INTERMEDIATE,MEDIUM",27.226701570680625,37.822513089005234,68.61570680628273,True
2021,11,Hungarian Grand Prix,hungaroring,Hungaroring,2021-08-01,latifi,LAT,Nicholas Latifi,williams,Williams,18,Back (P11+),18.0,False,7,False,Finished,6.0,True,70,3,2.0,30.892500000000002,False,3.0,"HARD,INTERMEDIATE,MEDIUM",27.226701570680625,37.822513089005234,68.61570680628273,True
2021,11,Hungarian Grand Prix,hungaroring,Hungaroring,2021-08-01,russell,RUS,George Russell,williams,Williams,17,Back (P11+),17.0,False,8,False,Finished,4.0,True,70,3,2.0,25.78,False,3.0,"HARD,INTERMEDIATE,MEDIUM",27.226701570680625,37.822513089005234,68.61570680628273,True
2021,11,Hungarian Grand Prix,hungaroring,Hungaroring,2021-08-01,max_verstappen,VER,Max Verstappen,red_bull,Red Bull,3,Front row (P2-P3),3.0,False,9,False,Finished,2.0,True,70,5,1.0,24.927249999999997,False,3.0,"HARD,INTERMEDIATE,MEDIUM",27.226701570680625,37.822513089005234,68.61570680628273,True
2021,11,Hungarian Grand Prix,hungaroring,Hungaroring,2021-08-01,raikkonen,RAI,Kimi Räikkönen,alfa,Alfa Romeo,13,Back (P11+),13.0,False,10,False,+1 Lap,1.0,True,69,4,2.0,31.026666666666667,False,4.0,"HARD,INTERMEDIATE,MEDIUM,SOFT",27.226701570680625,37.822513089005234,68.61570680628273,True
2021,11,Hungarian Grand Prix,hungaroring,Hungaroring,2021-08-01,ricciardo,RIC,Daniel Ricciardo,mclaren,McLaren,11,Back (P11+),11.0,False,11,False,+1 Lap,0.0,False,69,3,2.0,28.057499999999997,False,3.0,"HARD,INTERMEDIATE,MEDIUM",27.226701570680625,37.822513089005234,68.61570680628273,True
2021,11,Hungarian Grand Prix,hungaroring,Hungaroring,2021-08-01,mick_schumacher,MSC,Mick Schumacher,haas,Haas F1 Team,20,Back (P11+),20.0,False,12,False,+1 Lap,0.0,False,69,3,2.0,29.463,False,3.0,"HARD,INTERMEDIATE,MEDIUM",27.226701570680625,37.822513089005234,68.61570680628273,True
2021,11,Hungarian Grand Prix,hungaroring,Hungaroring,2021-08-01,giovinazzi,GIO,Antonio Giovinazzi,alfa,Alfa Romeo,21,Back (P11+),14.0,False,13,False,+1 Lap,0.0,False,69,5,1.0,28.634249999999998,False,3.0,"HARD,INTERMEDIATE,MEDIUM",27.226701570680625,37.822513089005234,68.61570680628273,True
2021,11,Hungarian Grand Prix,hungaroring,Hungaroring,2021-08-01,mazepin,MAZ,Nikita Mazepin,haas,Haas F1 Team,19,Back (P11+),19.0,False,14,True,Collision,0.0,False,3,2,1.0,23.715,False,1.0,INTERMEDIATE,27.226701570680625,37.822513089005234,68.61570680628273,True
2021,11,Hungarian Grand Prix,hungaroring,Hungaroring,2021-08-01,norris,NOR,Lando Norris,mclaren,McLaren,6,Midfield (P6-P10),6.0,False,15,True,Collision,0.0,False,2,1,1.0,38.267,False,1.0,INTERMEDIATE,27.226701570680625,37.822513089005234,68.61570680628273,True
2021,11,Hungarian Grand Prix,hungaroring,Hungaroring,2021-08-01,bottas,BOT,Valtteri Bottas,mercedes,Mercedes,2,Front row (P2-P3),2.0,False,16,True,Collision,0.0,False,0,0,,,False,1.0,INTERMEDIATE,27.226701570680625,37.822513089005234,68.61570680628273,True
2021,11,Hungarian Grand Prix,hungaroring,Hungaroring,2021-08-01,perez,PER,Sergio Pérez,red_bull,Red Bull,4,Top 5 (P4-P5),4.0,False,17,True,Collision,0.0,False,0,0,,,False,1.0,INTERMEDIATE,27.226701570680625,37.822513089005234,68.61570680628273,True
2021,11,Hungarian Grand Prix,hungaroring,Hungaroring,2021-08-01,leclerc,LEC,Charles Leclerc,ferrari,Ferrari,7,Midfield (P6-P10),7.0,False,18,True,Collision,0.0,False,0,0,,,False,1.0,INTERMEDIATE,27.226701570680625,37.822513089005234,68.61570680628273,True
2021,11,Hungarian Grand Prix,hungaroring,Hungaroring,2021-08-01,stroll,STR,Lance Stroll,aston_martin,Aston Martin,12,Back (P11+),12.0,False,19,True,Collision,0.0,False,0,0,,,False,1.0,INTERMEDIATE,27.226701570680625,37.822513089005234,68.61570680628273,True
2021,11,Hungarian Grand Prix,hungaroring,Hungaroring,2021-08-01,vettel,VET,Sebastian Vettel,aston_martin,Aston Martin,10,Midfield (P6-P10),10.0,False,20,True,Disqualified,0.0,False,70,3,2.0,31.792499999999997,False,3.0,"HARD,INTERMEDIATE,MEDIUM",27.226701570680625,37.822513089005234,68.61570680628273,True
2021,12,Belgian Grand Prix,spa,Circuit de Spa-Francorchamps,2021-08-29,max_verstappen,VER,Max Verstappen,red_bull,Red Bull,1,Pole (P1),1.0,False,1,False,Finished,12.5,True,1,0,,,False,1.0,UNKNOWN,13.012413793103448,15.258620689655173,96.43586206896552,True
2021,12,Belgian Grand Prix,spa,Circuit de Spa-Francorchamps,2021-08-29,russell,RUS,George Russell,williams,Williams,2,Front row (P2-P3),2.0,False,2,False,Finished,9.0,True,1,0,,,False,1.0,UNKNOWN,13.012413793103448,15.258620689655173,96.43586206896552,True
2021,12,Belgian Grand Prix,spa,Circuit de Spa-Francorchamps,2021-08-29,hamilton,HAM,Lewis Hamilton,mercedes,Mercedes,3,Front row (P2-P3),3.0,False,3,False,Finished,7.5,True,1,0,,,False,1.0,UNKNOWN,13.012413793103448,15.258620689655173,96.43586206896552,True
2021,12,Belgian Grand Prix,spa,Circuit de Spa-Francorchamps,2021-08-29,ricciardo,RIC,Daniel Ricciardo,mclaren,McLaren,4,Top 5 (P4-P5),4.0,False,4,False,Finished,6.0,True,1,0,,,False,1.0,UNKNOWN,13.012413793103448,15.258620689655173,96.43586206896552,True
2021,12,Belgian Grand Prix,spa,Circuit de Spa-Francorchamps,2021-08-29,vettel,VET,Sebastian Vettel,aston_martin,Aston Martin,5,Top 5 (P4-P5),5.0,False,5,False,Finished,5.0,True,1,0,,,False,1.0,UNKNOWN,13.012413793103448,15.258620689655173,96.43586206896552,True
2021,12,Belgian Grand Prix,spa,Circuit de Spa-Francorchamps,2021-08-29,gasly,GAS,Pierre Gasly,alphatauri,AlphaTauri,6,Midfield (P6-P10),6.0,False,6,False,Finished,4.0,True,1,0,,,False,1.0,UNKNOWN,13.012413793103448,15.258620689655173,96.43586206896552,True
2021,12,Belgian Grand Prix,spa,Circuit de Spa-Francorchamps,2021-08-29,ocon,OCO,Esteban Ocon,alpine,Alpine F1 Team,8,Midfield (P6-P10),9.0,False,7,False,Finished,3.0,True,1,0,,,False,1.0,UNKNOWN,13.012413793103448,15.258620689655173,96.43586206896552,True
2021,12,Belgian Grand Prix,spa,Circuit de Spa-Francorchamps,2021-08-29,leclerc,LEC,Charles Leclerc,ferrari,Ferrari,9,Midfield (P6-P10),11.0,False,8,False,Finished,2.0,True,1,0,,,False,1.0,UNKNOWN,13.012413793103448,15.258620689655173,96.43586206896552,True
2021,12,Belgian Grand Prix,spa,Circuit de Spa-Francorchamps,2021-08-29,latifi,LAT,Nicholas Latifi,williams,Williams,10,Midfield (P6-P10),12.0,False,9,False,Finished,1.0,True,1,0,,,False,1.0,UNKNOWN,13.012413793103448,15.258620689655173,96.43586206896552,True
2021,12,Belgian Grand Prix,spa,Circuit de Spa-Francorchamps,2021-08-29,sainz,SAI,Carlos Sainz,ferrari,Ferrari,11,Back (P11+),13.0,False,10,False,Finished,0.5,True,1,0,,,False,1.0,UNKNOWN,13.012413793103448,15.258620689655173,96.43586206896552,True
2021,12,Belgian Grand Prix,spa,Circuit de Spa-Francorchamps,2021-08-29,alonso,ALO,Fernando Alonso,alpine,Alpine F1 Team,12,Back (P11+),14.0,False,11,False,Finished,0.0,False,1,0,,,False,1.0,UNKNOWN,13.012413793103448,15.258620689655173,96.43586206896552,True
2021,12,Belgian Grand Prix,spa,Circuit de Spa-Francorchamps,2021-08-29,bottas,BOT,Valtteri Bottas,mercedes,Mercedes,13,Back (P11+),8.0,False,12,False,Finished,0.0,False,1,0,,,False,1.0,UNKNOWN,13.012413793103448,15.258620689655173,96.43586206896552,True
2021,12,Belgian Grand Prix,spa,Circuit de Spa-Francorchamps,2021-08-29,giovinazzi,GIO,Antonio Giovinazzi,alfa,Alfa Romeo,14,Back (P11+),16.0,False,13,False,Finished,0.0,False,1,0,,,False,1.0,UNKNOWN,13.012413793103448,15.258620689655173,96.43586206896552,True
2021,12,Belgian Grand Prix,spa,Circuit de Spa-Francorchamps,2021-08-29,norris,NOR,Lando Norris,mclaren,McLaren,15,Back (P11+),10.0,False,14,False,Finished,0.0,False,1,0,,,False,1.0,UNKNOWN,13.012413793103448,15.258620689655173,96.43586206896552,True
2021,12,Belgian Grand Prix,spa,Circuit de Spa-Francorchamps,2021-08-29,tsunoda,TSU,Yuki Tsunoda,alphatauri,AlphaTauri,16,Back (P11+),17.0,False,15,False,Finished,0.0,False,1,0,,,False,1.0,UNKNOWN,13.012413793103448,15.258620689655173,96.43586206896552,True
2021,12,Belgian Grand Prix,spa,Circuit de Spa-Francorchamps,2021-08-29,mick_schumacher,MSC,Mick Schumacher,haas,Haas F1 Team,17,Back (P11+),18.0,False,16,False,Finished,0.0,False,1,0,,,False,1.0,UNKNOWN,13.012413793103448,15.258620689655173,96.43586206896552,True
2021,12,Belgian Grand Prix,spa,Circuit de Spa-Francorchamps,2021-08-29,mazepin,MAZ,Nikita Mazepin,haas,Haas F1 Team,18,Back (P11+),20.0,False,17,False,Finished,0.0,False,1,0,,,False,1.0,UNKNOWN,13.012413793103448,15.258620689655173,96.43586206896552,True
2021,12,Belgian Grand Prix,spa,Circuit de Spa-Francorchamps,2021-08-29,raikkonen,RAI,Kimi Räikkönen,alfa,Alfa Romeo,21,Back (P11+),19.0,False,18,False,Finished,0.0,False,1,0,,,False,1.0,UNKNOWN,13.012413793103448,15.258620689655173,96.43586206896552,True
2021,12,Belgian Grand Prix,spa,Circuit de Spa-Francorchamps,2021-08-29,perez,PER,Sergio Pérez,red_bull,Red Bull,21,Back (P11+),7.0,False,19,False,Finished,0.0,False,1,0,,,False,1.0,UNKNOWN,13.012413793103448,15.258620689655173,96.43586206896552,True
2021,12,Belgian Grand Prix,spa,Circuit de Spa-Francorchamps,2021-08-29,stroll,STR,Lance Stroll,aston_martin,Aston Martin,19,Back (P11+),15.0,False,20,False,Finished,0.0,False,1,0,,,False,1.0,UNKNOWN,13.012413793103448,15.258620689655173,96.43586206896552,True
2021,13,Dutch Grand Prix,zandvoort,Circuit Park Zandvoort,2021-09-05,max_verstappen,VER,Max Verstappen,red_bull,Red Bull,1,Pole (P1),1.0,False,1,False,Finished,25.0,True,72,2,21.0,18.86,False,3.0,"HARD,MEDIUM,SOFT",21.504430379746836,36.10569620253165,54.10822784810126,False
2021,13,Dutch Grand Prix,zandvoort,Circuit Park Zandvoort,2021-09-05,hamilton,HAM,Lewis Hamilton,mercedes,Mercedes,2,Front row (P2-P3),2.0,False,2,False,Finished,19.0,True,72,3,20.0,19.28,False,2.0,"MEDIUM,SOFT",21.504430379746836,36.10569620253165,54.10822784810126,False
2021,13,Dutch Grand Prix,zandvoort,Circuit Park Zandvoort,2021-09-05,bottas,BOT,Valtteri Bottas,mercedes,Mercedes,3,Front row (P2-P3),3.0,False,3,False,Finished,15.0,True,72,2,31.0,20.3015,False,2.0,"MEDIUM,SOFT",21.504430379746836,36.10569620253165,54.10822784810126,False
2021,13,Dutch Grand Prix,zandvoort,Circuit Park Zandvoort,2021-09-05,gasly,GAS,Pierre Gasly,alphatauri,AlphaTauri,4,Top 5 (P4-P5),4.0,False,4,False,+1 Lap,12.0,True,71,1,24.0,19.163,False,2.0,"MEDIUM,SOFT",21.504430379746836,36.10569620253165,54.10822784810126,False
2021,13,Dutch Grand Prix,zandvoort,Circuit Park Zandvoort,2021-09-05,leclerc,LEC,Charles Leclerc,ferrari,Ferrari,5,Top 5 (P4-P5),5.0,False,5,False,+1 Lap,10.0,True,71,1,34.0,19.49,False,2.0,"HARD,SOFT",21.504430379746836,36.10569620253165,54.10822784810126,False
2021,13,Dutch Grand Prix,zandvoort,Circuit Park Zandvoort,2021-09-05,alonso,ALO,Fernando Alonso,alpine,Alpine F1 Team,9,Midfield (P6-P10),9.0,False,6,False,+1 Lap,8.0,True,71,1,33.0,19.018,False,2.0,"MEDIUM,SOFT",21.504430379746836,36.10569620253165,54.10822784810126,False
2021,13,Dutch Grand Prix,zandvoort,Circuit Park Zandvoort,2021-09-05,sainz,SAI,Carlos Sainz,ferrari,Ferrari,6,Midfield (P6-P10),6.0,False,7,False,+1 Lap,6.0,True,71,1,31.0,20.327,False,2.0,"HARD,SOFT",21.504430379746836,36.10569620253165,54.10822784810126,False
2021,13,Dutch Grand Prix,zandvoort,Circuit Park Zandvoort,2021-09-05,perez,PER,Sergio Pérez,red_bull,Red Bull,21,Back (P11+),16.0,False,8,False,+1 Lap,4.0,True,71,2,8.0,18.921,False,3.0,"HARD,MEDIUM,SOFT",21.504430379746836,36.10569620253165,54.10822784810126,False
2021,13,Dutch Grand Prix,zandvoort,Circuit Park Zandvoort,2021-09-05,ocon,OCO,Esteban Ocon,alpine,Alpine F1 Team,8,Midfield (P6-P10),8.0,False,9,False,+1 Lap,2.0,True,71,1,31.0,19.24,False,2.0,"MEDIUM,SOFT",21.504430379746836,36.10569620253165,54.10822784810126,False
2021,13,Dutch Grand Prix,zandvoort,Circuit Park Zandvoort,2021-09-05,norris,NOR,Lando Norris,mclaren,McLaren,13,Back (P11+),13.0,False,10,False,+1 Lap,1.0,True,71,1,42.0,20.443,False,2.0,"HARD,MEDIUM",21.504430379746836,36.10569620253165,54.10822784810126,False
2021,13,Dutch Grand Prix,zandvoort,Circuit Park Zandvoort,2021-09-05,ricciardo,RIC,Daniel Ricciardo,mclaren,McLaren,10,Midfield (P6-P10),10.0,False,11,False,+1 Lap,0.0,False,71,1,30.0,19.449,False,2.0,"HARD,SOFT",21.504430379746836,36.10569620253165,54.10822784810126,False
2021,13,Dutch Grand Prix,zandvoort,Circuit Park Zandvoort,2021-09-05,stroll,STR,Lance Stroll,aston_martin,Aston Martin,12,Back (P11+),12.0,False,12,False,+2 Laps,0.0,False,70,1,27.0,19.389,False,2.0,"HARD,SOFT",21.504430379746836,36.10569620253165,54.10822784810126,False
2021,13,Dutch Grand Prix,zandvoort,Circuit Park Zandvoort,2021-09-05,vettel,VET,Sebastian Vettel,aston_martin,Aston Martin,15,Back (P11+),17.0,False,13,False,+2 Laps,0.0,False,70,2,10.0,18.6725,False,3.0,"HARD,MEDIUM,SOFT",21.504430379746836,36.10569620253165,54.10822784810126,False
2021,13,Dutch Grand Prix,zandvoort,Circuit Park Zandvoort,2021-09-05,giovinazzi,GIO,Antonio Giovinazzi,alfa,Alfa Romeo,7,Midfield (P6-P10),7.0,False,14,False,+2 Laps,0.0,False,70,2,27.0,19.546,False,3.0,"HARD,MEDIUM,SOFT",21.504430379746836,36.10569620253165,54.10822784810126,False
2021,13,Dutch Grand Prix,zandvoort,Circuit Park Zandvoort,2021-09-05,kubica,KUB,Robert Kubica,alfa,Alfa Romeo,16,Back (P11+),18.0,False,15,False,+2 Laps,0.0,False,70,1,40.0,19.708,False,2.0,"HARD,MEDIUM",21.504430379746836,36.10569620253165,54.10822784810126,False
2021,13,Dutch Grand Prix,zandvoort,Circuit Park Zandvoort,2021-09-05,latifi,LAT,Nicholas Latifi,williams,Williams,21,Back (P11+),14.0,False,16,False,+2 Laps,0.0,False,70,1,23.0,20.646,False,2.0,"HARD,MEDIUM",21.504430379746836,36.10569620253165,54.10822784810126,False
2021,13,Dutch Grand Prix,zandvoort,Circuit Park Zandvoort,2021-09-05,russell,RUS,George Russell,williams,Williams,11,Back (P11+),11.0,False,17,True,Gearbox,0.0,False,69,2,27.0,22.0835,False,3.0,"HARD,MEDIUM,SOFT",21.504430379746836,36.10569620253165,54.10822784810126,False
2021,13,Dutch Grand Prix,zandvoort,Circuit Park Zandvoort,2021-09-05,mick_schumacher,MSC,Mick Schumacher,haas,Haas F1 Team,17,Back (P11+),19.0,False,18,False,+3 Laps,0.0,False,69,2,4.0,30.075499999999998,False,3.0,"HARD,MEDIUM,SOFT",21.504430379746836,36.10569620253165,54.10822784810126,False
2021,13,Dutch Grand Prix,zandvoort,Circuit Park Zandvoort,2021-09-05,tsunoda,TSU,Yuki Tsunoda,alphatauri,AlphaTauri,14,Back (P11+),15.0,False,19,True,Power Unit,0.0,False,48,1,31.0,19.85,False,2.0,"MEDIUM,SOFT",21.504430379746836,36.10569620253165,54.10822784810126,False
2021,13,Dutch Grand Prix,zandvoort,Circuit Park Zandvoort,2021-09-05,mazepin,MAZ,Nikita Mazepin,haas,Haas F1 Team,18,Back (P11+),20.0,False,20,True,Hydraulics,0.0,False,41,1,33.0,19.999,False,2.0,"HARD,MEDIUM",21.504430379746836,36.10569620253165,54.10822784810126,False
2021,14,Italian Grand Prix,monza,Autodromo Nazionale di Monza,2021-09-12,ricciardo,RIC,Daniel Ricciardo,mclaren,McLaren,2,Front row (P2-P3),5.0,False,1,False,Finished,26.0,True,53,1,22.0,23.812,False,2.0,"HARD,MEDIUM",28.885234899328864,43.52751677852349,33.275838926174494,False
2021,14,Italian Grand Prix,monza,Autodromo Nazionale di Monza,2021-09-12,norris,NOR,Lando Norris,mclaren,McLaren,3,Front row (P2-P3),4.0,False,2,False,Finished,18.0,True,53,1,24.0,24.168,False,2.0,"HARD,MEDIUM",28.885234899328864,43.52751677852349,33.275838926174494,False
2021,14,Italian Grand Prix,monza,Autodromo Nazionale di Monza,2021-09-12,bottas,BOT,Valtteri Bottas,mercedes,Mercedes,19,Back (P11+),1.0,False,3,False,Finished,15.0,True,53,1,26.0,24.308,False,2.0,"HARD,MEDIUM",28.885234899328864,43.52751677852349,33.275838926174494,False
2021,14,Italian Grand Prix,monza,Autodromo Nazionale di Monza,2021-09-12,leclerc,LEC,Charles Leclerc,ferrari,Ferrari,5,Top 5 (P4-P5),8.0,False,4,False,Finished,12.0,True,53,1,26.0,24.557,False,2.0,"HARD,MEDIUM",28.885234899328864,43.52751677852349,33.275838926174494,False
2021,14,Italian Grand Prix,monza,Autodromo Nazionale di Monza,2021-09-12,perez,PER,Sergio Pérez,red_bull,Red Bull,8,Midfield (P6-P10),9.0,False,5,False,Finished,10.0,True,53,1,26.0,23.906,False,2.0,"HARD,MEDIUM",28.885234899328864,43.52751677852349,33.275838926174494,False
2021,14,Italian Grand Prix,monza,Autodromo Nazionale di Monza,2021-09-12,sainz,SAI,Carlos Sainz,ferrari,Ferrari,6,Midfield (P6-P10),7.0,False,6,False,Finished,8.0,True,53,1,26.0,24.283,False,2.0,"HARD,MEDIUM",28.885234899328864,43.52751677852349,33.275838926174494,False
2021,14,Italian Grand Prix,monza,Autodromo Nazionale di Monza,2021-09-12,stroll,STR,Lance Stroll,aston_martin,Aston Martin,9,Midfield (P6-P10),12.0,False,7,False,Finished,6.0,True,53,1,25.0,24.846,False,2.0,"HARD,MEDIUM",28.885234899328864,43.52751677852349,33.275838926174494,False
2021,14,Italian Grand Prix,monza,Autodromo Nazionale di Monza,2021-09-12,alonso,ALO,Fernando Alonso,alpine,Alpine F1 Team,10,Midfield (P6-P10),13.0,False,8,False,Finished,4.0,True,53,1,25.0,24.797,False,2.0,"HARD,MEDIUM",28.885234899328864,43.52751677852349,33.275838926174494,False
2021,14,Italian Grand Prix,monza,Autodromo Nazionale di Monza,2021-09-12,russell,RUS,George Russell,williams,Williams,14,Back (P11+),15.0,False,9,False,Finished,2.0,True,53,1,26.0,24.156,False,2.0,"HARD,MEDIUM",28.885234899328864,43.52751677852349,33.275838926174494,False
2021,14,Italian Grand Prix,monza,Autodromo Nazionale di Monza,2021-09-12,ocon,OCO,Esteban Ocon,alpine,Alpine F1 Team,12,Back (P11+),14.0,False,10,False,Finished,1.0,True,53,1,26.0,30.333,False,2.0,"HARD,MEDIUM",28.885234899328864,43.52751677852349,33.275838926174494,False
2021,14,Italian Grand Prix,monza,Autodromo Nazionale di Monza,2021-09-12,latifi,LAT,Nicholas Latifi,williams,Williams,13,Back (P11+),16.0,False,11,False,Finished,0.0,False,53,1,23.0,24.168,False,2.0,"HARD,MEDIUM",28.885234899328864,43.52751677852349,33.275838926174494,False
2021,14,Italian Grand Prix,monza,Autodromo Nazionale di Monza,2021-09-12,vettel,VET,Sebastian Vettel,aston_martin,Aston Martin,11,Back (P11+),11.0,False,12,False,Finished,0.0,False,53,2,22.0,25.542,False,2.0,"HARD,MEDIUM",28.885234899328864,43.52751677852349,33.275838926174494,False
2021,14,Italian Grand Prix,monza,Autodromo Nazionale di Monza,2021-09-12,giovinazzi,GIO,Antonio Giovinazzi,alfa,Alfa Romeo,7,Midfield (P6-P10),10.0,False,13,False,Finished,0.0,False,53,2,1.0,33.8705,False,2.0,"HARD,MEDIUM",28.885234899328864,43.52751677852349,33.275838926174494,False
2021,14,Italian Grand Prix,monza,Autodromo Nazionale di Monza,2021-09-12,kubica,KUB,Robert Kubica,alfa,Alfa Romeo,17,Back (P11+),19.0,False,14,False,Finished,0.0,False,53,1,26.0,24.501,False,2.0,"HARD,MEDIUM",28.885234899328864,43.52751677852349,33.275838926174494,False
2021,14,Italian Grand Prix,monza,Autodromo Nazionale di Monza,2021-09-12,mick_schumacher,MSC,Mick Schumacher,haas,Haas F1 Team,18,Back (P11+),18.0,False,15,False,Finished,0.0,False,53,1,23.0,24.714,False,2.0,"HARD,MEDIUM",28.885234899328864,43.52751677852349,33.275838926174494,False
2021,14,Italian Grand Prix,monza,Autodromo Nazionale di Monza,2021-09-12,mazepin,MAZ,Nikita Mazepin,haas,Haas F1 Team,16,Back (P11+),20.0,False,16,True,Power Unit,0.0,False,41,3,24.0,26.88366666666667,False,3.0,"HARD,MEDIUM,SOFT",28.885234899328864,43.52751677852349,33.275838926174494,False
2021,14,Italian Grand Prix,monza,Autodromo Nazionale di Monza,2021-09-12,hamilton,HAM,Lewis Hamilton,mercedes,Mercedes,4,Top 5 (P4-P5),2.0,False,17,True,Collision,0.0,False,25,1,25.0,25.619,False,1.0,HARD,28.885234899328864,43.52751677852349,33.275838926174494,False
2021,14,Italian Grand Prix,monza,Autodromo Nazionale di Monza,2021-09-12,max_verstappen,VER,Max Verstappen,red_bull,Red Bull,1,Pole (P1),3.0,False,18,True,Collision,0.0,False,25,1,23.0,32.456,False,2.0,"HARD,MEDIUM",28.885234899328864,43.52751677852349,33.275838926174494,False
2021,14,Italian Grand Prix,monza,Autodromo Nazionale di Monza,2021-09-12,gasly,GAS,Pierre Gasly,alphatauri,AlphaTauri,21,Back (P11+),6.0,False,19,True,Suspension,0.0,False,3,0,,,False,1.0,HARD,28.885234899328864,43.52751677852349,33.275838926174494,False
2021,14,Italian Grand Prix,monza,Autodromo Nazionale di Monza,2021-09-12,tsunoda,TSU,Yuki Tsunoda,alphatauri,AlphaTauri,21,Back (P11+),17.0,False,20,True,Brakes,0.0,False,0,0,,,False,,,28.885234899328864,43.52751677852349,33.275838926174494,False
2021,15,Russian Grand Prix,sochi,Sochi Autodrom,2021-09-26,hamilton,HAM,Lewis Hamilton,mercedes,Mercedes,4,Top 5 (P4-P5),4.0,False,1,False,Finished,25.0,True,53,2,26.0,29.9615,False,3.0,"HARD,INTERMEDIATE,MEDIUM",19.13860759493671,21.75696202531645,61.947468354430384,True
2021,15,Russian Grand Prix,sochi,Sochi Autodrom,2021-09-26,max_verstappen,VER,Max Verstappen,red_bull,Red Bull,20,Back (P11+),20.0,False,2,False,Finished,18.0,True,53,2,26.0,30.2975,False,3.0,"HARD,INTERMEDIATE,MEDIUM",19.13860759493671,21.75696202531645,61.947468354430384,True
2021,15,Russian Grand Prix,sochi,Sochi Autodrom,2021-09-26,sainz,SAI,Carlos Sainz,ferrari,Ferrari,2,Front row (P2-P3),2.0,False,3,False,Finished,15.0,True,53,2,14.0,30.695999999999998,False,3.0,"HARD,INTERMEDIATE,MEDIUM",19.13860759493671,21.75696202531645,61.947468354430384,True
2021,15,Russian Grand Prix,sochi,Sochi Autodrom,2021-09-26,ricciardo,RIC,Daniel Ricciardo,mclaren,McLaren,5,Top 5 (P4-P5),5.0,False,4,False,Finished,12.0,True,53,2,22.0,32.3165,False,3.0,"HARD,INTERMEDIATE,MEDIUM",19.13860759493671,21.75696202531645,61.947468354430384,True
2021,15,Russian Grand Prix,sochi,Sochi Autodrom,2021-09-26,bottas,BOT,Valtteri Bottas,mercedes,Mercedes,16,Back (P11+),7.0,False,5,False,Finished,10.0,True,53,2,28.0,29.752499999999998,False,3.0,"HARD,INTERMEDIATE,MEDIUM",19.13860759493671,21.75696202531645,61.947468354430384,True
2021,15,Russian Grand Prix,sochi,Sochi Autodrom,2021-09-26,alonso,ALO,Fernando Alonso,alpine,Alpine F1 Team,6,Midfield (P6-P10),6.0,False,6,False,Finished,8.0,True,53,2,36.0,30.4295,False,3.0,"HARD,INTERMEDIATE,MEDIUM",19.13860759493671,21.75696202531645,61.947468354430384,True
2021,15,Russian Grand Prix,sochi,Sochi Autodrom,2021-09-26,norris,NOR,Lando Norris,mclaren,McLaren,1,Pole (P1),1.0,False,7,False,Finished,7.0,True,53,2,28.0,31.247,False,3.0,"HARD,INTERMEDIATE,MEDIUM",19.13860759493671,21.75696202531645,61.947468354430384,True
2021,15,Russian Grand Prix,sochi,Sochi Autodrom,2021-09-26,raikkonen,RAI,Kimi Räikkönen,alfa,Alfa Romeo,13,Back (P11+),16.0,False,8,False,Finished,4.0,True,53,2,15.0,30.116500000000002,False,3.0,"HARD,INTERMEDIATE,MEDIUM",19.13860759493671,21.75696202531645,61.947468354430384,True
2021,15,Russian Grand Prix,sochi,Sochi Autodrom,2021-09-26,perez,PER,Sergio Pérez,red_bull,Red Bull,8,Midfield (P6-P10),9.0,False,9,False,Finished,2.0,True,53,2,36.0,34.1695,False,3.0,"HARD,INTERMEDIATE,MEDIUM",19.13860759493671,21.75696202531645,61.947468354430384,True
2021,15,Russian Grand Prix,sochi,Sochi Autodrom,2021-09-26,russell,RUS,George Russell,williams,Williams,3,Front row (P2-P3),3.0,False,10,False,Finished,1.0,True,53,2,13.0,31.373,False,3.0,"HARD,INTERMEDIATE,MEDIUM",19.13860759493671,21.75696202531645,61.947468354430384,True
2021,15,Russian Grand Prix,sochi,Sochi Autodrom,2021-09-26,stroll,STR,Lance Stroll,aston_martin,Aston Martin,7,Midfield (P6-P10),8.0,False,11,False,Finished,0.0,False,53,2,12.0,36.682500000000005,False,3.0,"HARD,INTERMEDIATE,MEDIUM",19.13860759493671,21.75696202531645,61.947468354430384,True
2021,15,Russian Grand Prix,sochi,Sochi Autodrom,2021-09-26,vettel,VET,Sebastian Vettel,aston_martin,Aston Martin,10,Midfield (P6-P10),11.0,False,12,False,+1 Lap,0.0,False,52,2,26.0,30.685000000000002,False,3.0,"HARD,INTERMEDIATE,MEDIUM",19.13860759493671,21.75696202531645,61.947468354430384,True
2021,15,Russian Grand Prix,sochi,Sochi Autodrom,2021-09-26,gasly,GAS,Pierre Gasly,alphatauri,AlphaTauri,11,Back (P11+),12.0,False,13,False,+1 Lap,0.0,False,52,2,33.0,30.6345,False,3.0,"HARD,INTERMEDIATE,MEDIUM",19.13860759493671,21.75696202531645,61.947468354430384,True
2021,15,Russian Grand Prix,sochi,Sochi Autodrom,2021-09-26,ocon,OCO,Esteban Ocon,alpine,Alpine F1 Team,9,Midfield (P6-P10),10.0,False,14,False,+1 Lap,0.0,False,52,2,15.0,31.582500000000003,False,3.0,"HARD,INTERMEDIATE,MEDIUM",19.13860759493671,21.75696202531645,61.947468354430384,True
2021,15,Russian Grand Prix,sochi,Sochi Autodrom,2021-09-26,leclerc,LEC,Charles Leclerc,ferrari,Ferrari,19,Back (P11+),15.0,False,15,False,+1 Lap,0.0,False,52,2,35.0,32.2485,False,3.0,"HARD,INTERMEDIATE,MEDIUM",19.13860759493671,21.75696202531645,61.947468354430384,True
2021,15,Russian Grand Prix,sochi,Sochi Autodrom,2021-09-26,giovinazzi,GIO,Antonio Giovinazzi,alfa,Alfa Romeo,17,Back (P11+),18.0,False,16,False,+1 Lap,0.0,False,52,2,36.0,32.021,False,3.0,"HARD,INTERMEDIATE,MEDIUM",19.13860759493671,21.75696202531645,61.947468354430384,True
2021,15,Russian Grand Prix,sochi,Sochi Autodrom,2021-09-26,tsunoda,TSU,Yuki Tsunoda,alphatauri,AlphaTauri,12,Back (P11+),13.0,False,17,False,+1 Lap,0.0,False,52,3,13.0,30.688,False,4.0,"HARD,INTERMEDIATE,MEDIUM,SOFT",19.13860759493671,21.75696202531645,61.947468354430384,True
2021,15,Russian Grand Prix,sochi,Sochi Autodrom,2021-09-26,mazepin,MAZ,Nikita Mazepin,haas,Haas F1 Team,15,Back (P11+),19.0,False,18,False,+2 Laps,0.0,False,51,2,14.0,32.028999999999996,False,3.0,"HARD,INTERMEDIATE,MEDIUM",19.13860759493671,21.75696202531645,61.947468354430384,True
2021,15,Russian Grand Prix,sochi,Sochi Autodrom,2021-09-26,latifi,LAT,Nicholas Latifi,williams,Williams,18,Back (P11+),14.0,False,19,True,Accident,0.0,False,47,1,13.0,30.056,False,2.0,"HARD,MEDIUM",19.13860759493671,21.75696202531645,61.947468354430384,True
2021,15,Russian Grand Prix,sochi,Sochi Autodrom,2021-09-26,mick_schumacher,MSC,Mick Schumacher,haas,Haas F1 Team,14,Back (P11+),17.0,False,20,True,Oil leak,0.0,False,32,1,20.0,29.996,False,2.0,"HARD,MEDIUM",19.13860759493671,21.75696202531645,61.947468354430384,True
2021,16,Turkish Grand Prix,istanbul,Istanbul Park,2021-10-10,bottas,BOT,Valtteri Bottas,mercedes,Mercedes,1,Pole (P1),2.0,False,1,False,Finished,26.0,True,58,1,37.0,22.962,False,1.0,INTERMEDIATE,15.82547770700637,18.18089171974522,93.5248407643312,False
2021,16,Turkish Grand Prix,istanbul,Istanbul Park,2021-10-10,max_verstappen,VER,Max Verstappen,red_bull,Red Bull,2,Front row (P2-P3),3.0,False,2,False,Finished,18.0,True,58,1,36.0,22.442,False,1.0,INTERMEDIATE,15.82547770700637,18.18089171974522,93.5248407643312,False
2021,16,Turkish Grand Prix,istanbul,Istanbul Park,2021-10-10,perez,PER,Sergio Pérez,red_bull,Red Bull,6,Midfield (P6-P10),7.0,False,3,False,Finished,15.0,True,58,1,37.0,22.463,False,1.0,INTERMEDIATE,15.82547770700637,18.18089171974522,93.5248407643312,False
2021,16,Turkish Grand Prix,istanbul,Istanbul Park,2021-10-10,leclerc,LEC,Charles Leclerc,ferrari,Ferrari,3,Front row (P2-P3),4.0,False,4,False,Finished,12.0,True,58,1,47.0,23.646,False,1.0,INTERMEDIATE,15.82547770700637,18.18089171974522,93.5248407643312,False
2021,16,Turkish Grand Prix,istanbul,Istanbul Park,2021-10-10,hamilton,HAM,Lewis Hamilton,mercedes,Mercedes,11,Back (P11+),1.0,False,5,False,Finished,10.0,True,58,1,50.0,22.684,False,1.0,INTERMEDIATE,15.82547770700637,18.18089171974522,93.5248407643312,False
2021,16,Turkish Grand Prix,istanbul,Istanbul Park,2021-10-10,gasly,GAS,Pierre Gasly,alphatauri,AlphaTauri,4,Top 5 (P4-P5),5.0,False,6,False,Finished,8.0,True,58,1,39.0,29.31,False,1.0,INTERMEDIATE,15.82547770700637,18.18089171974522,93.5248407643312,False
2021,16,Turkish Grand Prix,istanbul,Istanbul Park,2021-10-10,norris,NOR,Lando Norris,mclaren,McLaren,7,Midfield (P6-P10),8.0,False,7,False,Finished,6.0,True,58,1,34.0,23.239,False,1.0,INTERMEDIATE,15.82547770700637,18.18089171974522,93.5248407643312,False
2021,16,Turkish Grand Prix,istanbul,Istanbul Park,2021-10-10,sainz,SAI,Carlos Sainz,ferrari,Ferrari,19,Back (P11+),15.0,False,8,False,Finished,4.0,True,58,1,36.0,28.353,False,1.0,INTERMEDIATE,15.82547770700637,18.18089171974522,93.5248407643312,False
2021,16,Turkish Grand Prix,istanbul,Istanbul Park,2021-10-10,stroll,STR,Lance Stroll,aston_martin,Aston Martin,8,Midfield (P6-P10),9.0,False,9,False,Finished,2.0,True,58,1,39.0,35.509,False,1.0,INTERMEDIATE,15.82547770700637,18.18089171974522,93.5248407643312,False
2021,16,Turkish Grand Prix,istanbul,Istanbul Park,2021-10-10,ocon,OCO,Esteban Ocon,alpine,Alpine F1 Team,12,Back (P11+),12.0,False,10,False,+1 Lap,1.0,True,57,0,,,False,1.0,INTERMEDIATE,15.82547770700637,18.18089171974522,93.5248407643312,False
2021,16,Turkish Grand Prix,istanbul,Istanbul Park,2021-10-10,giovinazzi,GIO,Antonio Giovinazzi,alfa,Alfa Romeo,16,Back (P11+),18.0,False,11,False,+1 Lap,0.0,False,57,1,40.0,23.15,False,1.0,INTERMEDIATE,15.82547770700637,18.18089171974522,93.5248407643312,False
2021,16,Turkish Grand Prix,istanbul,Istanbul Park,2021-10-10,raikkonen,RAI,Kimi Räikkönen,alfa,Alfa Romeo,17,Back (P11+),19.0,False,12,False,+1 Lap,0.0,False,57,1,37.0,23.164,False,1.0,INTERMEDIATE,15.82547770700637,18.18089171974522,93.5248407643312,False
2021,16,Turkish Grand Prix,istanbul,Istanbul Park,2021-10-10,ricciardo,RIC,Daniel Ricciardo,mclaren,McLaren,20,Back (P11+),16.0,False,13,False,+1 Lap,0.0,False,57,1,21.0,23.028,False,1.0,INTERMEDIATE,15.82547770700637,18.18089171974522,93.5248407643312,False
2021,16,Turkish Grand Prix,istanbul,Istanbul Park,2021-10-10,tsunoda,TSU,Yuki Tsunoda,alphatauri,AlphaTauri,9,Midfield (P6-P10),10.0,False,14,False,+1 Lap,0.0,False,57,1,35.0,23.329,False,1.0,INTERMEDIATE,15.82547770700637,18.18089171974522,93.5248407643312,False
2021,16,Turkish Grand Prix,istanbul,Istanbul Park,2021-10-10,russell,RUS,George Russell,williams,Williams,13,Back (P11+),13.0,False,15,False,+1 Lap,0.0,False,57,1,35.0,23.551,False,1.0,INTERMEDIATE,15.82547770700637,18.18089171974522,93.5248407643312,False
2021,16,Turkish Grand Prix,istanbul,Istanbul Park,2021-10-10,alonso,ALO,Fernando Alonso,alpine,Alpine F1 Team,5,Top 5 (P4-P5),6.0,False,16,False,+1 Lap,0.0,False,57,1,30.0,29.116,False,1.0,INTERMEDIATE,15.82547770700637,18.18089171974522,93.5248407643312,False
2021,16,Turkish Grand Prix,istanbul,Istanbul Park,2021-10-10,latifi,LAT,Nicholas Latifi,williams,Williams,15,Back (P11+),17.0,False,17,False,+1 Lap,0.0,False,57,1,34.0,24.104,False,1.0,INTERMEDIATE,15.82547770700637,18.18089171974522,93.5248407643312,False
2021,16,Turkish Grand Prix,istanbul,Istanbul Park,2021-10-10,vettel,VET,Sebastian Vettel,aston_martin,Aston Martin,10,Midfield (P6-P10),11.0,False,18,False,+1 Lap,0.0,False,57,2,36.0,23.506999999999998,False,2.0,"INTERMEDIATE,MEDIUM",15.82547770700637,18.18089171974522,93.5248407643312,False
2021,16,Turkish Grand Prix,istanbul,Istanbul Park,2021-10-10,mick_schumacher,MSC,Mick Schumacher,haas,Haas F1 Team,14,Back (P11+),14.0,False,19,False,+2 Laps,0.0,False,56,1,39.0,23.892,False,1.0,INTERMEDIATE,15.82547770700637,18.18089171974522,93.5248407643312,False
2021,16,Turkish Grand Prix,istanbul,Istanbul Park,2021-10-10,mazepin,MAZ,Nikita Mazepin,haas,Haas F1 Team,18,Back (P11+),20.0,False,20,False,+2 Laps,0.0,False,56,1,35.0,23.829,False,1.0,INTERMEDIATE,15.82547770700637,18.18089171974522,93.5248407643312,False
2021,17,United States Grand Prix,americas,Circuit of the Americas,2021-10-24,max_verstappen,VER,Max Verstappen,red_bull,Red Bull,1,Pole (P1),1.0,False,1,False,Finished,25.0,True,56,2,10.0,23.889499999999998,False,2.0,"HARD,MEDIUM",28.148447204968942,37.47080745341616,61.192546583850934,False
2021,17,United States Grand Prix,americas,Circuit of the Americas,2021-10-24,hamilton,HAM,Lewis Hamilton,mercedes,Mercedes,2,Front row (P2-P3),2.0,False,2,False,Finished,19.0,True,56,2,13.0,24.0785,False,2.0,"HARD,MEDIUM",28.148447204968942,37.47080745341616,61.192546583850934,False
2021,17,United States Grand Prix,americas,Circuit of the Americas,2021-10-24,perez,PER,Sergio Pérez,red_bull,Red Bull,3,Front row (P2-P3),3.0,False,3,False,Finished,15.0,True,56,2,12.0,24.311,False,2.0,"HARD,MEDIUM",28.148447204968942,37.47080745341616,61.192546583850934,False
2021,17,United States Grand Prix,americas,Circuit of the Americas,2021-10-24,leclerc,LEC,Charles Leclerc,ferrari,Ferrari,4,Top 5 (P4-P5),5.0,False,4,False,Finished,12.0,True,56,2,12.0,23.908,False,2.0,"HARD,MEDIUM",28.148447204968942,37.47080745341616,61.192546583850934,False
2021,17,United States Grand Prix,americas,Circuit of the Americas,2021-10-24,ricciardo,RIC,Daniel Ricciardo,mclaren,McLaren,6,Midfield (P6-P10),7.0,False,5,False,Finished,10.0,True,56,2,11.0,24.106,False,2.0,"HARD,MEDIUM",28.148447204968942,37.47080745341616,61.192546583850934,False
2021,17,United States Grand Prix,americas,Circuit of the Americas,2021-10-24,bottas,BOT,Valtteri Bottas,mercedes,Mercedes,9,Midfield (P6-P10),4.0,False,6,False,Finished,8.0,True,56,2,15.0,24.0315,False,2.0,"HARD,MEDIUM",28.148447204968942,37.47080745341616,61.192546583850934,False
2021,17,United States Grand Prix,americas,Circuit of the Americas,2021-10-24,sainz,SAI,Carlos Sainz,ferrari,Ferrari,5,Top 5 (P4-P5),6.0,False,7,False,Finished,6.0,True,56,2,11.0,25.14,False,2.0,"HARD,SOFT",28.148447204968942,37.47080745341616,61.192546583850934,False
2021,17,United States Grand Prix,americas,Circuit of the Americas,2021-10-24,norris,NOR,Lando Norris,mclaren,McLaren,7,Midfield (P6-P10),8.0,False,8,False,Finished,4.0,True,56,2,10.0,24.9665,False,2.0,"HARD,MEDIUM",28.148447204968942,37.47080745341616,61.192546583850934,False
2021,17,United States Grand Prix,americas,Circuit of the Americas,2021-10-24,tsunoda,TSU,Yuki Tsunoda,alphatauri,AlphaTauri,10,Midfield (P6-P10),10.0,False,9,False,+1 Lap,2.0,True,55,2,9.0,23.6655,False,2.0,"HARD,SOFT",28.148447204968942,37.47080745341616,61.192546583850934,False
2021,17,United States Grand Prix,americas,Circuit of the Americas,2021-10-24,vettel,VET,Sebastian Vettel,aston_martin,Aston Martin,18,Back (P11+),12.0,False,10,False,+1 Lap,1.0,True,55,2,17.0,24.413,False,2.0,"HARD,MEDIUM",28.148447204968942,37.47080745341616,61.192546583850934,False
2021,17,United States Grand Prix,americas,Circuit of the Americas,2021-10-24,giovinazzi,GIO,Antonio Giovinazzi,alfa,Alfa Romeo,12,Back (P11+),13.0,False,11,False,+1 Lap,0.0,False,55,2,8.0,23.7475,False,2.0,"HARD,MEDIUM",28.148447204968942,37.47080745341616,61.192546583850934,False
2021,17,United States Grand Prix,americas,Circuit of the Americas,2021-10-24,stroll,STR,Lance Stroll,aston_martin,Aston Martin,13,Back (P11+),16.0,False,12,False,+1 Lap,0.0,False,55,2,18.0,23.641,False,2.0,"HARD,MEDIUM",28.148447204968942,37.47080745341616,61.192546583850934,False
2021,17,United States Grand Prix,americas,Circuit of the Americas,2021-10-24,raikkonen,RAI,Kimi Räikkönen,alfa,Alfa Romeo,15,Back (P11+),18.0,False,13,False,+1 Lap,0.0,False,55,2,12.0,24.1405,False,2.0,"HARD,MEDIUM",28.148447204968942,37.47080745341616,61.192546583850934,False
2021,17,United States Grand Prix,americas,Circuit of the Americas,2021-10-24,russell,RUS,George Russell,williams,Williams,20,Back (P11+),15.0,False,14,False,+1 Lap,0.0,False,55,2,9.0,24.276,False,2.0,"HARD,MEDIUM",28.148447204968942,37.47080745341616,61.192546583850934,False
2021,17,United States Grand Prix,americas,Circuit of the Americas,2021-10-24,latifi,LAT,Nicholas Latifi,williams,Williams,14,Back (P11+),17.0,False,15,False,+1 Lap,0.0,False,55,2,5.0,28.1315,False,2.0,"HARD,MEDIUM",28.148447204968942,37.47080745341616,61.192546583850934,False
2021,17,United States Grand Prix,americas,Circuit of the Americas,2021-10-24,mick_schumacher,MSC,Mick Schumacher,haas,Haas F1 Team,16,Back (P11+),19.0,False,16,False,+2 Laps,0.0,False,54,2,11.0,24.27,False,2.0,"HARD,MEDIUM",28.148447204968942,37.47080745341616,61.192546583850934,False
2021,17,United States Grand Prix,americas,Circuit of the Americas,2021-10-24,mazepin,MAZ,Nikita Mazepin,haas,Haas F1 Team,17,Back (P11+),20.0,False,17,False,+2 Laps,0.0,False,54,3,1.0,26.484333333333336,False,2.0,"HARD,MEDIUM",28.148447204968942,37.47080745341616,61.192546583850934,False
2021,17,United States Grand Prix,americas,Circuit of the Americas,2021-10-24,alonso,ALO,Fernando Alonso,alpine,Alpine F1 Team,19,Back (P11+),14.0,False,18,True,Rear wing,0.0,False,49,3,7.0,23.578000000000003,False,2.0,"HARD,MEDIUM",28.148447204968942,37.47080745341616,61.192546583850934,False
2021,17,United States Grand Prix,americas,Circuit of the Americas,2021-10-24,ocon,OCO,Esteban Ocon,alpine,Alpine F1 Team,11,Back (P11+),11.0,False,19,True,Mechanical,0.0,False,40,2,3.0,32.3595,False,2.0,"HARD,MEDIUM",28.148447204968942,37.47080745341616,61.192546583850934,False
2021,17,United States Grand Prix,americas,Circuit of the Americas,2021-10-24,gasly,GAS,Pierre Gasly,alphatauri,AlphaTauri,8,Midfield (P6-P10),9.0,False,20,True,Suspension,0.0,False,14,1,10.0,23.745,False,2.0,"HARD,MEDIUM",28.148447204968942,37.47080745341616,61.192546583850934,False
2021,18,Mexico City Grand Prix,rodriguez,Autódromo Hermanos Rodríguez,2021-11-07,max_verstappen,VER,Max Verstappen,red_bull,Red Bull,3,Front row (P2-P3),3.0,False,1,False,Finished,25.0,True,71,1,33.0,21.908,False,2.0,"HARD,MEDIUM",21.206707317073167,47.579268292682926,31.2109756097561,False
2021,18,Mexico City Grand Prix,rodriguez,Autódromo Hermanos Rodríguez,2021-11-07,hamilton,HAM,Lewis Hamilton,mercedes,Mercedes,2,Front row (P2-P3),2.0,False,2,False,Finished,18.0,True,71,1,29.0,22.373,False,2.0,"HARD,MEDIUM",21.206707317073167,47.579268292682926,31.2109756097561,False
2021,18,Mexico City Grand Prix,rodriguez,Autódromo Hermanos Rodríguez,2021-11-07,perez,PER,Sergio Pérez,red_bull,Red Bull,4,Top 5 (P4-P5),4.0,False,3,False,Finished,15.0,True,71,1,40.0,22.114,False,2.0,"HARD,MEDIUM",21.206707317073167,47.579268292682926,31.2109756097561,False
2021,18,Mexico City Grand Prix,rodriguez,Autódromo Hermanos Rodríguez,2021-11-07,gasly,GAS,Pierre Gasly,alphatauri,AlphaTauri,5,Top 5 (P4-P5),5.0,False,4,False,Finished,12.0,True,71,1,31.0,22.549,False,2.0,"HARD,MEDIUM",21.206707317073167,47.579268292682926,31.2109756097561,False
2021,18,Mexico City Grand Prix,rodriguez,Autódromo Hermanos Rodríguez,2021-11-07,leclerc,LEC,Charles Leclerc,ferrari,Ferrari,8,Midfield (P6-P10),8.0,False,5,False,Finished,10.0,True,71,1,30.0,22.085,False,2.0,"HARD,MEDIUM",21.206707317073167,47.579268292682926,31.2109756097561,False
2021,18,Mexico City Grand Prix,rodriguez,Autódromo Hermanos Rodríguez,2021-11-07,sainz,SAI,Carlos Sainz,ferrari,Ferrari,6,Midfield (P6-P10),6.0,False,6,False,+1 Lap,8.0,True,70,1,42.0,22.031,False,2.0,"HARD,MEDIUM",21.206707317073167,47.579268292682926,31.2109756097561,False
2021,18,Mexico City Grand Prix,rodriguez,Autódromo Hermanos Rodríguez,2021-11-07,vettel,VET,Sebastian Vettel,aston_martin,Aston Martin,9,Midfield (P6-P10),11.0,False,7,False,+1 Lap,6.0,True,70,1,33.0,22.277,False,2.0,"HARD,MEDIUM",21.206707317073167,47.579268292682926,31.2109756097561,False
2021,18,Mexico City Grand Prix,rodriguez,Autódromo Hermanos Rodríguez,2021-11-07,raikkonen,RAI,Kimi Räikkönen,alfa,Alfa Romeo,10,Midfield (P6-P10),12.0,False,8,False,+1 Lap,4.0,True,70,1,32.0,22.424,False,2.0,"HARD,MEDIUM",21.206707317073167,47.579268292682926,31.2109756097561,False
2021,18,Mexico City Grand Prix,rodriguez,Autódromo Hermanos Rodríguez,2021-11-07,alonso,ALO,Fernando Alonso,alpine,Alpine F1 Team,12,Back (P11+),16.0,False,9,False,+1 Lap,2.0,True,70,1,39.0,23.985,False,2.0,"HARD,MEDIUM",21.206707317073167,47.579268292682926,31.2109756097561,False
2021,18,Mexico City Grand Prix,rodriguez,Autódromo Hermanos Rodríguez,2021-11-07,norris,NOR,Lando Norris,mclaren,McLaren,18,Back (P11+),10.0,False,10,False,+1 Lap,1.0,True,70,1,44.0,22.534,False,2.0,"HARD,MEDIUM",21.206707317073167,47.579268292682926,31.2109756097561,False
2021,18,Mexico City Grand Prix,rodriguez,Autódromo Hermanos Rodríguez,2021-11-07,giovinazzi,GIO,Antonio Giovinazzi,alfa,Alfa Romeo,11,Back (P11+),14.0,False,11,False,+1 Lap,0.0,False,70,1,16.0,22.205,False,2.0,"HARD,MEDIUM",21.206707317073167,47.579268292682926,31.2109756097561,False
2021,18,Mexico City Grand Prix,rodriguez,Autódromo Hermanos Rodríguez,2021-11-07,ricciardo,RIC,Daniel Ricciardo,mclaren,McLaren,7,Midfield (P6-P10),7.0,False,12,False,+1 Lap,0.0,False,70,2,1.0,30.4705,False,2.0,"HARD,MEDIUM",21.206707317073167,47.579268292682926,31.2109756097561,False
2021,18,Mexico City Grand Prix,rodriguez,Autódromo Hermanos Rodríguez,2021-11-07,ocon,OCO,Esteban Ocon,alpine,Alpine F1 Team,19,Back (P11+),15.0,False,13,False,+1 Lap,0.0,False,70,1,14.0,23.1,False,2.0,"HARD,SOFT",21.206707317073167,47.579268292682926,31.2109756097561,False
2021,18,Mexico City Grand Prix,rodriguez,Autódromo Hermanos Rodríguez,2021-11-07,stroll,STR,Lance Stroll,aston_martin,Aston Martin,20,Back (P11+),20.0,False,14,False,+2 Laps,0.0,False,69,2,12.0,24.820999999999998,False,2.0,"HARD,MEDIUM",21.206707317073167,47.579268292682926,31.2109756097561,False
2021,18,Mexico City Grand Prix,rodriguez,Autódromo Hermanos Rodríguez,2021-11-07,bottas,BOT,Valtteri Bottas,mercedes,Mercedes,1,Pole (P1),1.0,False,15,False,+2 Laps,0.0,False,69,4,1.0,25.8125,False,3.0,"HARD,MEDIUM,SOFT",21.206707317073167,47.579268292682926,31.2109756097561,False
2021,18,Mexico City Grand Prix,rodriguez,Autódromo Hermanos Rodríguez,2021-11-07,russell,RUS,George Russell,williams,Williams,16,Back (P11+),13.0,False,16,False,+2 Laps,0.0,False,69,1,15.0,21.984,False,2.0,"HARD,MEDIUM",21.206707317073167,47.579268292682926,31.2109756097561,False
2021,18,Mexico City Grand Prix,rodriguez,Autódromo Hermanos Rodríguez,2021-11-07,latifi,LAT,Nicholas Latifi,williams,Williams,13,Back (P11+),17.0,False,17,False,+2 Laps,0.0,False,69,2,11.0,23.21,False,2.0,"HARD,MEDIUM",21.206707317073167,47.579268292682926,31.2109756097561,False
2021,18,Mexico City Grand Prix,rodriguez,Autódromo Hermanos Rodríguez,2021-11-07,mazepin,MAZ,Nikita Mazepin,haas,Haas F1 Team,15,Back (P11+),19.0,False,18,False,+3 Laps,0.0,False,68,2,13.0,24.3655,False,2.0,"HARD,MEDIUM",21.206707317073167,47.579268292682926,31.2109756097561,False
2021,18,Mexico City Grand Prix,rodriguez,Autódromo Hermanos Rodríguez,2021-11-07,mick_schumacher,MSC,Mick Schumacher,haas,Haas F1 Team,14,Back (P11+),18.0,False,19,True,Collision,0.0,False,0,0,,,False,1.0,MEDIUM,21.206707317073167,47.579268292682926,31.2109756097561,False
2021,18,Mexico City Grand Prix,rodriguez,Autódromo Hermanos Rodríguez,2021-11-07,tsunoda,TSU,Yuki Tsunoda,alphatauri,AlphaTauri,17,Back (P11+),9.0,False,20,True,Collision,0.0,False,0,0,,,False,1.0,SOFT,21.206707317073167,47.579268292682926,31.2109756097561,False
2021,19,São Paulo Grand Prix,interlagos,Autódromo José Carlos Pace,2021-11-14,hamilton,HAM,Lewis Hamilton,mercedes,Mercedes,10,Midfield (P6-P10),1.0,False,1,False,Finished,25.0,True,71,4,7.0,20.481,False,2.0,"HARD,MEDIUM",23.1373417721519,51.56139240506329,60.10126582278481,False
2021,19,São Paulo Grand Prix,interlagos,Autódromo José Carlos Pace,2021-11-14,max_verstappen,VER,Max Verstappen,red_bull,Red Bull,2,Front row (P2-P3),2.0,False,2,False,Finished,18.0,True,71,4,7.0,20.30275,False,2.0,"HARD,MEDIUM",23.1373417721519,51.56139240506329,60.10126582278481,False
2021,19,São Paulo Grand Prix,interlagos,Autódromo José Carlos Pace,2021-11-14,bottas,BOT,Valtteri Bottas,mercedes,Mercedes,1,Pole (P1),3.0,False,3,False,Finished,15.0,True,71,4,7.0,20.463750000000005,False,2.0,"HARD,MEDIUM",23.1373417721519,51.56139240506329,60.10126582278481,False
2021,19,São Paulo Grand Prix,interlagos,Autódromo José Carlos Pace,2021-11-14,perez,PER,Sergio Pérez,red_bull,Red Bull,4,Top 5 (P4-P5),4.0,False,4,False,Finished,13.0,True,71,5,7.0,21.0362,False,3.0,"HARD,MEDIUM,SOFT",23.1373417721519,51.56139240506329,60.10126582278481,False
2021,19,São Paulo Grand Prix,interlagos,Autódromo José Carlos Pace,2021-11-14,leclerc,LEC,Charles Leclerc,ferrari,Ferrari,6,Midfield (P6-P10),7.0,False,5,False,Finished,10.0,True,71,4,7.0,20.36125,False,2.0,"HARD,MEDIUM",23.1373417721519,51.56139240506329,60.10126582278481,False
2021,19,São Paulo Grand Prix,interlagos,Autódromo José Carlos Pace,2021-11-14,sainz,SAI,Carlos Sainz,ferrari,Ferrari,3,Front row (P2-P3),6.0,False,6,False,Finished,8.0,True,71,4,7.0,20.72475,False,2.0,"HARD,MEDIUM",23.1373417721519,51.56139240506329,60.10126582278481,False
2021,19,São Paulo Grand Prix,interlagos,Autódromo José Carlos Pace,2021-11-14,gasly,GAS,Pierre Gasly,alphatauri,AlphaTauri,7,Midfield (P6-P10),5.0,False,7,False,+1 Lap,6.0,True,70,4,7.0,21.0505,False,2.0,"HARD,MEDIUM",23.1373417721519,51.56139240506329,60.10126582278481,False
2021,19,São Paulo Grand Prix,interlagos,Autódromo José Carlos Pace,2021-11-14,ocon,OCO,Esteban Ocon,alpine,Alpine F1 Team,8,Midfield (P6-P10),11.0,False,8,False,+1 Lap,4.0,True,70,3,7.0,20.202333333333332,False,2.0,"HARD,MEDIUM",23.1373417721519,51.56139240506329,60.10126582278481,False
2021,19,São Paulo Grand Prix,interlagos,Autódromo José Carlos Pace,2021-11-14,alonso,ALO,Fernando Alonso,alpine,Alpine F1 Team,12,Back (P11+),10.0,False,9,False,+1 Lap,2.0,True,70,3,7.0,19.94366666666667,False,2.0,"HARD,MEDIUM",23.1373417721519,51.56139240506329,60.10126582278481,False
2021,19,São Paulo Grand Prix,interlagos,Autódromo José Carlos Pace,2021-11-14,norris,NOR,Lando Norris,mclaren,McLaren,5,Top 5 (P4-P5),8.0,False,10,False,+1 Lap,1.0,True,70,5,1.0,21.2184,False,2.0,"HARD,MEDIUM",23.1373417721519,51.56139240506329,60.10126582278481,False
2021,19,São Paulo Grand Prix,interlagos,Autódromo José Carlos Pace,2021-11-14,vettel,VET,Sebastian Vettel,aston_martin,Aston Martin,9,Midfield (P6-P10),12.0,False,11,False,+1 Lap,0.0,False,70,4,7.0,20.86125,False,2.0,"HARD,MEDIUM",23.1373417721519,51.56139240506329,60.10126582278481,False
2021,19,São Paulo Grand Prix,interlagos,Autódromo José Carlos Pace,2021-11-14,raikkonen,RAI,Kimi Räikkönen,alfa,Alfa Romeo,21,Back (P11+),14.0,False,12,False,+1 Lap,0.0,False,70,4,7.0,20.82425,False,2.0,"HARD,MEDIUM",23.1373417721519,51.56139240506329,60.10126582278481,False
2021,19,São Paulo Grand Prix,interlagos,Autódromo José Carlos Pace,2021-11-14,russell,RUS,George Russell,williams,Williams,17,Back (P11+),18.0,False,13,False,+1 Lap,0.0,False,70,4,6.0,21.283250000000002,False,2.0,"HARD,MEDIUM",23.1373417721519,51.56139240506329,60.10126582278481,False
2021,19,São Paulo Grand Prix,interlagos,Autódromo José Carlos Pace,2021-11-14,giovinazzi,GIO,Antonio Giovinazzi,alfa,Alfa Romeo,13,Back (P11+),15.0,False,14,False,+1 Lap,0.0,False,70,4,7.0,20.522499999999997,False,2.0,"HARD,MEDIUM",23.1373417721519,51.56139240506329,60.10126582278481,False
2021,19,São Paulo Grand Prix,interlagos,Autódromo José Carlos Pace,2021-11-14,tsunoda,TSU,Yuki Tsunoda,alphatauri,AlphaTauri,15,Back (P11+),13.0,False,15,False,+1 Lap,0.0,False,70,5,4.0,24.264599999999998,False,2.0,"HARD,SOFT",23.1373417721519,51.56139240506329,60.10126582278481,False
2021,19,São Paulo Grand Prix,interlagos,Autódromo José Carlos Pace,2021-11-14,latifi,LAT,Nicholas Latifi,williams,Williams,16,Back (P11+),17.0,False,16,False,+1 Lap,0.0,False,70,4,7.0,20.707749999999997,False,2.0,"HARD,MEDIUM",23.1373417721519,51.56139240506329,60.10126582278481,False
2021,19,São Paulo Grand Prix,interlagos,Autódromo José Carlos Pace,2021-11-14,mazepin,MAZ,Nikita Mazepin,haas,Haas F1 Team,19,Back (P11+),20.0,False,17,False,+2 Laps,0.0,False,69,3,7.0,20.002666666666666,False,2.0,"HARD,MEDIUM",23.1373417721519,51.56139240506329,60.10126582278481,False
2021,19,São Paulo Grand Prix,interlagos,Autódromo José Carlos Pace,2021-11-14,mick_schumacher,MSC,Mick Schumacher,haas,Haas F1 Team,18,Back (P11+),19.0,False,18,False,+2 Laps,0.0,False,69,5,7.0,25.5692,False,2.0,"HARD,MEDIUM",23.1373417721519,51.56139240506329,60.10126582278481,False
2021,19,São Paulo Grand Prix,interlagos,Autódromo José Carlos Pace,2021-11-14,ricciardo,RIC,Daniel Ricciardo,mclaren,McLaren,11,Back (P11+),9.0,False,19,True,Power loss,0.0,False,49,3,7.0,20.306,False,2.0,"HARD,MEDIUM",23.1373417721519,51.56139240506329,60.10126582278481,False
2021,19,São Paulo Grand Prix,interlagos,Autódromo José Carlos Pace,2021-11-14,stroll,STR,Lance Stroll,aston_martin,Aston Martin,14,Back (P11+),16.0,False,20,True,Collision damage,0.0,False,47,3,7.0,20.293333333333333,False,2.0,"HARD,MEDIUM",23.1373417721519,51.56139240506329,60.10126582278481,False
2021,20,Qatar Grand Prix,losail,Lusail International Circuit,2021-11-21,hamilton,HAM,Lewis Hamilton,mercedes,Mercedes,1,Pole (P1),1.0,False,1,False,Finished,25.0,True,57,2,18.0,25.308,False,2.0,"HARD,MEDIUM",26.41513157894737,30.60328947368421,75.54013157894737,True
2021,20,Qatar Grand Prix,losail,Lusail International Circuit,2021-11-21,max_verstappen,VER,Max Verstappen,red_bull,Red Bull,7,Midfield (P6-P10),2.0,False,2,False,Finished,19.0,True,57,3,17.0,25.313333333333333,False,3.0,"HARD,MEDIUM,SOFT",26.41513157894737,30.60328947368421,75.54013157894737,True
2021,20,Qatar Grand Prix,losail,Lusail International Circuit,2021-11-21,alonso,ALO,Fernando Alonso,alpine,Alpine F1 Team,3,Front row (P2-P3),5.0,False,3,False,Finished,15.0,True,57,1,23.0,25.991,False,2.0,"HARD,SOFT",26.41513157894737,30.60328947368421,75.54013157894737,True
2021,20,Qatar Grand Prix,losail,Lusail International Circuit,2021-11-21,perez,PER,Sergio Pérez,red_bull,Red Bull,11,Back (P11+),11.0,False,4,False,Finished,12.0,True,57,2,19.0,25.4195,False,2.0,"HARD,MEDIUM",26.41513157894737,30.60328947368421,75.54013157894737,True
2021,20,Qatar Grand Prix,losail,Lusail International Circuit,2021-11-21,ocon,OCO,Esteban Ocon,alpine,Alpine F1 Team,9,Midfield (P6-P10),9.0,False,5,False,Finished,10.0,True,57,1,24.0,25.517,False,2.0,"HARD,SOFT",26.41513157894737,30.60328947368421,75.54013157894737,True
2021,20,Qatar Grand Prix,losail,Lusail International Circuit,2021-11-21,stroll,STR,Lance Stroll,aston_martin,Aston Martin,12,Back (P11+),12.0,False,6,False,Finished,8.0,True,57,1,23.0,26.157,False,2.0,"HARD,MEDIUM",26.41513157894737,30.60328947368421,75.54013157894737,True
2021,20,Qatar Grand Prix,losail,Lusail International Circuit,2021-11-21,sainz,SAI,Carlos Sainz,ferrari,Ferrari,5,Top 5 (P4-P5),7.0,False,7,False,Finished,6.0,True,57,1,27.0,25.639,False,2.0,"HARD,MEDIUM",26.41513157894737,30.60328947368421,75.54013157894737,True
2021,20,Qatar Grand Prix,losail,Lusail International Circuit,2021-11-21,leclerc,LEC,Charles Leclerc,ferrari,Ferrari,13,Back (P11+),13.0,False,8,False,Finished,4.0,True,57,1,27.0,25.799,False,2.0,"HARD,MEDIUM",26.41513157894737,30.60328947368421,75.54013157894737,True
2021,20,Qatar Grand Prix,losail,Lusail International Circuit,2021-11-21,norris,NOR,Lando Norris,mclaren,McLaren,4,Top 5 (P4-P5),6.0,False,9,False,+1 Lap,2.0,True,56,2,25.0,25.935499999999998,False,3.0,"HARD,MEDIUM,SOFT",26.41513157894737,30.60328947368421,75.54013157894737,True
2021,20,Qatar Grand Prix,losail,Lusail International Circuit,2021-11-21,vettel,VET,Sebastian Vettel,aston_martin,Aston Martin,10,Midfield (P6-P10),10.0,False,10,False,+1 Lap,1.0,True,56,1,26.0,25.726,False,2.0,"MEDIUM,SOFT",26.41513157894737,30.60328947368421,75.54013157894737,True
2021,20,Qatar Grand Prix,losail,Lusail International Circuit,2021-11-21,gasly,GAS,Pierre Gasly,alphatauri,AlphaTauri,2,Front row (P2-P3),4.0,False,11,False,+1 Lap,0.0,False,56,2,13.0,25.869500000000002,False,2.0,"MEDIUM,SOFT",26.41513157894737,30.60328947368421,75.54013157894737,True
2021,20,Qatar Grand Prix,losail,Lusail International Circuit,2021-11-21,ricciardo,RIC,Daniel Ricciardo,mclaren,McLaren,14,Back (P11+),14.0,False,12,False,+1 Lap,0.0,False,56,1,26.0,25.562,False,2.0,"HARD,MEDIUM",26.41513157894737,30.60328947368421,75.54013157894737,True
2021,20,Qatar Grand Prix,losail,Lusail International Circuit,2021-11-21,tsunoda,TSU,Yuki Tsunoda,alphatauri,AlphaTauri,8,Midfield (P6-P10),8.0,False,13,False,+1 Lap,0.0,False,56,2,9.0,26.1665,False,3.0,"HARD,MEDIUM,SOFT",26.41513157894737,30.60328947368421,75.54013157894737,True
2021,20,Qatar Grand Prix,losail,Lusail International Circuit,2021-11-21,raikkonen,RAI,Kimi Räikkönen,alfa,Alfa Romeo,16,Back (P11+),16.0,False,14,False,+1 Lap,0.0,False,56,2,10.0,25.9035,False,3.0,"HARD,MEDIUM,SOFT",26.41513157894737,30.60328947368421,75.54013157894737,True
2021,20,Qatar Grand Prix,losail,Lusail International Circuit,2021-11-21,giovinazzi,GIO,Antonio Giovinazzi,alfa,Alfa Romeo,18,Back (P11+),18.0,False,15,False,+1 Lap,0.0,False,56,2,15.0,25.667,False,2.0,"MEDIUM,SOFT",26.41513157894737,30.60328947368421,75.54013157894737,True
2021,20,Qatar Grand Prix,losail,Lusail International Circuit,2021-11-21,mick_schumacher,MSC,Mick Schumacher,haas,Haas F1 Team,19,Back (P11+),19.0,False,16,False,+1 Lap,0.0,False,56,1,22.0,25.881,False,2.0,"MEDIUM,SOFT",26.41513157894737,30.60328947368421,75.54013157894737,True
2021,20,Qatar Grand Prix,losail,Lusail International Circuit,2021-11-21,russell,RUS,George Russell,williams,Williams,15,Back (P11+),15.0,False,17,False,+2 Laps,0.0,False,55,2,17.0,30.563499999999998,False,2.0,"HARD,SOFT",26.41513157894737,30.60328947368421,75.54013157894737,True
2021,20,Qatar Grand Prix,losail,Lusail International Circuit,2021-11-21,mazepin,MAZ,Nikita Mazepin,haas,Haas F1 Team,20,Back (P11+),20.0,False,18,False,+2 Laps,0.0,False,55,1,31.0,26.515,False,2.0,"MEDIUM,SOFT",26.41513157894737,30.60328947368421,75.54013157894737,True
2021,20,Qatar Grand Prix,losail,Lusail International Circuit,2021-11-21,latifi,LAT,Nicholas Latifi,williams,Williams,17,Back (P11+),17.0,False,19,True,Puncture,0.0,False,50,1,18.0,25.811,False,2.0,"HARD,SOFT",26.41513157894737,30.60328947368421,75.54013157894737,True
2021,20,Qatar Grand Prix,losail,Lusail International Circuit,2021-11-21,bottas,BOT,Valtteri Bottas,mercedes,Mercedes,6,Midfield (P6-P10),3.0,False,20,True,Damage,0.0,False,48,1,33.0,36.341,False,2.0,"HARD,MEDIUM",26.41513157894737,30.60328947368421,75.54013157894737,True
2021,21,Saudi Arabian Grand Prix,jeddah,Jeddah Corniche Circuit,2021-12-05,hamilton,HAM,Lewis Hamilton,mercedes,Mercedes,1,Pole (P1),1.0,False,1,False,Finished,26.0,True,50,3,10.0,20.58,False,2.0,"HARD,MEDIUM",28.816062176165804,31.68497409326425,76.20310880829015,False
2021,21,Saudi Arabian Grand Prix,jeddah,Jeddah Corniche Circuit,2021-12-05,max_verstappen,VER,Max Verstappen,red_bull,Red Bull,3,Front row (P2-P3),3.0,False,2,False,Finished,18.0,True,50,2,13.0,,False,2.0,"HARD,MEDIUM",28.816062176165804,31.68497409326425,76.20310880829015,False
2021,21,Saudi Arabian Grand Prix,jeddah,Jeddah Corniche Circuit,2021-12-05,bottas,BOT,Valtteri Bottas,mercedes,Mercedes,2,Front row (P2-P3),2.0,False,3,False,Finished,15.0,True,50,3,10.0,21.668,False,2.0,"HARD,MEDIUM",28.816062176165804,31.68497409326425,76.20310880829015,False
2021,21,Saudi Arabian Grand Prix,jeddah,Jeddah Corniche Circuit,2021-12-05,ocon,OCO,Esteban Ocon,alpine,Alpine F1 Team,9,Midfield (P6-P10),9.0,False,4,False,Finished,12.0,True,50,2,13.0,,False,2.0,"HARD,MEDIUM",28.816062176165804,31.68497409326425,76.20310880829015,False
2021,21,Saudi Arabian Grand Prix,jeddah,Jeddah Corniche Circuit,2021-12-05,ricciardo,RIC,Daniel Ricciardo,mclaren,McLaren,11,Back (P11+),11.0,False,5,False,Finished,10.0,True,50,2,13.0,,False,2.0,"HARD,MEDIUM",28.816062176165804,31.68497409326425,76.20310880829015,False
2021,21,Saudi Arabian Grand Prix,jeddah,Jeddah Corniche Circuit,2021-12-05,gasly,GAS,Pierre Gasly,alphatauri,AlphaTauri,6,Midfield (P6-P10),6.0,False,6,False,Finished,8.0,True,50,2,13.0,,False,2.0,"HARD,MEDIUM",28.816062176165804,31.68497409326425,76.20310880829015,False
2021,21,Saudi Arabian Grand Prix,jeddah,Jeddah Corniche Circuit,2021-12-05,leclerc,LEC,Charles Leclerc,ferrari,Ferrari,4,Top 5 (P4-P5),4.0,False,7,False,Finished,6.0,True,50,3,10.0,20.531,False,2.0,"HARD,MEDIUM",28.816062176165804,31.68497409326425,76.20310880829015,False
2021,21,Saudi Arabian Grand Prix,jeddah,Jeddah Corniche Circuit,2021-12-05,sainz,SAI,Carlos Sainz,ferrari,Ferrari,15,Back (P11+),15.0,False,8,False,Finished,4.0,True,50,2,13.0,,False,2.0,"HARD,MEDIUM",28.816062176165804,31.68497409326425,76.20310880829015,False
2021,21,Saudi Arabian Grand Prix,jeddah,Jeddah Corniche Circuit,2021-12-05,giovinazzi,GIO,Antonio Giovinazzi,alfa,Alfa Romeo,10,Midfield (P6-P10),10.0,False,9,False,Finished,2.0,True,50,2,13.0,,False,2.0,"HARD,MEDIUM",28.816062176165804,31.68497409326425,76.20310880829015,False
2021,21,Saudi Arabian Grand Prix,jeddah,Jeddah Corniche Circuit,2021-12-05,norris,NOR,Lando Norris,mclaren,McLaren,7,Midfield (P6-P10),7.0,False,10,False,Finished,1.0,True,50,3,10.0,20.973,False,2.0,"HARD,SOFT",28.816062176165804,31.68497409326425,76.20310880829015,False
2021,21,Saudi Arabian Grand Prix,jeddah,Jeddah Corniche Circuit,2021-12-05,stroll,STR,Lance Stroll,aston_martin,Aston Martin,18,Back (P11+),18.0,False,11,False,Finished,0.0,False,50,3,9.0,27.165,False,2.0,"HARD,MEDIUM",28.816062176165804,31.68497409326425,76.20310880829015,False
2021,21,Saudi Arabian Grand Prix,jeddah,Jeddah Corniche Circuit,2021-12-05,latifi,LAT,Nicholas Latifi,williams,Williams,16,Back (P11+),16.0,False,12,False,Finished,0.0,False,50,3,10.0,24.22,False,2.0,"HARD,MEDIUM",28.816062176165804,31.68497409326425,76.20310880829015,False
2021,21,Saudi Arabian Grand Prix,jeddah,Jeddah Corniche Circuit,2021-12-05,alonso,ALO,Fernando Alonso,alpine,Alpine F1 Team,13,Back (P11+),13.0,False,13,False,+1 Lap,0.0,False,49,4,10.0,20.751,False,3.0,"HARD,MEDIUM,SOFT",28.816062176165804,31.68497409326425,76.20310880829015,False
2021,21,Saudi Arabian Grand Prix,jeddah,Jeddah Corniche Circuit,2021-12-05,tsunoda,TSU,Yuki Tsunoda,alphatauri,AlphaTauri,8,Midfield (P6-P10),8.0,False,14,False,+1 Lap,0.0,False,49,3,13.0,27.874,False,2.0,"HARD,MEDIUM",28.816062176165804,31.68497409326425,76.20310880829015,False
2021,21,Saudi Arabian Grand Prix,jeddah,Jeddah Corniche Circuit,2021-12-05,raikkonen,RAI,Kimi Räikkönen,alfa,Alfa Romeo,12,Back (P11+),12.0,False,15,False,+1 Lap,0.0,False,49,3,13.0,34.489,False,2.0,"HARD,MEDIUM",28.816062176165804,31.68497409326425,76.20310880829015,False
2021,21,Saudi Arabian Grand Prix,jeddah,Jeddah Corniche Circuit,2021-12-05,vettel,VET,Sebastian Vettel,aston_martin,Aston Martin,17,Back (P11+),17.0,False,16,True,Collision damage,0.0,False,44,2,13.0,,False,2.0,"HARD,MEDIUM",28.816062176165804,31.68497409326425,76.20310880829015,False
2021,21,Saudi Arabian Grand Prix,jeddah,Jeddah Corniche Circuit,2021-12-05,perez,PER,Sergio Pérez,red_bull,Red Bull,5,Top 5 (P4-P5),5.0,False,17,True,Collision,0.0,False,14,2,10.0,20.71,False,2.0,"HARD,MEDIUM",28.816062176165804,31.68497409326425,76.20310880829015,False
2021,21,Saudi Arabian Grand Prix,jeddah,Jeddah Corniche Circuit,2021-12-05,mazepin,MAZ,Nikita Mazepin,haas,Haas F1 Team,20,Back (P11+),20.0,False,18,True,Collision,0.0,False,14,1,13.0,,False,2.0,"HARD,MEDIUM",28.816062176165804,31.68497409326425,76.20310880829015,False
2021,21,Saudi Arabian Grand Prix,jeddah,Jeddah Corniche Circuit,2021-12-05,russell,RUS,George Russell,williams,Williams,14,Back (P11+),14.0,False,19,True,Collision,0.0,False,14,2,9.0,20.519,False,2.0,"HARD,MEDIUM",28.816062176165804,31.68497409326425,76.20310880829015,False
2021,21,Saudi Arabian Grand Prix,jeddah,Jeddah Corniche Circuit,2021-12-05,mick_schumacher,MSC,Mick Schumacher,haas,Haas F1 Team,19,Back (P11+),19.0,False,20,True,Accident,0.0,False,8,0,,,False,1.0,MEDIUM,28.816062176165804,31.68497409326425,76.20310880829015,False
2021,22,Abu Dhabi Grand Prix,yas_marina,Yas Marina Circuit,2021-12-12,max_verstappen,VER,Max Verstappen,red_bull,Red Bull,1,Pole (P1),1.0,False,1,False,Finished,26.0,True,58,3,13.0,21.492,False,2.0,"HARD,SOFT",24.519108280254777,28.465605095541402,59.05477707006369,False
2021,22,Abu Dhabi Grand Prix,yas_marina,Yas Marina Circuit,2021-12-12,hamilton,HAM,Lewis Hamilton,mercedes,Mercedes,2,Front row (P2-P3),2.0,False,2,False,Finished,18.0,True,58,1,14.0,21.595,False,2.0,"HARD,MEDIUM",24.519108280254777,28.465605095541402,59.05477707006369,False
2021,22,Abu Dhabi Grand Prix,yas_marina,Yas Marina Circuit,2021-12-12,sainz,SAI,Carlos Sainz,ferrari,Ferrari,5,Top 5 (P4-P5),5.0,False,3,False,Finished,15.0,True,58,1,19.0,22.213,False,2.0,"HARD,SOFT",24.519108280254777,28.465605095541402,59.05477707006369,False
2021,22,Abu Dhabi Grand Prix,yas_marina,Yas Marina Circuit,2021-12-12,tsunoda,TSU,Yuki Tsunoda,alphatauri,AlphaTauri,8,Midfield (P6-P10),8.0,False,4,False,Finished,12.0,True,58,2,23.0,22.182,False,3.0,"HARD,MEDIUM,SOFT",24.519108280254777,28.465605095541402,59.05477707006369,False
2021,22,Abu Dhabi Grand Prix,yas_marina,Yas Marina Circuit,2021-12-12,gasly,GAS,Pierre Gasly,alphatauri,AlphaTauri,12,Back (P11+),12.0,False,5,False,Finished,10.0,True,58,2,36.0,22.0265,False,3.0,"HARD,MEDIUM,SOFT",24.519108280254777,28.465605095541402,59.05477707006369,False
2021,22,Abu Dhabi Grand Prix,yas_marina,Yas Marina Circuit,2021-12-12,bottas,BOT,Valtteri Bottas,mercedes,Mercedes,6,Midfield (P6-P10),6.0,False,6,False,Finished,8.0,True,58,1,30.0,21.669,False,2.0,"HARD,MEDIUM",24.519108280254777,28.465605095541402,59.05477707006369,False
2021,22,Abu Dhabi Grand Prix,yas_marina,Yas Marina Circuit,2021-12-12,norris,NOR,Lando Norris,mclaren,McLaren,3,Front row (P2-P3),3.0,False,7,False,Finished,6.0,True,58,2,17.0,21.7765,False,3.0,"HARD,MEDIUM,SOFT",24.519108280254777,28.465605095541402,59.05477707006369,False
2021,22,Abu Dhabi Grand Prix,yas_marina,Yas Marina Circuit,2021-12-12,alonso,ALO,Fernando Alonso,alpine,Alpine F1 Team,11,Back (P11+),11.0,False,8,False,Finished,4.0,True,58,1,36.0,21.304,False,2.0,"HARD,MEDIUM",24.519108280254777,28.465605095541402,59.05477707006369,False
2021,22,Abu Dhabi Grand Prix,yas_marina,Yas Marina Circuit,2021-12-12,ocon,OCO,Esteban Ocon,alpine,Alpine F1 Team,9,Midfield (P6-P10),9.0,False,9,False,Finished,2.0,True,58,1,15.0,21.677,False,2.0,"HARD,SOFT",24.519108280254777,28.465605095541402,59.05477707006369,False
2021,22,Abu Dhabi Grand Prix,yas_marina,Yas Marina Circuit,2021-12-12,leclerc,LEC,Charles Leclerc,ferrari,Ferrari,7,Midfield (P6-P10),7.0,False,10,False,Finished,1.0,True,58,2,15.0,21.817,False,3.0,"HARD,MEDIUM,SOFT",24.519108280254777,28.465605095541402,59.05477707006369,False
2021,22,Abu Dhabi Grand Prix,yas_marina,Yas Marina Circuit,2021-12-12,vettel,VET,Sebastian Vettel,aston_martin,Aston Martin,15,Back (P11+),15.0,False,11,False,Finished,0.0,False,58,1,23.0,21.221,False,2.0,"HARD,MEDIUM",24.519108280254777,28.465605095541402,59.05477707006369,False
2021,22,Abu Dhabi Grand Prix,yas_marina,Yas Marina Circuit,2021-12-12,ricciardo,RIC,Daniel Ricciardo,mclaren,McLaren,10,Midfield (P6-P10),10.0,False,12,False,+1 Lap,0.0,False,57,2,18.0,21.7525,False,2.0,"HARD,SOFT",24.519108280254777,28.465605095541402,59.05477707006369,False
2021,22,Abu Dhabi Grand Prix,yas_marina,Yas Marina Circuit,2021-12-12,stroll,STR,Lance Stroll,aston_martin,Aston Martin,13,Back (P11+),13.0,False,13,False,+1 Lap,0.0,False,57,2,21.0,22.4745,False,3.0,"HARD,MEDIUM,SOFT",24.519108280254777,28.465605095541402,59.05477707006369,False
2021,22,Abu Dhabi Grand Prix,yas_marina,Yas Marina Circuit,2021-12-12,mick_schumacher,MSC,Mick Schumacher,haas,Haas F1 Team,19,Back (P11+),19.0,False,14,False,+1 Lap,0.0,False,57,2,10.0,22.097,False,2.0,"HARD,SOFT",24.519108280254777,28.465605095541402,59.05477707006369,False
2021,22,Abu Dhabi Grand Prix,yas_marina,Yas Marina Circuit,2021-12-12,perez,PER,Sergio Pérez,red_bull,Red Bull,4,Top 5 (P4-P5),4.0,False,15,True,Engine,0.0,False,55,3,21.0,21.423000000000002,False,2.0,"HARD,SOFT",24.519108280254777,28.465605095541402,59.05477707006369,False
2021,22,Abu Dhabi Grand Prix,yas_marina,Yas Marina Circuit,2021-12-12,latifi,LAT,Nicholas Latifi,williams,Williams,16,Back (P11+),16.0,False,16,True,Accident,0.0,False,50,1,28.0,21.241,False,2.0,"HARD,MEDIUM",24.519108280254777,28.465605095541402,59.05477707006369,False
2021,22,Abu Dhabi Grand Prix,yas_marina,Yas Marina Circuit,2021-12-12,giovinazzi,GIO,Antonio Giovinazzi,alfa,Alfa Romeo,14,Back (P11+),14.0,False,17,True,Gearbox,0.0,False,33,1,17.0,22.283,False,2.0,"HARD,MEDIUM",24.519108280254777,28.465605095541402,59.05477707006369,False
2021,22,Abu Dhabi Grand Prix,yas_marina,Yas Marina Circuit,2021-12-12,russell,RUS,George Russell,williams,Williams,17,Back (P11+),17.0,False,18,True,Gearbox,0.0,False,26,0,,,False,1.0,MEDIUM,24.519108280254777,28.465605095541402,59.05477707006369,False
2021,22,Abu Dhabi Grand Prix,yas_marina,Yas Marina Circuit,2021-12-12,raikkonen,RAI,Kimi Räikkönen,alfa,Alfa Romeo,18,Back (P11+),18.0,False,19,True,Brakes,0.0,False,25,1,21.0,22.338,False,2.0,"HARD,MEDIUM",24.519108280254777,28.465605095541402,59.05477707006369,False
2021,22,Abu Dhabi Grand Prix,yas_marina,Yas Marina Circuit,2021-12-12,mazepin,MAZ,Nikita Mazepin,haas,Haas F1 Team,20,Back (P11+),20.0,False,20,True,Illness,0.0,False,0,0,,,False,,,24.519108280254777,28.465605095541402,59.05477707006369,False
2022,1,Bahrain Grand Prix,bahrain,Bahrain International Circuit,2022-03-20,leclerc,LEC,Charles Leclerc,ferrari,Ferrari,1,Pole (P1),1.0,False,1,False,Finished,26.0,True,57,3,15.0,24.717333333333332,False,2.0,"MEDIUM,SOFT",23.617791411042944,28.61042944785276,29.49079754601227,False
2022,1,Bahrain Grand Prix,bahrain,Bahrain International Circuit,2022-03-20,sainz,SAI,Carlos Sainz,ferrari,Ferrari,3,Front row (P2-P3),3.0,False,2,False,Finished,18.0,True,57,3,14.0,24.463666666666665,False,2.0,"MEDIUM,SOFT",23.617791411042944,28.61042944785276,29.49079754601227,False
2022,1,Bahrain Grand Prix,bahrain,Bahrain International Circuit,2022-03-20,hamilton,HAM,Lewis Hamilton,mercedes,Mercedes,5,Top 5 (P4-P5),5.0,False,3,False,Finished,15.0,True,57,3,11.0,25.525333333333332,False,3.0,"HARD,MEDIUM,SOFT",23.617791411042944,28.61042944785276,29.49079754601227,False
2022,1,Bahrain Grand Prix,bahrain,Bahrain International Circuit,2022-03-20,russell,RUS,George Russell,mercedes,Mercedes,9,Midfield (P6-P10),9.0,False,4,False,Finished,12.0,True,57,3,15.0,25.59866666666667,False,3.0,"HARD,MEDIUM,SOFT",23.617791411042944,28.61042944785276,29.49079754601227,False
2022,1,Bahrain Grand Prix,bahrain,Bahrain International Circuit,2022-03-20,kevin_magnussen,MAG,Kevin Magnussen,haas,Haas F1 Team,7,Midfield (P6-P10),7.0,False,5,False,Finished,10.0,True,57,3,14.0,25.801666666666666,False,2.0,"MEDIUM,SOFT",23.617791411042944,28.61042944785276,29.49079754601227,False
2022,1,Bahrain Grand Prix,bahrain,Bahrain International Circuit,2022-03-20,bottas,BOT,Valtteri Bottas,alfa,Alfa Romeo,6,Midfield (P6-P10),6.0,False,6,False,Finished,8.0,True,57,3,14.0,25.412333333333333,False,2.0,"MEDIUM,SOFT",23.617791411042944,28.61042944785276,29.49079754601227,False
2022,1,Bahrain Grand Prix,bahrain,Bahrain International Circuit,2022-03-20,ocon,OCO,Esteban Ocon,alpine,Alpine F1 Team,11,Back (P11+),11.0,False,7,False,Finished,6.0,True,57,3,14.0,26.703333333333333,False,3.0,"HARD,MEDIUM,SOFT",23.617791411042944,28.61042944785276,29.49079754601227,False
2022,1,Bahrain Grand Prix,bahrain,Bahrain International Circuit,2022-03-20,tsunoda,TSU,Yuki Tsunoda,alphatauri,AlphaTauri,16,Back (P11+),16.0,False,8,False,Finished,4.0,True,57,3,15.0,24.877666666666666,False,2.0,"MEDIUM,SOFT",23.617791411042944,28.61042944785276,29.49079754601227,False
2022,1,Bahrain Grand Prix,bahrain,Bahrain International Circuit,2022-03-20,alonso,ALO,Fernando Alonso,alpine,Alpine F1 Team,8,Midfield (P6-P10),8.0,False,9,False,Finished,2.0,True,57,3,11.0,24.927333333333333,False,3.0,"HARD,MEDIUM,SOFT",23.617791411042944,28.61042944785276,29.49079754601227,False
2022,1,Bahrain Grand Prix,bahrain,Bahrain International Circuit,2022-03-20,zhou,ZHO,Guanyu Zhou,alfa,Alfa Romeo,15,Back (P11+),15.0,False,10,False,Finished,1.0,True,57,3,15.0,26.455333333333332,False,2.0,"MEDIUM,SOFT",23.617791411042944,28.61042944785276,29.49079754601227,False
2022,1,Bahrain Grand Prix,bahrain,Bahrain International Circuit,2022-03-20,mick_schumacher,MSC,Mick Schumacher,haas,Haas F1 Team,12,Back (P11+),12.0,False,11,False,Finished,0.0,False,57,2,12.0,25.4,False,2.0,"MEDIUM,SOFT",23.617791411042944,28.61042944785276,29.49079754601227,False
2022,1,Bahrain Grand Prix,bahrain,Bahrain International Circuit,2022-03-20,stroll,STR,Lance Stroll,aston_martin,Aston Martin,19,Back (P11+),19.0,False,12,False,Finished,0.0,False,57,3,18.0,25.911666666666665,False,2.0,"MEDIUM,SOFT",23.617791411042944,28.61042944785276,29.49079754601227,False
2022,1,Bahrain Grand Prix,bahrain,Bahrain International Circuit,2022-03-20,albon,ALB,Alexander Albon,williams,Williams,14,Back (P11+),14.0,False,13,False,Finished,0.0,False,57,3,13.0,25.16633333333333,False,2.0,"MEDIUM,SOFT",23.617791411042944,28.61042944785276,29.49079754601227,False
2022,1,Bahrain Grand Prix,bahrain,Bahrain International Circuit,2022-03-20,ricciardo,RIC,Daniel Ricciardo,mclaren,McLaren,18,Back (P11+),18.0,False,14,False,Finished,0.0,False,57,3,17.0,24.979666666666663,False,3.0,"HARD,MEDIUM,SOFT",23.617791411042944,28.61042944785276,29.49079754601227,False
2022,1,Bahrain Grand Prix,bahrain,Bahrain International Circuit,2022-03-20,norris,NOR,Lando Norris,mclaren,McLaren,13,Back (P11+),13.0,False,15,False,Finished,0.0,False,57,3,24.0,25.636666666666667,False,3.0,"HARD,MEDIUM,SOFT",23.617791411042944,28.61042944785276,29.49079754601227,False
2022,1,Bahrain Grand Prix,bahrain,Bahrain International Circuit,2022-03-20,latifi,LAT,Nicholas Latifi,williams,Williams,20,Back (P11+),20.0,False,16,False,Finished,0.0,False,57,3,14.0,24.631,False,2.0,"MEDIUM,SOFT",23.617791411042944,28.61042944785276,29.49079754601227,False
2022,1,Bahrain Grand Prix,bahrain,Bahrain International Circuit,2022-03-20,hulkenberg,HUL,Nico Hülkenberg,aston_martin,Aston Martin,17,Back (P11+),17.0,False,17,False,Finished,0.0,False,57,3,19.0,26.608333333333334,False,2.0,"MEDIUM,SOFT",23.617791411042944,28.61042944785276,29.49079754601227,False
2022,1,Bahrain Grand Prix,bahrain,Bahrain International Circuit,2022-03-20,perez,PER,Sergio Pérez,red_bull,Red Bull,4,Top 5 (P4-P5),4.0,False,18,True,Fuel pressure,0.0,False,56,3,15.0,24.721999999999998,False,2.0,"MEDIUM,SOFT",23.617791411042944,28.61042944785276,29.49079754601227,False
2022,1,Bahrain Grand Prix,bahrain,Bahrain International Circuit,2022-03-20,max_verstappen,VER,Max Verstappen,red_bull,Red Bull,2,Front row (P2-P3),2.0,False,19,True,Fuel pressure,0.0,False,54,3,14.0,24.745333333333335,False,2.0,"MEDIUM,SOFT",23.617791411042944,28.61042944785276,29.49079754601227,False
2022,1,Bahrain Grand Prix,bahrain,Bahrain International Circuit,2022-03-20,gasly,GAS,Pierre Gasly,alphatauri,AlphaTauri,10,Midfield (P6-P10),10.0,False,20,True,Power Unit,0.0,False,44,2,14.0,25.225,False,3.0,"HARD,MEDIUM,SOFT",23.617791411042944,28.61042944785276,29.49079754601227,False
2022,2,Saudi Arabian Grand Prix,jeddah,Jeddah Corniche Circuit,2022-03-27,max_verstappen,VER,Max Verstappen,red_bull,Red Bull,4,Top 5 (P4-P5),4.0,False,1,False,Finished,25.0,True,50,1,16.0,20.731,False,2.0,"HARD,MEDIUM",25.42039473684211,28.40921052631579,59.66447368421053,False
2022,2,Saudi Arabian Grand Prix,jeddah,Jeddah Corniche Circuit,2022-03-27,leclerc,LEC,Charles Leclerc,ferrari,Ferrari,2,Front row (P2-P3),2.0,False,2,False,Finished,19.0,True,50,1,16.0,21.038,False,2.0,"HARD,MEDIUM",25.42039473684211,28.40921052631579,59.66447368421053,False
2022,2,Saudi Arabian Grand Prix,jeddah,Jeddah Corniche Circuit,2022-03-27,sainz,SAI,Carlos Sainz,ferrari,Ferrari,3,Front row (P2-P3),3.0,False,3,False,Finished,15.0,True,50,1,16.0,21.521,False,2.0,"HARD,MEDIUM",25.42039473684211,28.40921052631579,59.66447368421053,False
2022,2,Saudi Arabian Grand Prix,jeddah,Jeddah Corniche Circuit,2022-03-27,perez,PER,Sergio Pérez,red_bull,Red Bull,1,Pole (P1),1.0,False,4,False,Finished,12.0,True,50,1,15.0,20.481,False,2.0,"HARD,MEDIUM",25.42039473684211,28.40921052631579,59.66447368421053,False
2022,2,Saudi Arabian Grand Prix,jeddah,Jeddah Corniche Circuit,2022-03-27,russell,RUS,George Russell,mercedes,Mercedes,6,Midfield (P6-P10),6.0,False,5,False,Finished,10.0,True,50,1,16.0,21.415,False,2.0,"HARD,MEDIUM",25.42039473684211,28.40921052631579,59.66447368421053,False
2022,2,Saudi Arabian Grand Prix,jeddah,Jeddah Corniche Circuit,2022-03-27,ocon,OCO,Esteban Ocon,alpine,Alpine F1 Team,5,Top 5 (P4-P5),5.0,False,6,False,Finished,8.0,True,50,1,16.0,21.141,False,2.0,"HARD,MEDIUM",25.42039473684211,28.40921052631579,59.66447368421053,False
2022,2,Saudi Arabian Grand Prix,jeddah,Jeddah Corniche Circuit,2022-03-27,norris,NOR,Lando Norris,mclaren,McLaren,11,Back (P11+),11.0,False,7,False,Finished,6.0,True,50,1,16.0,20.383,False,2.0,"HARD,MEDIUM",25.42039473684211,28.40921052631579,59.66447368421053,False
2022,2,Saudi Arabian Grand Prix,jeddah,Jeddah Corniche Circuit,2022-03-27,gasly,GAS,Pierre Gasly,alphatauri,AlphaTauri,9,Midfield (P6-P10),9.0,False,8,False,Finished,4.0,True,50,1,15.0,22.82,False,2.0,"HARD,MEDIUM",25.42039473684211,28.40921052631579,59.66447368421053,False
2022,2,Saudi Arabian Grand Prix,jeddah,Jeddah Corniche Circuit,2022-03-27,kevin_magnussen,MAG,Kevin Magnussen,haas,Haas F1 Team,10,Midfield (P6-P10),10.0,False,9,False,Finished,2.0,True,50,1,37.0,22.374,False,2.0,"HARD,MEDIUM",25.42039473684211,28.40921052631579,59.66447368421053,False
2022,2,Saudi Arabian Grand Prix,jeddah,Jeddah Corniche Circuit,2022-03-27,hamilton,HAM,Lewis Hamilton,mercedes,Mercedes,15,Back (P11+),16.0,False,10,False,Finished,1.0,True,50,1,40.0,21.788,False,2.0,"HARD,MEDIUM",25.42039473684211,28.40921052631579,59.66447368421053,False
2022,2,Saudi Arabian Grand Prix,jeddah,Jeddah Corniche Circuit,2022-03-27,zhou,ZHO,Guanyu Zhou,alfa,Alfa Romeo,12,Back (P11+),13.0,False,11,False,Finished,0.0,False,50,2,16.0,24.4185,False,2.0,"HARD,MEDIUM",25.42039473684211,28.40921052631579,59.66447368421053,False
2022,2,Saudi Arabian Grand Prix,jeddah,Jeddah Corniche Circuit,2022-03-27,hulkenberg,HUL,Nico Hülkenberg,aston_martin,Aston Martin,17,Back (P11+),18.0,False,12,False,Finished,0.0,False,50,1,37.0,21.425,False,2.0,"HARD,MEDIUM",25.42039473684211,28.40921052631579,59.66447368421053,False
2022,2,Saudi Arabian Grand Prix,jeddah,Jeddah Corniche Circuit,2022-03-27,stroll,STR,Lance Stroll,aston_martin,Aston Martin,13,Back (P11+),15.0,False,13,False,+1 Lap,0.0,False,49,1,13.0,22.339,False,2.0,"HARD,MEDIUM",25.42039473684211,28.40921052631579,59.66447368421053,False
2022,2,Saudi Arabian Grand Prix,jeddah,Jeddah Corniche Circuit,2022-03-27,albon,ALB,Alexander Albon,williams,Williams,16,Back (P11+),17.0,False,14,True,Collision damage,0.0,False,47,1,13.0,20.683,False,2.0,"HARD,MEDIUM",25.42039473684211,28.40921052631579,59.66447368421053,False
2022,2,Saudi Arabian Grand Prix,jeddah,Jeddah Corniche Circuit,2022-03-27,bottas,BOT,Valtteri Bottas,alfa,Alfa Romeo,8,Midfield (P6-P10),8.0,False,15,True,Cooling system,0.0,False,36,2,16.0,22.6355,False,2.0,"HARD,MEDIUM",25.42039473684211,28.40921052631579,59.66447368421053,False
2022,2,Saudi Arabian Grand Prix,jeddah,Jeddah Corniche Circuit,2022-03-27,alonso,ALO,Fernando Alonso,alpine,Alpine F1 Team,7,Midfield (P6-P10),7.0,False,16,True,Water pump,0.0,False,35,1,16.0,21.543,False,2.0,"HARD,MEDIUM",25.42039473684211,28.40921052631579,59.66447368421053,False
2022,2,Saudi Arabian Grand Prix,jeddah,Jeddah Corniche Circuit,2022-03-27,ricciardo,RIC,Daniel Ricciardo,mclaren,McLaren,14,Back (P11+),12.0,False,17,True,Gearbox,0.0,False,35,1,8.0,20.65,False,2.0,"HARD,MEDIUM",25.42039473684211,28.40921052631579,59.66447368421053,False
2022,2,Saudi Arabian Grand Prix,jeddah,Jeddah Corniche Circuit,2022-03-27,latifi,LAT,Nicholas Latifi,williams,Williams,18,Back (P11+),19.0,False,18,True,Accident,0.0,False,14,0,,,False,1.0,MEDIUM,25.42039473684211,28.40921052631579,59.66447368421053,False
2022,2,Saudi Arabian Grand Prix,jeddah,Jeddah Corniche Circuit,2022-03-27,tsunoda,TSU,Yuki Tsunoda,alphatauri,AlphaTauri,19,Back (P11+),20.0,False,19,True,Power Unit,0.0,False,0,0,,,False,,,25.42039473684211,28.40921052631579,59.66447368421053,False
2022,2,Saudi Arabian Grand Prix,jeddah,Jeddah Corniche Circuit,2022-03-27,mick_schumacher,MSC,Mick Schumacher,haas,Haas F1 Team,21,Back (P11+),14.0,False,20,True,Withdrew,0.0,False,0,0,,,False,,,25.42039473684211,28.40921052631579,59.66447368421053,False
2022,3,Australian Grand Prix,albert_park,Albert Park Grand Prix Circuit,2022-04-10,leclerc,LEC,Charles Leclerc,ferrari,Ferrari,1,Pole (P1),1.0,False,1,False,Finished,26.0,True,58,1,22.0,17.973,False,2.0,"HARD,MEDIUM",26.69743589743589,37.40833333333334,43.65384615384615,False
2022,3,Australian Grand Prix,albert_park,Albert Park Grand Prix Circuit,2022-04-10,perez,PER,Sergio Pérez,red_bull,Red Bull,3,Front row (P2-P3),3.0,False,2,False,Finished,18.0,True,58,1,20.0,17.434,False,2.0,"HARD,MEDIUM",26.69743589743589,37.40833333333334,43.65384615384615,False
2022,3,Australian Grand Prix,albert_park,Albert Park Grand Prix Circuit,2022-04-10,russell,RUS,George Russell,mercedes,Mercedes,6,Midfield (P6-P10),6.0,False,3,False,Finished,15.0,True,58,1,23.0,18.479,False,2.0,"HARD,MEDIUM",26.69743589743589,37.40833333333334,43.65384615384615,False
2022,3,Australian Grand Prix,albert_park,Albert Park Grand Prix Circuit,2022-04-10,hamilton,HAM,Lewis Hamilton,mercedes,Mercedes,5,Top 5 (P4-P5),5.0,False,4,False,Finished,12.0,True,58,1,22.0,17.877,False,2.0,"HARD,MEDIUM",26.69743589743589,37.40833333333334,43.65384615384615,False
2022,3,Australian Grand Prix,albert_park,Albert Park Grand Prix Circuit,2022-04-10,norris,NOR,Lando Norris,mclaren,McLaren,4,Top 5 (P4-P5),4.0,False,5,False,Finished,10.0,True,58,1,20.0,17.556,False,2.0,"HARD,MEDIUM",26.69743589743589,37.40833333333334,43.65384615384615,False
2022,3,Australian Grand Prix,albert_park,Albert Park Grand Prix Circuit,2022-04-10,ricciardo,RIC,Daniel Ricciardo,mclaren,McLaren,7,Midfield (P6-P10),7.0,False,6,False,Finished,8.0,True,58,1,21.0,18.15,False,2.0,"HARD,MEDIUM",26.69743589743589,37.40833333333334,43.65384615384615,False
2022,3,Australian Grand Prix,albert_park,Albert Park Grand Prix Circuit,2022-04-10,ocon,OCO,Esteban Ocon,alpine,Alpine F1 Team,8,Midfield (P6-P10),8.0,False,7,False,Finished,6.0,True,58,1,17.0,19.128,False,2.0,"HARD,MEDIUM",26.69743589743589,37.40833333333334,43.65384615384615,False
2022,3,Australian Grand Prix,albert_park,Albert Park Grand Prix Circuit,2022-04-10,bottas,BOT,Valtteri Bottas,alfa,Alfa Romeo,12,Back (P11+),12.0,False,8,False,Finished,4.0,True,58,1,22.0,18.413,False,2.0,"HARD,MEDIUM",26.69743589743589,37.40833333333334,43.65384615384615,False
2022,3,Australian Grand Prix,albert_park,Albert Park Grand Prix Circuit,2022-04-10,gasly,GAS,Pierre Gasly,alphatauri,AlphaTauri,11,Back (P11+),11.0,False,9,False,Finished,2.0,True,58,1,21.0,18.926,False,2.0,"HARD,MEDIUM",26.69743589743589,37.40833333333334,43.65384615384615,False
2022,3,Australian Grand Prix,albert_park,Albert Park Grand Prix Circuit,2022-04-10,albon,ALB,Alexander Albon,williams,Williams,20,Back (P11+),16.0,False,10,False,Finished,1.0,True,58,1,57.0,19.845,False,2.0,"HARD,SOFT",26.69743589743589,37.40833333333334,43.65384615384615,False
2022,3,Australian Grand Prix,albert_park,Albert Park Grand Prix Circuit,2022-04-10,zhou,ZHO,Guanyu Zhou,alfa,Alfa Romeo,14,Back (P11+),14.0,False,11,False,Finished,0.0,False,58,1,21.0,18.38,False,2.0,"HARD,MEDIUM",26.69743589743589,37.40833333333334,43.65384615384615,False
2022,3,Australian Grand Prix,albert_park,Albert Park Grand Prix Circuit,2022-04-10,stroll,STR,Lance Stroll,aston_martin,Aston Martin,19,Back (P11+),20.0,False,12,False,Finished,0.0,False,58,3,3.0,19.068,False,2.0,"HARD,MEDIUM",26.69743589743589,37.40833333333334,43.65384615384615,False
2022,3,Australian Grand Prix,albert_park,Albert Park Grand Prix Circuit,2022-04-10,mick_schumacher,MSC,Mick Schumacher,haas,Haas F1 Team,15,Back (P11+),15.0,False,13,False,+1 Lap,0.0,False,57,1,14.0,19.039,False,2.0,"HARD,MEDIUM",26.69743589743589,37.40833333333334,43.65384615384615,False
2022,3,Australian Grand Prix,albert_park,Albert Park Grand Prix Circuit,2022-04-10,kevin_magnussen,MAG,Kevin Magnussen,haas,Haas F1 Team,16,Back (P11+),17.0,False,14,False,+1 Lap,0.0,False,57,1,39.0,19.111,False,2.0,"HARD,MEDIUM",26.69743589743589,37.40833333333334,43.65384615384615,False
2022,3,Australian Grand Prix,albert_park,Albert Park Grand Prix Circuit,2022-04-10,tsunoda,TSU,Yuki Tsunoda,alphatauri,AlphaTauri,13,Back (P11+),13.0,False,15,False,+1 Lap,0.0,False,57,1,18.0,18.443,False,2.0,"HARD,MEDIUM",26.69743589743589,37.40833333333334,43.65384615384615,False
2022,3,Australian Grand Prix,albert_park,Albert Park Grand Prix Circuit,2022-04-10,latifi,LAT,Nicholas Latifi,williams,Williams,18,Back (P11+),19.0,False,16,False,+1 Lap,0.0,False,57,2,13.0,18.244,False,2.0,"HARD,MEDIUM",26.69743589743589,37.40833333333334,43.65384615384615,False
2022,3,Australian Grand Prix,albert_park,Albert Park Grand Prix Circuit,2022-04-10,alonso,ALO,Fernando Alonso,alpine,Alpine F1 Team,10,Midfield (P6-P10),10.0,False,17,False,+1 Lap,0.0,False,57,2,39.0,18.595,False,2.0,"HARD,MEDIUM",26.69743589743589,37.40833333333334,43.65384615384615,False
2022,3,Australian Grand Prix,albert_park,Albert Park Grand Prix Circuit,2022-04-10,max_verstappen,VER,Max Verstappen,red_bull,Red Bull,2,Front row (P2-P3),2.0,False,18,True,Fuel leak,0.0,False,38,1,18.0,18.281,False,2.0,"HARD,MEDIUM",26.69743589743589,37.40833333333334,43.65384615384615,False
2022,3,Australian Grand Prix,albert_park,Albert Park Grand Prix Circuit,2022-04-10,vettel,VET,Sebastian Vettel,aston_martin,Aston Martin,17,Back (P11+),18.0,False,19,True,Accident,0.0,False,22,0,,,False,1.0,HARD,26.69743589743589,37.40833333333334,43.65384615384615,False
2022,3,Australian Grand Prix,albert_park,Albert Park Grand Prix Circuit,2022-04-10,sainz,SAI,Carlos Sainz,ferrari,Ferrari,9,Midfield (P6-P10),9.0,False,20,True,Spun off,0.0,False,1,0,,,False,1.0,HARD,26.69743589743589,37.40833333333334,43.65384615384615,False
2022,4,Emilia Romagna Grand Prix,imola,Autodromo Enzo e Dino Ferrari,2022-04-24,max_verstappen,VER,Max Verstappen,red_bull,Red Bull,1,Pole (P1),1.0,False,1,False,Finished,26.0,True,63,2,19.0,29.9715,False,3.0,"INTERMEDIATE,MEDIUM,SOFT",12.899367088607592,17.41898734177215,83.17088607594937,False
2022,4,Emilia Romagna Grand Prix,imola,Autodromo Enzo e Dino Ferrari,2022-04-24,perez,PER,Sergio Pérez,red_bull,Red Bull,3,Front row (P2-P3),7.0,False,2,False,Finished,18.0,True,63,2,18.0,29.996499999999997,False,3.0,"INTERMEDIATE,MEDIUM,SOFT",12.899367088607592,17.41898734177215,83.17088607594937,False
2022,4,Emilia Romagna Grand Prix,imola,Autodromo Enzo e Dino Ferrari,2022-04-24,norris,NOR,Lando Norris,mclaren,McLaren,5,Top 5 (P4-P5),3.0,False,3,False,Finished,15.0,True,63,1,19.0,30.07,False,2.0,"INTERMEDIATE,MEDIUM",12.899367088607592,17.41898734177215,83.17088607594937,False
2022,4,Emilia Romagna Grand Prix,imola,Autodromo Enzo e Dino Ferrari,2022-04-24,russell,RUS,George Russell,mercedes,Mercedes,11,Back (P11+),11.0,False,4,False,Finished,12.0,True,63,1,18.0,31.079,False,2.0,"INTERMEDIATE,MEDIUM",12.899367088607592,17.41898734177215,83.17088607594937,False
2022,4,Emilia Romagna Grand Prix,imola,Autodromo Enzo e Dino Ferrari,2022-04-24,bottas,BOT,Valtteri Bottas,alfa,Alfa Romeo,7,Midfield (P6-P10),8.0,False,5,False,Finished,10.0,True,63,1,18.0,40.957,False,2.0,"INTERMEDIATE,MEDIUM",12.899367088607592,17.41898734177215,83.17088607594937,False
2022,4,Emilia Romagna Grand Prix,imola,Autodromo Enzo e Dino Ferrari,2022-04-24,leclerc,LEC,Charles Leclerc,ferrari,Ferrari,2,Front row (P2-P3),2.0,False,6,False,Finished,8.0,True,63,3,19.0,32.79866666666667,False,3.0,"INTERMEDIATE,MEDIUM,SOFT",12.899367088607592,17.41898734177215,83.17088607594937,False
2022,4,Emilia Romagna Grand Prix,imola,Autodromo Enzo e Dino Ferrari,2022-04-24,tsunoda,TSU,Yuki Tsunoda,alphatauri,AlphaTauri,12,Back (P11+),16.0,False,7,False,Finished,6.0,True,63,1,18.0,30.372,False,2.0,"INTERMEDIATE,MEDIUM",12.899367088607592,17.41898734177215,83.17088607594937,False
2022,4,Emilia Romagna Grand Prix,imola,Autodromo Enzo e Dino Ferrari,2022-04-24,vettel,VET,Sebastian Vettel,aston_martin,Aston Martin,13,Back (P11+),9.0,False,8,False,Finished,4.0,True,63,1,17.0,30.484,False,2.0,"INTERMEDIATE,MEDIUM",12.899367088607592,17.41898734177215,83.17088607594937,False
2022,4,Emilia Romagna Grand Prix,imola,Autodromo Enzo e Dino Ferrari,2022-04-24,kevin_magnussen,MAG,Kevin Magnussen,haas,Haas F1 Team,8,Midfield (P6-P10),4.0,False,9,False,Finished,2.0,True,63,1,18.0,33.765,False,2.0,"INTERMEDIATE,MEDIUM",12.899367088607592,17.41898734177215,83.17088607594937,False
2022,4,Emilia Romagna Grand Prix,imola,Autodromo Enzo e Dino Ferrari,2022-04-24,stroll,STR,Lance Stroll,aston_martin,Aston Martin,15,Back (P11+),15.0,False,10,False,+1 Lap,1.0,True,62,1,18.0,32.667,False,2.0,"INTERMEDIATE,MEDIUM",12.899367088607592,17.41898734177215,83.17088607594937,False
2022,4,Emilia Romagna Grand Prix,imola,Autodromo Enzo e Dino Ferrari,2022-04-24,albon,ALB,Alexander Albon,williams,Williams,18,Back (P11+),20.0,False,11,False,+1 Lap,0.0,False,62,1,17.0,30.793,False,2.0,"INTERMEDIATE,MEDIUM",12.899367088607592,17.41898734177215,83.17088607594937,False
2022,4,Emilia Romagna Grand Prix,imola,Autodromo Enzo e Dino Ferrari,2022-04-24,gasly,GAS,Pierre Gasly,alphatauri,AlphaTauri,17,Back (P11+),17.0,False,12,False,+1 Lap,0.0,False,62,1,17.0,30.405,False,2.0,"INTERMEDIATE,MEDIUM",12.899367088607592,17.41898734177215,83.17088607594937,False
2022,4,Emilia Romagna Grand Prix,imola,Autodromo Enzo e Dino Ferrari,2022-04-24,hamilton,HAM,Lewis Hamilton,mercedes,Mercedes,14,Back (P11+),13.0,False,13,False,+1 Lap,0.0,False,62,1,18.0,32.74,False,2.0,"INTERMEDIATE,MEDIUM",12.899367088607592,17.41898734177215,83.17088607594937,False
2022,4,Emilia Romagna Grand Prix,imola,Autodromo Enzo e Dino Ferrari,2022-04-24,ocon,OCO,Esteban Ocon,alpine,Alpine F1 Team,16,Back (P11+),19.0,False,14,False,+1 Lap,0.0,False,62,1,18.0,31.409,False,2.0,"INTERMEDIATE,MEDIUM",12.899367088607592,17.41898734177215,83.17088607594937,False
2022,4,Emilia Romagna Grand Prix,imola,Autodromo Enzo e Dino Ferrari,2022-04-24,zhou,ZHO,Guanyu Zhou,alfa,Alfa Romeo,21,Back (P11+),14.0,False,15,False,+1 Lap,0.0,False,62,1,18.0,32.203,False,2.0,"INTERMEDIATE,MEDIUM",12.899367088607592,17.41898734177215,83.17088607594937,False
2022,4,Emilia Romagna Grand Prix,imola,Autodromo Enzo e Dino Ferrari,2022-04-24,latifi,LAT,Nicholas Latifi,williams,Williams,19,Back (P11+),18.0,False,16,False,+1 Lap,0.0,False,62,1,18.0,31.125,False,2.0,"INTERMEDIATE,MEDIUM",12.899367088607592,17.41898734177215,83.17088607594937,False
2022,4,Emilia Romagna Grand Prix,imola,Autodromo Enzo e Dino Ferrari,2022-04-24,mick_schumacher,MSC,Mick Schumacher,haas,Haas F1 Team,10,Midfield (P6-P10),12.0,False,17,False,+1 Lap,0.0,False,62,2,18.0,31.152,False,3.0,"INTERMEDIATE,MEDIUM,SOFT",12.899367088607592,17.41898734177215,83.17088607594937,False
2022,4,Emilia Romagna Grand Prix,imola,Autodromo Enzo e Dino Ferrari,2022-04-24,ricciardo,RIC,Daniel Ricciardo,mclaren,McLaren,6,Midfield (P6-P10),6.0,False,18,False,+1 Lap,0.0,False,62,3,2.0,30.97966666666667,False,3.0,"HARD,INTERMEDIATE,MEDIUM",12.899367088607592,17.41898734177215,83.17088607594937,False
2022,4,Emilia Romagna Grand Prix,imola,Autodromo Enzo e Dino Ferrari,2022-04-24,alonso,ALO,Fernando Alonso,alpine,Alpine F1 Team,9,Midfield (P6-P10),5.0,False,19,True,Collision damage,0.0,False,6,0,,,False,1.0,INTERMEDIATE,12.899367088607592,17.41898734177215,83.17088607594937,False
2022,4,Emilia Romagna Grand Prix,imola,Autodromo Enzo e Dino Ferrari,2022-04-24,sainz,SAI,Carlos Sainz,ferrari,Ferrari,4,Top 5 (P4-P5),10.0,False,20,True,Collision,0.0,False,0,0,,,False,1.0,INTERMEDIATE,12.899367088607592,17.41898734177215,83.17088607594937,False
2022,5,Miami Grand Prix,miami,Miami International Autodrome,2022-05-08,max_verstappen,VER,Max Verstappen,red_bull,Red Bull,3,Front row (P2-P3),3.0,False,1,False,Finished,26.0,True,57,1,26.0,18.798,False,2.0,"HARD,MEDIUM",30.617283950617285,42.81975308641975,58.858024691358025,True
2022,5,Miami Grand Prix,miami,Miami International Autodrome,2022-05-08,leclerc,LEC,Charles Leclerc,ferrari,Ferrari,1,Pole (P1),1.0,False,2,False,Finished,18.0,True,57,1,24.0,19.697,False,2.0,"HARD,MEDIUM",30.617283950617285,42.81975308641975,58.858024691358025,True
2022,5,Miami Grand Prix,miami,Miami International Autodrome,2022-05-08,sainz,SAI,Carlos Sainz,ferrari,Ferrari,2,Front row (P2-P3),2.0,False,3,False,Finished,15.0,True,57,1,27.0,22.063,False,2.0,"HARD,MEDIUM",30.617283950617285,42.81975308641975,58.858024691358025,True
2022,5,Miami Grand Prix,miami,Miami International Autodrome,2022-05-08,perez,PER,Sergio Pérez,red_bull,Red Bull,4,Top 5 (P4-P5),4.0,False,4,False,Finished,12.0,True,57,2,27.0,18.476,False,2.0,"HARD,MEDIUM",30.617283950617285,42.81975308641975,58.858024691358025,True
2022,5,Miami Grand Prix,miami,Miami International Autodrome,2022-05-08,russell,RUS,George Russell,mercedes,Mercedes,12,Back (P11+),12.0,False,5,False,Finished,10.0,True,57,1,40.0,19.035,False,2.0,"HARD,MEDIUM",30.617283950617285,42.81975308641975,58.858024691358025,True
2022,5,Miami Grand Prix,miami,Miami International Autodrome,2022-05-08,hamilton,HAM,Lewis Hamilton,mercedes,Mercedes,6,Midfield (P6-P10),6.0,False,6,False,Finished,8.0,True,57,1,22.0,18.82,False,2.0,"HARD,MEDIUM",30.617283950617285,42.81975308641975,58.858024691358025,True
2022,5,Miami Grand Prix,miami,Miami International Autodrome,2022-05-08,bottas,BOT,Valtteri Bottas,alfa,Alfa Romeo,5,Top 5 (P4-P5),5.0,False,7,False,Finished,6.0,True,57,1,26.0,19.614,False,2.0,"HARD,MEDIUM",30.617283950617285,42.81975308641975,58.858024691358025,True
2022,5,Miami Grand Prix,miami,Miami International Autodrome,2022-05-08,ocon,OCO,Esteban Ocon,alpine,Alpine F1 Team,20,Back (P11+),20.0,False,8,False,Finished,4.0,True,57,1,41.0,19.019,False,2.0,"HARD,SOFT",30.617283950617285,42.81975308641975,58.858024691358025,True
2022,5,Miami Grand Prix,miami,Miami International Autodrome,2022-05-08,albon,ALB,Alexander Albon,williams,Williams,18,Back (P11+),18.0,False,9,False,Finished,2.0,True,57,1,16.0,20.059,False,2.0,"HARD,MEDIUM",30.617283950617285,42.81975308641975,58.858024691358025,True
2022,5,Miami Grand Prix,miami,Miami International Autodrome,2022-05-08,stroll,STR,Lance Stroll,aston_martin,Aston Martin,21,Back (P11+),10.0,False,10,False,Finished,1.0,True,57,1,40.0,19.074,False,2.0,"HARD,MEDIUM",30.617283950617285,42.81975308641975,58.858024691358025,True
2022,5,Miami Grand Prix,miami,Miami International Autodrome,2022-05-08,alonso,ALO,Fernando Alonso,alpine,Alpine F1 Team,11,Back (P11+),11.0,False,11,False,Finished,0.0,False,57,1,15.0,21.638,False,2.0,"HARD,MEDIUM",30.617283950617285,42.81975308641975,58.858024691358025,True
2022,5,Miami Grand Prix,miami,Miami International Autodrome,2022-05-08,tsunoda,TSU,Yuki Tsunoda,alphatauri,AlphaTauri,9,Midfield (P6-P10),9.0,False,12,False,Finished,0.0,False,57,2,11.0,19.244,False,3.0,"HARD,MEDIUM,SOFT",30.617283950617285,42.81975308641975,58.858024691358025,True
2022,5,Miami Grand Prix,miami,Miami International Autodrome,2022-05-08,ricciardo,RIC,Daniel Ricciardo,mclaren,McLaren,14,Back (P11+),14.0,False,13,False,Finished,0.0,False,57,2,30.0,19.382,False,3.0,"HARD,MEDIUM,SOFT",30.617283950617285,42.81975308641975,58.858024691358025,True
2022,5,Miami Grand Prix,miami,Miami International Autodrome,2022-05-08,latifi,LAT,Nicholas Latifi,williams,Williams,19,Back (P11+),19.0,False,14,False,Finished,0.0,False,57,1,34.0,19.185,False,2.0,"HARD,MEDIUM",30.617283950617285,42.81975308641975,58.858024691358025,True
2022,5,Miami Grand Prix,miami,Miami International Autodrome,2022-05-08,mick_schumacher,MSC,Mick Schumacher,haas,Haas F1 Team,15,Back (P11+),15.0,False,15,False,Finished,0.0,False,57,2,14.0,26.397,False,2.0,"HARD,MEDIUM",30.617283950617285,42.81975308641975,58.858024691358025,True
2022,5,Miami Grand Prix,miami,Miami International Autodrome,2022-05-08,kevin_magnussen,MAG,Kevin Magnussen,haas,Haas F1 Team,16,Back (P11+),16.0,False,16,True,Front wing,0.0,False,56,2,12.0,20.2165,False,2.0,"HARD,MEDIUM",30.617283950617285,42.81975308641975,58.858024691358025,True
2022,5,Miami Grand Prix,miami,Miami International Autodrome,2022-05-08,vettel,VET,Sebastian Vettel,aston_martin,Aston Martin,21,Back (P11+),13.0,False,17,True,Collision,0.0,False,54,1,41.0,19.861,False,2.0,"HARD,MEDIUM",30.617283950617285,42.81975308641975,58.858024691358025,True
2022,5,Miami Grand Prix,miami,Miami International Autodrome,2022-05-08,gasly,GAS,Pierre Gasly,alphatauri,AlphaTauri,7,Midfield (P6-P10),7.0,False,18,True,Suspension,0.0,False,45,2,16.0,19.275,False,3.0,"HARD,MEDIUM,SOFT",30.617283950617285,42.81975308641975,58.858024691358025,True
2022,5,Miami Grand Prix,miami,Miami International Autodrome,2022-05-08,norris,NOR,Lando Norris,mclaren,McLaren,8,Midfield (P6-P10),8.0,False,19,True,Collision,0.0,False,39,1,18.0,19.986,False,2.0,"HARD,MEDIUM",30.617283950617285,42.81975308641975,58.858024691358025,True
2022,5,Miami Grand Prix,miami,Miami International Autodrome,2022-05-08,zhou,ZHO,Guanyu Zhou,alfa,Alfa Romeo,17,Back (P11+),17.0,False,20,True,Water leak,0.0,False,6,0,,,False,1.0,MEDIUM,30.617283950617285,42.81975308641975,58.858024691358025,True
2022,6,Spanish Grand Prix,catalunya,Circuit de Barcelona-Catalunya,2022-05-22,max_verstappen,VER,Max Verstappen,red_bull,Red Bull,2,Front row (P2-P3),2.0,False,1,False,Finished,25.0,True,66,3,13.0,22.026666666666667,False,2.0,"MEDIUM,SOFT",36.56585365853658,48.957317073170735,7.109756097560975,False
2022,6,Spanish Grand Prix,catalunya,Circuit de Barcelona-Catalunya,2022-05-22,perez,PER,Sergio Pérez,red_bull,Red Bull,5,Top 5 (P4-P5),5.0,False,2,False,Finished,19.0,True,66,3,17.0,21.781666666666666,False,2.0,"MEDIUM,SOFT",36.56585365853658,48.957317073170735,7.109756097560975,False
2022,6,Spanish Grand Prix,catalunya,Circuit de Barcelona-Catalunya,2022-05-22,russell,RUS,George Russell,mercedes,Mercedes,4,Top 5 (P4-P5),4.0,False,3,False,Finished,15.0,True,66,3,13.0,22.336,False,2.0,"MEDIUM,SOFT",36.56585365853658,48.957317073170735,7.109756097560975,False
2022,6,Spanish Grand Prix,catalunya,Circuit de Barcelona-Catalunya,2022-05-22,sainz,SAI,Carlos Sainz,ferrari,Ferrari,3,Front row (P2-P3),3.0,False,4,False,Finished,12.0,True,66,3,10.0,22.169999999999998,False,2.0,"MEDIUM,SOFT",36.56585365853658,48.957317073170735,7.109756097560975,False
2022,6,Spanish Grand Prix,catalunya,Circuit de Barcelona-Catalunya,2022-05-22,hamilton,HAM,Lewis Hamilton,mercedes,Mercedes,6,Midfield (P6-P10),6.0,False,5,False,Finished,10.0,True,66,3,1.0,25.133333333333336,False,2.0,"MEDIUM,SOFT",36.56585365853658,48.957317073170735,7.109756097560975,False
2022,6,Spanish Grand Prix,catalunya,Circuit de Barcelona-Catalunya,2022-05-22,bottas,BOT,Valtteri Bottas,alfa,Alfa Romeo,7,Midfield (P6-P10),7.0,False,6,False,Finished,8.0,True,66,2,14.0,22.764,False,2.0,"MEDIUM,SOFT",36.56585365853658,48.957317073170735,7.109756097560975,False
2022,6,Spanish Grand Prix,catalunya,Circuit de Barcelona-Catalunya,2022-05-22,ocon,OCO,Esteban Ocon,alpine,Alpine F1 Team,12,Back (P11+),12.0,False,7,False,Finished,6.0,True,66,3,13.0,22.374333333333336,False,2.0,"MEDIUM,SOFT",36.56585365853658,48.957317073170735,7.109756097560975,False
2022,6,Spanish Grand Prix,catalunya,Circuit de Barcelona-Catalunya,2022-05-22,norris,NOR,Lando Norris,mclaren,McLaren,11,Back (P11+),11.0,False,8,False,Finished,4.0,True,66,3,12.0,22.474,False,2.0,"MEDIUM,SOFT",36.56585365853658,48.957317073170735,7.109756097560975,False
2022,6,Spanish Grand Prix,catalunya,Circuit de Barcelona-Catalunya,2022-05-22,alonso,ALO,Fernando Alonso,alpine,Alpine F1 Team,20,Back (P11+),17.0,False,9,False,+1 Lap,2.0,True,65,3,10.0,23.232,False,2.0,"MEDIUM,SOFT",36.56585365853658,48.957317073170735,7.109756097560975,False
2022,6,Spanish Grand Prix,catalunya,Circuit de Barcelona-Catalunya,2022-05-22,tsunoda,TSU,Yuki Tsunoda,alphatauri,AlphaTauri,13,Back (P11+),13.0,False,10,False,+1 Lap,1.0,True,65,3,11.0,22.733666666666664,False,2.0,"MEDIUM,SOFT",36.56585365853658,48.957317073170735,7.109756097560975,False
2022,6,Spanish Grand Prix,catalunya,Circuit de Barcelona-Catalunya,2022-05-22,vettel,VET,Sebastian Vettel,aston_martin,Aston Martin,16,Back (P11+),16.0,False,11,False,+1 Lap,0.0,False,65,2,21.0,22.496000000000002,False,2.0,"MEDIUM,SOFT",36.56585365853658,48.957317073170735,7.109756097560975,False
2022,6,Spanish Grand Prix,catalunya,Circuit de Barcelona-Catalunya,2022-05-22,ricciardo,RIC,Daniel Ricciardo,mclaren,McLaren,9,Midfield (P6-P10),9.0,False,12,False,+1 Lap,0.0,False,65,3,11.0,22.225666666666665,False,2.0,"MEDIUM,SOFT",36.56585365853658,48.957317073170735,7.109756097560975,False
2022,6,Spanish Grand Prix,catalunya,Circuit de Barcelona-Catalunya,2022-05-22,gasly,GAS,Pierre Gasly,alphatauri,AlphaTauri,14,Back (P11+),14.0,False,13,False,+1 Lap,0.0,False,65,3,10.0,23.931,False,2.0,"MEDIUM,SOFT",36.56585365853658,48.957317073170735,7.109756097560975,False
2022,6,Spanish Grand Prix,catalunya,Circuit de Barcelona-Catalunya,2022-05-22,mick_schumacher,MSC,Mick Schumacher,haas,Haas F1 Team,10,Midfield (P6-P10),10.0,False,14,False,+1 Lap,0.0,False,65,2,12.0,23.3545,False,2.0,"MEDIUM,SOFT",36.56585365853658,48.957317073170735,7.109756097560975,False
2022,6,Spanish Grand Prix,catalunya,Circuit de Barcelona-Catalunya,2022-05-22,stroll,STR,Lance Stroll,aston_martin,Aston Martin,17,Back (P11+),18.0,False,15,False,+1 Lap,0.0,False,65,3,14.0,23.346333333333334,False,2.0,"MEDIUM,SOFT",36.56585365853658,48.957317073170735,7.109756097560975,False
2022,6,Spanish Grand Prix,catalunya,Circuit de Barcelona-Catalunya,2022-05-22,latifi,LAT,Nicholas Latifi,williams,Williams,19,Back (P11+),20.0,False,16,False,+2 Laps,0.0,False,64,3,12.0,22.753666666666664,False,2.0,"MEDIUM,SOFT",36.56585365853658,48.957317073170735,7.109756097560975,False
2022,6,Spanish Grand Prix,catalunya,Circuit de Barcelona-Catalunya,2022-05-22,kevin_magnussen,MAG,Kevin Magnussen,haas,Haas F1 Team,8,Midfield (P6-P10),8.0,False,17,False,+2 Laps,0.0,False,64,2,1.0,26.755000000000003,False,3.0,"HARD,MEDIUM,SOFT",36.56585365853658,48.957317073170735,7.109756097560975,False
2022,6,Spanish Grand Prix,catalunya,Circuit de Barcelona-Catalunya,2022-05-22,albon,ALB,Alexander Albon,williams,Williams,18,Back (P11+),19.0,False,18,False,+2 Laps,0.0,False,64,4,11.0,23.201999999999998,False,2.0,"MEDIUM,SOFT",36.56585365853658,48.957317073170735,7.109756097560975,False
2022,6,Spanish Grand Prix,catalunya,Circuit de Barcelona-Catalunya,2022-05-22,zhou,ZHO,Guanyu Zhou,alfa,Alfa Romeo,15,Back (P11+),15.0,False,19,True,Power loss,0.0,False,28,1,10.0,23.109,False,2.0,"MEDIUM,SOFT",36.56585365853658,48.957317073170735,7.109756097560975,False
2022,6,Spanish Grand Prix,catalunya,Circuit de Barcelona-Catalunya,2022-05-22,leclerc,LEC,Charles Leclerc,ferrari,Ferrari,1,Pole (P1),1.0,False,20,True,Turbo,0.0,False,27,1,21.0,21.794,False,2.0,"MEDIUM,SOFT",36.56585365853658,48.957317073170735,7.109756097560975,False
2022,7,Monaco Grand Prix,monaco,Circuit de Monaco,2022-05-29,perez,PER,Sergio Pérez,red_bull,Red Bull,3,Front row (P2-P3),3.0,False,1,False,Finished,25.0,True,64,3,16.0,24.4725,False,4.0,"HARD,INTERMEDIATE,MEDIUM,WET",22.27469387755102,31.038367346938774,75.66530612244898,True
2022,7,Monaco Grand Prix,monaco,Circuit de Monaco,2022-05-29,sainz,SAI,Carlos Sainz,ferrari,Ferrari,2,Front row (P2-P3),2.0,False,2,False,Finished,18.0,True,64,2,21.0,24.666,False,2.0,"HARD,WET",22.27469387755102,31.038367346938774,75.66530612244898,True
2022,7,Monaco Grand Prix,monaco,Circuit de Monaco,2022-05-29,max_verstappen,VER,Max Verstappen,red_bull,Red Bull,4,Top 5 (P4-P5),4.0,False,3,False,Finished,15.0,True,64,3,18.0,26.9695,False,4.0,"HARD,INTERMEDIATE,MEDIUM,WET",22.27469387755102,31.038367346938774,75.66530612244898,True
2022,7,Monaco Grand Prix,monaco,Circuit de Monaco,2022-05-29,leclerc,LEC,Charles Leclerc,ferrari,Ferrari,1,Pole (P1),1.0,False,4,False,Finished,12.0,True,64,3,18.0,26.872,False,3.0,"HARD,INTERMEDIATE,WET",22.27469387755102,31.038367346938774,75.66530612244898,True
2022,7,Monaco Grand Prix,monaco,Circuit de Monaco,2022-05-29,russell,RUS,George Russell,mercedes,Mercedes,6,Midfield (P6-P10),6.0,False,5,False,Finished,10.0,True,64,2,21.0,25.352,False,3.0,"HARD,MEDIUM,WET",22.27469387755102,31.038367346938774,75.66530612244898,True
2022,7,Monaco Grand Prix,monaco,Circuit de Monaco,2022-05-29,norris,NOR,Lando Norris,mclaren,McLaren,5,Top 5 (P4-P5),5.0,False,6,False,Finished,9.0,True,64,4,17.0,24.746333333333336,False,4.0,"HARD,INTERMEDIATE,MEDIUM,WET",22.27469387755102,31.038367346938774,75.66530612244898,True
2022,7,Monaco Grand Prix,monaco,Circuit de Monaco,2022-05-29,alonso,ALO,Fernando Alonso,alpine,Alpine F1 Team,7,Midfield (P6-P10),7.0,False,7,False,Finished,6.0,True,64,2,21.0,24.526,False,3.0,"HARD,MEDIUM,WET",22.27469387755102,31.038367346938774,75.66530612244898,True
2022,7,Monaco Grand Prix,monaco,Circuit de Monaco,2022-05-29,hamilton,HAM,Lewis Hamilton,mercedes,Mercedes,8,Midfield (P6-P10),8.0,False,8,False,Finished,4.0,True,64,3,15.0,24.6515,False,4.0,"HARD,INTERMEDIATE,MEDIUM,WET",22.27469387755102,31.038367346938774,75.66530612244898,True
2022,7,Monaco Grand Prix,monaco,Circuit de Monaco,2022-05-29,bottas,BOT,Valtteri Bottas,alfa,Alfa Romeo,12,Back (P11+),12.0,False,9,False,Finished,2.0,True,64,2,20.0,25.865,False,2.0,"HARD,WET",22.27469387755102,31.038367346938774,75.66530612244898,True
2022,7,Monaco Grand Prix,monaco,Circuit de Monaco,2022-05-29,vettel,VET,Sebastian Vettel,aston_martin,Aston Martin,9,Midfield (P6-P10),9.0,False,10,False,Finished,1.0,True,64,3,6.0,25.049,False,3.0,"HARD,INTERMEDIATE,WET",22.27469387755102,31.038367346938774,75.66530612244898,True
2022,7,Monaco Grand Prix,monaco,Circuit de Monaco,2022-05-29,gasly,GAS,Pierre Gasly,alphatauri,AlphaTauri,17,Back (P11+),17.0,False,11,False,Finished,0.0,False,64,3,2.0,32.128,False,2.0,"HARD,INTERMEDIATE",22.27469387755102,31.038367346938774,75.66530612244898,True
2022,7,Monaco Grand Prix,monaco,Circuit de Monaco,2022-05-29,ocon,OCO,Esteban Ocon,alpine,Alpine F1 Team,10,Midfield (P6-P10),10.0,False,12,False,Finished,0.0,False,64,2,21.0,24.875,False,3.0,"HARD,MEDIUM,WET",22.27469387755102,31.038367346938774,75.66530612244898,True
2022,7,Monaco Grand Prix,monaco,Circuit de Monaco,2022-05-29,ricciardo,RIC,Daniel Ricciardo,mclaren,McLaren,14,Back (P11+),14.0,False,13,False,Finished,0.0,False,64,2,19.0,26.056,False,2.0,"HARD,WET",22.27469387755102,31.038367346938774,75.66530612244898,True
2022,7,Monaco Grand Prix,monaco,Circuit de Monaco,2022-05-29,stroll,STR,Lance Stroll,aston_martin,Aston Martin,18,Back (P11+),18.0,False,14,False,Finished,0.0,False,64,4,1.0,28.377,False,4.0,"HARD,INTERMEDIATE,None,WET",22.27469387755102,31.038367346938774,75.66530612244898,True
2022,7,Monaco Grand Prix,monaco,Circuit de Monaco,2022-05-29,latifi,LAT,Nicholas Latifi,williams,Williams,19,Back (P11+),19.0,False,15,False,+1 Lap,0.0,False,63,4,1.0,33.34466666666666,False,4.0,"HARD,INTERMEDIATE,MEDIUM,WET",22.27469387755102,31.038367346938774,75.66530612244898,True
2022,7,Monaco Grand Prix,monaco,Circuit de Monaco,2022-05-29,zhou,ZHO,Guanyu Zhou,alfa,Alfa Romeo,20,Back (P11+),20.0,False,16,False,+1 Lap,0.0,False,63,2,19.0,25.594,False,3.0,"HARD,MEDIUM,WET",22.27469387755102,31.038367346938774,75.66530612244898,True
2022,7,Monaco Grand Prix,monaco,Circuit de Monaco,2022-05-29,tsunoda,TSU,Yuki Tsunoda,alphatauri,AlphaTauri,11,Back (P11+),11.0,False,17,False,+1 Lap,0.0,False,63,4,6.0,25.451666666666664,False,5.0,"HARD,INTERMEDIATE,MEDIUM,SOFT,WET",22.27469387755102,31.038367346938774,75.66530612244898,True
2022,7,Monaco Grand Prix,monaco,Circuit de Monaco,2022-05-29,albon,ALB,Alexander Albon,williams,Williams,16,Back (P11+),16.0,False,18,True,Mechanical,0.0,False,48,3,18.0,29.3745,False,3.0,"HARD,MEDIUM,WET",22.27469387755102,31.038367346938774,75.66530612244898,True
2022,7,Monaco Grand Prix,monaco,Circuit de Monaco,2022-05-29,mick_schumacher,MSC,Mick Schumacher,haas,Haas F1 Team,15,Back (P11+),15.0,False,19,True,Accident,0.0,False,24,2,4.0,32.2455,False,3.0,"HARD,INTERMEDIATE,WET",22.27469387755102,31.038367346938774,75.66530612244898,True
2022,7,Monaco Grand Prix,monaco,Circuit de Monaco,2022-05-29,kevin_magnussen,MAG,Kevin Magnussen,haas,Haas F1 Team,13,Back (P11+),13.0,False,20,True,Water pressure,0.0,False,19,0,,,False,1.0,WET,22.27469387755102,31.038367346938774,75.66530612244898,True
2022,8,Azerbaijan Grand Prix,baku,Baku City Circuit,2022-06-12,max_verstappen,VER,Max Verstappen,red_bull,Red Bull,3,Front row (P2-P3),3.0,False,1,False,Finished,25.0,True,51,2,18.0,21.095,False,2.0,"HARD,MEDIUM",25.435403726708078,47.14968944099379,59.49068322981366,False
2022,8,Azerbaijan Grand Prix,baku,Baku City Circuit,2022-06-12,perez,PER,Sergio Pérez,red_bull,Red Bull,2,Front row (P2-P3),2.0,False,2,False,Finished,19.0,True,51,2,16.0,22.864,False,2.0,"HARD,MEDIUM",25.435403726708078,47.14968944099379,59.49068322981366,False
2022,8,Azerbaijan Grand Prix,baku,Baku City Circuit,2022-06-12,russell,RUS,George Russell,mercedes,Mercedes,5,Top 5 (P4-P5),5.0,False,3,False,Finished,15.0,True,51,2,9.0,20.5325,False,2.0,"HARD,MEDIUM",25.435403726708078,47.14968944099379,59.49068322981366,False
2022,8,Azerbaijan Grand Prix,baku,Baku City Circuit,2022-06-12,hamilton,HAM,Lewis Hamilton,mercedes,Mercedes,7,Midfield (P6-P10),7.0,False,4,False,Finished,12.0,True,51,2,9.0,21.1505,False,2.0,"HARD,MEDIUM",25.435403726708078,47.14968944099379,59.49068322981366,False
2022,8,Azerbaijan Grand Prix,baku,Baku City Circuit,2022-06-12,gasly,GAS,Pierre Gasly,alphatauri,AlphaTauri,6,Midfield (P6-P10),6.0,False,5,False,Finished,10.0,True,51,1,9.0,22.698,False,2.0,"HARD,MEDIUM",25.435403726708078,47.14968944099379,59.49068322981366,False
2022,8,Azerbaijan Grand Prix,baku,Baku City Circuit,2022-06-12,vettel,VET,Sebastian Vettel,aston_martin,Aston Martin,9,Midfield (P6-P10),9.0,False,6,False,Finished,8.0,True,51,1,9.0,20.249,False,2.0,"HARD,MEDIUM",25.435403726708078,47.14968944099379,59.49068322981366,False
2022,8,Azerbaijan Grand Prix,baku,Baku City Circuit,2022-06-12,alonso,ALO,Fernando Alonso,alpine,Alpine F1 Team,10,Midfield (P6-P10),10.0,False,7,False,Finished,6.0,True,51,1,18.0,20.571,False,2.0,"HARD,MEDIUM",25.435403726708078,47.14968944099379,59.49068322981366,False
2022,8,Azerbaijan Grand Prix,baku,Baku City Circuit,2022-06-12,ricciardo,RIC,Daniel Ricciardo,mclaren,McLaren,12,Back (P11+),12.0,False,8,False,Finished,4.0,True,51,1,33.0,21.794,False,2.0,"HARD,MEDIUM",25.435403726708078,47.14968944099379,59.49068322981366,False
2022,8,Azerbaijan Grand Prix,baku,Baku City Circuit,2022-06-12,norris,NOR,Lando Norris,mclaren,McLaren,11,Back (P11+),11.0,False,9,False,Finished,2.0,True,51,1,20.0,21.443,False,2.0,"HARD,MEDIUM",25.435403726708078,47.14968944099379,59.49068322981366,False
2022,8,Azerbaijan Grand Prix,baku,Baku City Circuit,2022-06-12,ocon,OCO,Esteban Ocon,alpine,Alpine F1 Team,13,Back (P11+),13.0,False,10,False,Finished,1.0,True,51,1,33.0,22.638,False,2.0,"HARD,MEDIUM",25.435403726708078,47.14968944099379,59.49068322981366,False
2022,8,Azerbaijan Grand Prix,baku,Baku City Circuit,2022-06-12,bottas,BOT,Valtteri Bottas,alfa,Alfa Romeo,15,Back (P11+),15.0,False,11,False,+1 Lap,0.0,False,50,1,33.0,20.979,False,2.0,"HARD,MEDIUM",25.435403726708078,47.14968944099379,59.49068322981366,False
2022,8,Azerbaijan Grand Prix,baku,Baku City Circuit,2022-06-12,albon,ALB,Alexander Albon,williams,Williams,17,Back (P11+),17.0,False,12,False,+1 Lap,0.0,False,50,2,9.0,23.558500000000002,False,2.0,"HARD,MEDIUM",25.435403726708078,47.14968944099379,59.49068322981366,False
2022,8,Azerbaijan Grand Prix,baku,Baku City Circuit,2022-06-12,tsunoda,TSU,Yuki Tsunoda,alphatauri,AlphaTauri,8,Midfield (P6-P10),8.0,False,13,False,+1 Lap,0.0,False,50,2,9.0,32.2915,False,3.0,"HARD,MEDIUM,SOFT",25.435403726708078,47.14968944099379,59.49068322981366,False
2022,8,Azerbaijan Grand Prix,baku,Baku City Circuit,2022-06-12,mick_schumacher,MSC,Mick Schumacher,haas,Haas F1 Team,20,Back (P11+),20.0,False,14,False,+1 Lap,0.0,False,50,2,9.0,24.602,False,2.0,"HARD,MEDIUM",25.435403726708078,47.14968944099379,59.49068322981366,False
2022,8,Azerbaijan Grand Prix,baku,Baku City Circuit,2022-06-12,latifi,LAT,Nicholas Latifi,williams,Williams,18,Back (P11+),18.0,False,15,False,+1 Lap,0.0,False,50,2,3.0,25.732,False,2.0,"HARD,MEDIUM",25.435403726708078,47.14968944099379,59.49068322981366,False
2022,8,Azerbaijan Grand Prix,baku,Baku City Circuit,2022-06-12,stroll,STR,Lance Stroll,aston_martin,Aston Martin,19,Back (P11+),19.0,False,16,True,Vibrations,0.0,False,46,1,30.0,22.059,False,2.0,"HARD,MEDIUM",25.435403726708078,47.14968944099379,59.49068322981366,False
2022,8,Azerbaijan Grand Prix,baku,Baku City Circuit,2022-06-12,kevin_magnussen,MAG,Kevin Magnussen,haas,Haas F1 Team,16,Back (P11+),16.0,False,17,True,Power Unit,0.0,False,31,1,9.0,21.555,False,2.0,"HARD,MEDIUM",25.435403726708078,47.14968944099379,59.49068322981366,False
2022,8,Azerbaijan Grand Prix,baku,Baku City Circuit,2022-06-12,zhou,ZHO,Guanyu Zhou,alfa,Alfa Romeo,14,Back (P11+),14.0,False,18,True,Hydraulics,0.0,False,23,1,9.0,23.001,False,2.0,"HARD,MEDIUM",25.435403726708078,47.14968944099379,59.49068322981366,False
2022,8,Azerbaijan Grand Prix,baku,Baku City Circuit,2022-06-12,leclerc,LEC,Charles Leclerc,ferrari,Ferrari,1,Pole (P1),1.0,False,19,True,Power Unit,0.0,False,21,1,9.0,23.212,False,2.0,"HARD,MEDIUM",25.435403726708078,47.14968944099379,59.49068322981366,False
2022,8,Azerbaijan Grand Prix,baku,Baku City Circuit,2022-06-12,sainz,SAI,Carlos Sainz,ferrari,Ferrari,4,Top 5 (P4-P5),4.0,False,20,True,Hydraulics,0.0,False,8,0,,,False,1.0,MEDIUM,25.435403726708078,47.14968944099379,59.49068322981366,False
2022,9,Canadian Grand Prix,villeneuve,Circuit Gilles Villeneuve,2022-06-19,max_verstappen,VER,Max Verstappen,red_bull,Red Bull,1,Pole (P1),1.0,False,1,False,Finished,25.0,True,70,2,9.0,23.9605,False,2.0,"HARD,MEDIUM",20.762962962962963,41.261111111111106,28.925925925925927,False
2022,9,Canadian Grand Prix,villeneuve,Circuit Gilles Villeneuve,2022-06-19,sainz,SAI,Carlos Sainz,ferrari,Ferrari,3,Front row (P2-P3),3.0,False,2,False,Finished,19.0,True,70,2,20.0,24.548000000000002,False,2.0,"HARD,MEDIUM",20.762962962962963,41.261111111111106,28.925925925925927,False
2022,9,Canadian Grand Prix,villeneuve,Circuit Gilles Villeneuve,2022-06-19,hamilton,HAM,Lewis Hamilton,mercedes,Mercedes,4,Top 5 (P4-P5),4.0,False,3,False,Finished,15.0,True,70,2,9.0,23.843,False,2.0,"HARD,MEDIUM",20.762962962962963,41.261111111111106,28.925925925925927,False
2022,9,Canadian Grand Prix,villeneuve,Circuit Gilles Villeneuve,2022-06-19,russell,RUS,George Russell,mercedes,Mercedes,8,Midfield (P6-P10),8.0,False,4,False,Finished,12.0,True,70,2,19.0,24.009999999999998,False,2.0,"HARD,MEDIUM",20.762962962962963,41.261111111111106,28.925925925925927,False
2022,9,Canadian Grand Prix,villeneuve,Circuit Gilles Villeneuve,2022-06-19,leclerc,LEC,Charles Leclerc,ferrari,Ferrari,19,Back (P11+),15.0,False,5,False,Finished,10.0,True,70,1,41.0,26.199,False,2.0,"HARD,MEDIUM",20.762962962962963,41.261111111111106,28.925925925925927,False
2022,9,Canadian Grand Prix,villeneuve,Circuit Gilles Villeneuve,2022-06-19,ocon,OCO,Esteban Ocon,alpine,Alpine F1 Team,7,Midfield (P6-P10),7.0,False,6,False,Finished,8.0,True,70,2,19.0,24.814500000000002,False,2.0,"HARD,MEDIUM",20.762962962962963,41.261111111111106,28.925925925925927,False
2022,9,Canadian Grand Prix,villeneuve,Circuit Gilles Villeneuve,2022-06-19,bottas,BOT,Valtteri Bottas,alfa,Alfa Romeo,11,Back (P11+),11.0,False,7,False,Finished,6.0,True,70,1,49.0,26.089,False,2.0,"HARD,MEDIUM",20.762962962962963,41.261111111111106,28.925925925925927,False
2022,9,Canadian Grand Prix,villeneuve,Circuit Gilles Villeneuve,2022-06-19,zhou,ZHO,Guanyu Zhou,alfa,Alfa Romeo,10,Midfield (P6-P10),10.0,False,8,False,Finished,4.0,True,70,2,19.0,24.130499999999998,False,2.0,"HARD,MEDIUM",20.762962962962963,41.261111111111106,28.925925925925927,False
2022,9,Canadian Grand Prix,villeneuve,Circuit Gilles Villeneuve,2022-06-19,alonso,ALO,Fernando Alonso,alpine,Alpine F1 Team,2,Front row (P2-P3),2.0,False,9,False,Finished,2.0,True,70,2,28.0,24.459,False,2.0,"HARD,MEDIUM",20.762962962962963,41.261111111111106,28.925925925925927,False
2022,9,Canadian Grand Prix,villeneuve,Circuit Gilles Villeneuve,2022-06-19,stroll,STR,Lance Stroll,aston_martin,Aston Martin,17,Back (P11+),18.0,False,10,False,Finished,1.0,True,70,1,47.0,25.252,False,2.0,"HARD,MEDIUM",20.762962962962963,41.261111111111106,28.925925925925927,False
2022,9,Canadian Grand Prix,villeneuve,Circuit Gilles Villeneuve,2022-06-19,ricciardo,RIC,Daniel Ricciardo,mclaren,McLaren,9,Midfield (P6-P10),9.0,False,11,False,Finished,0.0,False,70,2,19.0,26.384999999999998,False,2.0,"HARD,MEDIUM",20.762962962962963,41.261111111111106,28.925925925925927,False
2022,9,Canadian Grand Prix,villeneuve,Circuit Gilles Villeneuve,2022-06-19,vettel,VET,Sebastian Vettel,aston_martin,Aston Martin,16,Back (P11+),17.0,False,12,False,Finished,0.0,False,70,2,5.0,23.5435,False,2.0,"HARD,MEDIUM",20.762962962962963,41.261111111111106,28.925925925925927,False
2022,9,Canadian Grand Prix,villeneuve,Circuit Gilles Villeneuve,2022-06-19,albon,ALB,Alexander Albon,williams,Williams,12,Back (P11+),12.0,False,13,False,Finished,0.0,False,70,2,18.0,23.667,False,2.0,"HARD,MEDIUM",20.762962962962963,41.261111111111106,28.925925925925927,False
2022,9,Canadian Grand Prix,villeneuve,Circuit Gilles Villeneuve,2022-06-19,gasly,GAS,Pierre Gasly,alphatauri,AlphaTauri,15,Back (P11+),16.0,False,14,False,Finished,0.0,False,70,2,5.0,23.585,False,2.0,"HARD,MEDIUM",20.762962962962963,41.261111111111106,28.925925925925927,False
2022,9,Canadian Grand Prix,villeneuve,Circuit Gilles Villeneuve,2022-06-19,norris,NOR,Lando Norris,mclaren,McLaren,14,Back (P11+),14.0,False,15,False,Finished,0.0,False,70,2,19.0,33.583,False,2.0,"HARD,MEDIUM",20.762962962962963,41.261111111111106,28.925925925925927,False
2022,9,Canadian Grand Prix,villeneuve,Circuit Gilles Villeneuve,2022-06-19,latifi,LAT,Nicholas Latifi,williams,Williams,18,Back (P11+),19.0,False,16,False,Finished,0.0,False,70,2,9.0,27.027,False,2.0,"HARD,MEDIUM",20.762962962962963,41.261111111111106,28.925925925925927,False
2022,9,Canadian Grand Prix,villeneuve,Circuit Gilles Villeneuve,2022-06-19,kevin_magnussen,MAG,Kevin Magnussen,haas,Haas F1 Team,5,Top 5 (P4-P5),5.0,False,17,False,Finished,0.0,False,70,1,7.0,38.262,False,2.0,"HARD,MEDIUM",20.762962962962963,41.261111111111106,28.925925925925927,False
2022,9,Canadian Grand Prix,villeneuve,Circuit Gilles Villeneuve,2022-06-19,tsunoda,TSU,Yuki Tsunoda,alphatauri,AlphaTauri,20,Back (P11+),20.0,False,18,True,Accident,0.0,False,47,2,9.0,23.349,False,2.0,"HARD,MEDIUM",20.762962962962963,41.261111111111106,28.925925925925927,False
2022,9,Canadian Grand Prix,villeneuve,Circuit Gilles Villeneuve,2022-06-19,mick_schumacher,MSC,Mick Schumacher,haas,Haas F1 Team,6,Midfield (P6-P10),6.0,False,19,True,Engine,0.0,False,18,0,,,False,1.0,MEDIUM,20.762962962962963,41.261111111111106,28.925925925925927,False
2022,9,Canadian Grand Prix,villeneuve,Circuit Gilles Villeneuve,2022-06-19,perez,PER,Sergio Pérez,red_bull,Red Bull,13,Back (P11+),13.0,False,20,True,Gearbox,0.0,False,7,0,,,False,1.0,HARD,20.762962962962963,41.261111111111106,28.925925925925927,False
2022,10,British Grand Prix,silverstone,Silverstone Circuit,2022-07-03,sainz,SAI,Carlos Sainz,ferrari,Ferrari,1,Pole (P1),1.0,False,1,False,Finished,25.0,True,52,3,1.0,28.5045,False,3.0,"HARD,MEDIUM,SOFT",18.25320197044335,30.026108374384233,59.748768472906406,True
2022,10,British Grand Prix,silverstone,Silverstone Circuit,2022-07-03,perez,PER,Sergio Pérez,red_bull,Red Bull,4,Top 5 (P4-P5),4.0,False,2,False,Finished,18.0,True,52,3,1.0,32.7285,False,2.0,"MEDIUM,SOFT",18.25320197044335,30.026108374384233,59.748768472906406,True
2022,10,British Grand Prix,silverstone,Silverstone Circuit,2022-07-03,hamilton,HAM,Lewis Hamilton,mercedes,Mercedes,5,Top 5 (P4-P5),5.0,False,3,False,Finished,16.0,True,52,3,1.0,29.4165,False,3.0,"HARD,MEDIUM,SOFT",18.25320197044335,30.026108374384233,59.748768472906406,True
2022,10,British Grand Prix,silverstone,Silverstone Circuit,2022-07-03,leclerc,LEC,Charles Leclerc,ferrari,Ferrari,3,Front row (P2-P3),3.0,False,4,False,Finished,12.0,True,52,2,1.0,28.805,False,2.0,"HARD,MEDIUM",18.25320197044335,30.026108374384233,59.748768472906406,True
2022,10,British Grand Prix,silverstone,Silverstone Circuit,2022-07-03,alonso,ALO,Fernando Alonso,alpine,Alpine F1 Team,7,Midfield (P6-P10),7.0,False,5,False,Finished,10.0,True,52,3,1.0,28.787,False,3.0,"HARD,MEDIUM,SOFT",18.25320197044335,30.026108374384233,59.748768472906406,True
2022,10,British Grand Prix,silverstone,Silverstone Circuit,2022-07-03,norris,NOR,Lando Norris,mclaren,McLaren,6,Midfield (P6-P10),6.0,False,6,False,Finished,8.0,True,52,3,1.0,28.802999999999997,False,3.0,"HARD,MEDIUM,SOFT",18.25320197044335,30.026108374384233,59.748768472906406,True
2022,10,British Grand Prix,silverstone,Silverstone Circuit,2022-07-03,max_verstappen,VER,Max Verstappen,red_bull,Red Bull,2,Front row (P2-P3),2.0,False,7,False,Finished,6.0,True,52,4,1.0,29.133333333333336,False,3.0,"HARD,MEDIUM,SOFT",18.25320197044335,30.026108374384233,59.748768472906406,True
2022,10,British Grand Prix,silverstone,Silverstone Circuit,2022-07-03,mick_schumacher,MSC,Mick Schumacher,haas,Haas F1 Team,19,Back (P11+),19.0,False,8,False,Finished,4.0,True,52,3,1.0,29.9895,False,3.0,"HARD,MEDIUM,SOFT",18.25320197044335,30.026108374384233,59.748768472906406,True
2022,10,British Grand Prix,silverstone,Silverstone Circuit,2022-07-03,vettel,VET,Sebastian Vettel,aston_martin,Aston Martin,18,Back (P11+),18.0,False,9,False,Finished,2.0,True,52,3,1.0,29.192999999999998,False,2.0,"MEDIUM,SOFT",18.25320197044335,30.026108374384233,59.748768472906406,True
2022,10,British Grand Prix,silverstone,Silverstone Circuit,2022-07-03,kevin_magnussen,MAG,Kevin Magnussen,haas,Haas F1 Team,17,Back (P11+),17.0,False,10,False,Finished,1.0,True,52,2,1.0,29.473,False,2.0,"MEDIUM,SOFT",18.25320197044335,30.026108374384233,59.748768472906406,True
2022,10,British Grand Prix,silverstone,Silverstone Circuit,2022-07-03,stroll,STR,Lance Stroll,aston_martin,Aston Martin,20,Back (P11+),20.0,False,11,False,Finished,0.0,False,52,3,1.0,29.206000000000003,False,2.0,"HARD,MEDIUM",18.25320197044335,30.026108374384233,59.748768472906406,True
2022,10,British Grand Prix,silverstone,Silverstone Circuit,2022-07-03,latifi,LAT,Nicholas Latifi,williams,Williams,10,Midfield (P6-P10),10.0,False,12,False,Finished,0.0,False,52,3,1.0,28.633499999999998,False,2.0,"MEDIUM,SOFT",18.25320197044335,30.026108374384233,59.748768472906406,True
2022,10,British Grand Prix,silverstone,Silverstone Circuit,2022-07-03,ricciardo,RIC,Daniel Ricciardo,mclaren,McLaren,14,Back (P11+),14.0,False,13,False,Finished,0.0,False,52,4,1.0,30.06866666666667,False,3.0,"HARD,MEDIUM,SOFT",18.25320197044335,30.026108374384233,59.748768472906406,True
2022,10,British Grand Prix,silverstone,Silverstone Circuit,2022-07-03,tsunoda,TSU,Yuki Tsunoda,alphatauri,AlphaTauri,13,Back (P11+),13.0,False,14,False,Finished,0.0,False,52,3,1.0,32.1035,False,3.0,"HARD,MEDIUM,SOFT",18.25320197044335,30.026108374384233,59.748768472906406,True
2022,10,British Grand Prix,silverstone,Silverstone Circuit,2022-07-03,ocon,OCO,Esteban Ocon,alpine,Alpine F1 Team,15,Back (P11+),15.0,False,15,True,Fuel pump,0.0,False,37,2,1.0,30.342,False,3.0,"HARD,MEDIUM,SOFT",18.25320197044335,30.026108374384233,59.748768472906406,True
2022,10,British Grand Prix,silverstone,Silverstone Circuit,2022-07-03,gasly,GAS,Pierre Gasly,alphatauri,AlphaTauri,11,Back (P11+),11.0,False,16,True,Collision damage,0.0,False,26,2,1.0,29.632,False,3.0,"HARD,MEDIUM,SOFT",18.25320197044335,30.026108374384233,59.748768472906406,True
2022,10,British Grand Prix,silverstone,Silverstone Circuit,2022-07-03,bottas,BOT,Valtteri Bottas,alfa,Alfa Romeo,12,Back (P11+),12.0,False,17,True,Gearbox,0.0,False,20,1,1.0,,False,1.0,MEDIUM,18.25320197044335,30.026108374384233,59.748768472906406,True
2022,10,British Grand Prix,silverstone,Silverstone Circuit,2022-07-03,russell,RUS,George Russell,mercedes,Mercedes,8,Midfield (P6-P10),8.0,False,18,True,Collision,0.0,False,0,0,,,False,1.0,HARD,18.25320197044335,30.026108374384233,59.748768472906406,True
2022,10,British Grand Prix,silverstone,Silverstone Circuit,2022-07-03,zhou,ZHO,Guanyu Zhou,alfa,Alfa Romeo,9,Midfield (P6-P10),9.0,False,19,True,Collision,0.0,False,0,0,,,False,1.0,MEDIUM,18.25320197044335,30.026108374384233,59.748768472906406,True
2022,10,British Grand Prix,silverstone,Silverstone Circuit,2022-07-03,albon,ALB,Alexander Albon,williams,Williams,16,Back (P11+),16.0,False,20,True,Collision,0.0,False,0,0,,,False,1.0,SOFT,18.25320197044335,30.026108374384233,59.748768472906406,True
2022,11,Austrian Grand Prix,red_bull_ring,Red Bull Ring,2022-07-10,leclerc,LEC,Charles Leclerc,ferrari,Ferrari,2,Front row (P2-P3),2.0,False,1,False,Finished,25.0,True,71,3,26.0,21.500333333333334,False,2.0,"HARD,MEDIUM",20.25592105263158,30.74671052631579,35.13815789473684,False
2022,11,Austrian Grand Prix,red_bull_ring,Red Bull Ring,2022-07-10,max_verstappen,VER,Max Verstappen,red_bull,Red Bull,1,Pole (P1),1.0,False,2,False,Finished,19.0,True,71,3,13.0,21.595,False,2.0,"HARD,MEDIUM",20.25592105263158,30.74671052631579,35.13815789473684,False
2022,11,Austrian Grand Prix,red_bull_ring,Red Bull Ring,2022-07-10,hamilton,HAM,Lewis Hamilton,mercedes,Mercedes,8,Midfield (P6-P10),9.0,False,3,False,Finished,15.0,True,71,2,28.0,22.8615,False,2.0,"HARD,MEDIUM",20.25592105263158,30.74671052631579,35.13815789473684,False
2022,11,Austrian Grand Prix,red_bull_ring,Red Bull Ring,2022-07-10,russell,RUS,George Russell,mercedes,Mercedes,4,Top 5 (P4-P5),4.0,False,4,False,Finished,12.0,True,71,2,11.0,29.966,False,3.0,"HARD,MEDIUM,None",20.25592105263158,30.74671052631579,35.13815789473684,False
2022,11,Austrian Grand Prix,red_bull_ring,Red Bull Ring,2022-07-10,ocon,OCO,Esteban Ocon,alpine,Alpine F1 Team,6,Midfield (P6-P10),5.0,False,5,False,Finished,10.0,True,71,2,16.0,21.932000000000002,False,3.0,"HARD,MEDIUM,None",20.25592105263158,30.74671052631579,35.13815789473684,False
2022,11,Austrian Grand Prix,red_bull_ring,Red Bull Ring,2022-07-10,mick_schumacher,MSC,Mick Schumacher,haas,Haas F1 Team,9,Midfield (P6-P10),7.0,False,6,False,+1 Lap,8.0,True,70,2,16.0,22.5,False,3.0,"HARD,MEDIUM,None",20.25592105263158,30.74671052631579,35.13815789473684,False
2022,11,Austrian Grand Prix,red_bull_ring,Red Bull Ring,2022-07-10,norris,NOR,Lando Norris,mclaren,McLaren,10,Midfield (P6-P10),15.0,False,7,False,+1 Lap,6.0,True,70,2,14.0,25.004,False,3.0,"HARD,MEDIUM,None",20.25592105263158,30.74671052631579,35.13815789473684,False
2022,11,Austrian Grand Prix,red_bull_ring,Red Bull Ring,2022-07-10,kevin_magnussen,MAG,Kevin Magnussen,haas,Haas F1 Team,7,Midfield (P6-P10),6.0,False,8,False,+1 Lap,4.0,True,70,2,15.0,22.1465,False,3.0,"HARD,MEDIUM,None",20.25592105263158,30.74671052631579,35.13815789473684,False
2022,11,Austrian Grand Prix,red_bull_ring,Red Bull Ring,2022-07-10,ricciardo,RIC,Daniel Ricciardo,mclaren,McLaren,11,Back (P11+),16.0,False,9,False,+1 Lap,2.0,True,70,2,12.0,21.622500000000002,False,3.0,"HARD,MEDIUM,None",20.25592105263158,30.74671052631579,35.13815789473684,False
2022,11,Austrian Grand Prix,red_bull_ring,Red Bull Ring,2022-07-10,alonso,ALO,Fernando Alonso,alpine,Alpine F1 Team,19,Back (P11+),8.0,False,10,False,+1 Lap,1.0,True,70,3,27.0,22.543666666666667,False,2.0,"HARD,MEDIUM",20.25592105263158,30.74671052631579,35.13815789473684,False
2022,11,Austrian Grand Prix,red_bull_ring,Red Bull Ring,2022-07-10,bottas,BOT,Valtteri Bottas,alfa,Alfa Romeo,21,Back (P11+),12.0,False,11,False,+1 Lap,0.0,False,70,2,6.0,23.4775,False,3.0,"HARD,MEDIUM,None",20.25592105263158,30.74671052631579,35.13815789473684,False
2022,11,Austrian Grand Prix,red_bull_ring,Red Bull Ring,2022-07-10,albon,ALB,Alexander Albon,williams,Williams,15,Back (P11+),11.0,False,12,False,+1 Lap,0.0,False,70,2,11.0,22.2115,False,3.0,"HARD,MEDIUM,None",20.25592105263158,30.74671052631579,35.13815789473684,False
2022,11,Austrian Grand Prix,red_bull_ring,Red Bull Ring,2022-07-10,stroll,STR,Lance Stroll,aston_martin,Aston Martin,12,Back (P11+),17.0,False,13,False,+1 Lap,0.0,False,70,2,29.0,21.6915,False,2.0,"HARD,MEDIUM",20.25592105263158,30.74671052631579,35.13815789473684,False
2022,11,Austrian Grand Prix,red_bull_ring,Red Bull Ring,2022-07-10,zhou,ZHO,Guanyu Zhou,alfa,Alfa Romeo,13,Back (P11+),18.0,False,14,False,+1 Lap,0.0,False,70,2,24.0,25.782,False,2.0,"HARD,MEDIUM",20.25592105263158,30.74671052631579,35.13815789473684,False
2022,11,Austrian Grand Prix,red_bull_ring,Red Bull Ring,2022-07-10,gasly,GAS,Pierre Gasly,alphatauri,AlphaTauri,14,Back (P11+),10.0,False,15,False,+1 Lap,0.0,False,70,2,12.0,25.167,False,3.0,"HARD,MEDIUM,None",20.25592105263158,30.74671052631579,35.13815789473684,False
2022,11,Austrian Grand Prix,red_bull_ring,Red Bull Ring,2022-07-10,tsunoda,TSU,Yuki Tsunoda,alphatauri,AlphaTauri,16,Back (P11+),14.0,False,16,False,+1 Lap,0.0,False,70,2,26.0,21.634,False,2.0,"HARD,MEDIUM",20.25592105263158,30.74671052631579,35.13815789473684,False
2022,11,Austrian Grand Prix,red_bull_ring,Red Bull Ring,2022-07-10,vettel,VET,Sebastian Vettel,aston_martin,Aston Martin,18,Back (P11+),20.0,False,17,False,+1 Lap,0.0,False,70,2,20.0,21.847499999999997,False,3.0,"HARD,MEDIUM,None",20.25592105263158,30.74671052631579,35.13815789473684,False
2022,11,Austrian Grand Prix,red_bull_ring,Red Bull Ring,2022-07-10,sainz,SAI,Carlos Sainz,ferrari,Ferrari,3,Front row (P2-P3),3.0,False,18,True,Power Unit,0.0,False,56,2,27.0,21.352,False,3.0,"HARD,MEDIUM,None",20.25592105263158,30.74671052631579,35.13815789473684,False
2022,11,Austrian Grand Prix,red_bull_ring,Red Bull Ring,2022-07-10,latifi,LAT,Nicholas Latifi,williams,Williams,17,Back (P11+),19.0,False,19,True,Undertray,0.0,False,48,2,12.0,21.464,False,3.0,"HARD,MEDIUM,None",20.25592105263158,30.74671052631579,35.13815789473684,False
2022,11,Austrian Grand Prix,red_bull_ring,Red Bull Ring,2022-07-10,perez,PER,Sergio Pérez,red_bull,Red Bull,5,Top 5 (P4-P5),13.0,False,20,True,Collision damage,0.0,False,24,1,1.0,23.681,False,2.0,"HARD,MEDIUM",20.25592105263158,30.74671052631579,35.13815789473684,False
2022,12,French Grand Prix,ricard,Circuit Paul Ricard,2022-07-24,max_verstappen,VER,Max Verstappen,red_bull,Red Bull,2,Front row (P2-P3),2.0,False,1,False,Finished,25.0,True,53,1,16.0,35.266,False,2.0,"HARD,MEDIUM",30.164843750000003,54.46171875,47.734375,False
2022,12,French Grand Prix,ricard,Circuit Paul Ricard,2022-07-24,hamilton,HAM,Lewis Hamilton,mercedes,Mercedes,4,Top 5 (P4-P5),4.0,False,2,False,Finished,18.0,True,53,1,18.0,37.189,False,2.0,"HARD,MEDIUM",30.164843750000003,54.46171875,47.734375,False
2022,12,French Grand Prix,ricard,Circuit Paul Ricard,2022-07-24,russell,RUS,George Russell,mercedes,Mercedes,6,Midfield (P6-P10),6.0,False,3,False,Finished,15.0,True,53,1,18.0,38.277,False,2.0,"HARD,MEDIUM",30.164843750000003,54.46171875,47.734375,False
2022,12,French Grand Prix,ricard,Circuit Paul Ricard,2022-07-24,perez,PER,Sergio Pérez,red_bull,Red Bull,3,Front row (P2-P3),3.0,False,4,False,Finished,12.0,True,53,1,18.0,38.061,False,2.0,"HARD,MEDIUM",30.164843750000003,54.46171875,47.734375,False
2022,12,French Grand Prix,ricard,Circuit Paul Ricard,2022-07-24,sainz,SAI,Carlos Sainz,ferrari,Ferrari,19,Back (P11+),9.0,False,5,False,Finished,11.0,True,53,2,18.0,41.875,False,2.0,"HARD,MEDIUM",30.164843750000003,54.46171875,47.734375,False
2022,12,French Grand Prix,ricard,Circuit Paul Ricard,2022-07-24,alonso,ALO,Fernando Alonso,alpine,Alpine F1 Team,7,Midfield (P6-P10),7.0,False,6,False,Finished,8.0,True,53,1,18.0,36.524,False,2.0,"HARD,MEDIUM",30.164843750000003,54.46171875,47.734375,False
2022,12,French Grand Prix,ricard,Circuit Paul Ricard,2022-07-24,norris,NOR,Lando Norris,mclaren,McLaren,5,Top 5 (P4-P5),5.0,False,7,False,Finished,6.0,True,53,1,18.0,37.539,False,2.0,"HARD,MEDIUM",30.164843750000003,54.46171875,47.734375,False
2022,12,French Grand Prix,ricard,Circuit Paul Ricard,2022-07-24,ocon,OCO,Esteban Ocon,alpine,Alpine F1 Team,10,Midfield (P6-P10),12.0,False,8,False,Finished,4.0,True,53,1,18.0,44.747,False,2.0,"HARD,MEDIUM",30.164843750000003,54.46171875,47.734375,False
2022,12,French Grand Prix,ricard,Circuit Paul Ricard,2022-07-24,ricciardo,RIC,Daniel Ricciardo,mclaren,McLaren,9,Midfield (P6-P10),11.0,False,9,False,Finished,2.0,True,53,1,18.0,36.264,False,2.0,"HARD,MEDIUM",30.164843750000003,54.46171875,47.734375,False
2022,12,French Grand Prix,ricard,Circuit Paul Ricard,2022-07-24,stroll,STR,Lance Stroll,aston_martin,Aston Martin,15,Back (P11+),17.0,False,10,False,Finished,1.0,True,53,1,18.0,39.844,False,2.0,"HARD,MEDIUM",30.164843750000003,54.46171875,47.734375,False
2022,12,French Grand Prix,ricard,Circuit Paul Ricard,2022-07-24,vettel,VET,Sebastian Vettel,aston_martin,Aston Martin,12,Back (P11+),14.0,False,11,False,Finished,0.0,False,53,1,19.0,36.671,False,2.0,"HARD,MEDIUM",30.164843750000003,54.46171875,47.734375,False
2022,12,French Grand Prix,ricard,Circuit Paul Ricard,2022-07-24,gasly,GAS,Pierre Gasly,alphatauri,AlphaTauri,14,Back (P11+),16.0,False,12,False,Finished,0.0,False,53,1,18.0,35.969,False,2.0,"HARD,MEDIUM",30.164843750000003,54.46171875,47.734375,False
2022,12,French Grand Prix,ricard,Circuit Paul Ricard,2022-07-24,albon,ALB,Alexander Albon,williams,Williams,13,Back (P11+),15.0,False,13,False,Finished,0.0,False,53,1,18.0,37.38,False,2.0,"HARD,MEDIUM",30.164843750000003,54.46171875,47.734375,False
2022,12,French Grand Prix,ricard,Circuit Paul Ricard,2022-07-24,bottas,BOT,Valtteri Bottas,alfa,Alfa Romeo,11,Back (P11+),13.0,False,14,False,Finished,0.0,False,53,2,18.0,37.1875,False,2.0,"HARD,MEDIUM",30.164843750000003,54.46171875,47.734375,False
2022,12,French Grand Prix,ricard,Circuit Paul Ricard,2022-07-24,mick_schumacher,MSC,Mick Schumacher,haas,Haas F1 Team,17,Back (P11+),19.0,False,15,False,Finished,0.0,False,53,2,9.0,36.8535,False,2.0,"HARD,MEDIUM",30.164843750000003,54.46171875,47.734375,False
2022,12,French Grand Prix,ricard,Circuit Paul Ricard,2022-07-24,zhou,ZHO,Guanyu Zhou,alfa,Alfa Romeo,16,Back (P11+),18.0,False,16,False,+6 Laps,0.0,False,47,2,9.0,43.617000000000004,False,2.0,"HARD,MEDIUM",30.164843750000003,54.46171875,47.734375,False
2022,12,French Grand Prix,ricard,Circuit Paul Ricard,2022-07-24,latifi,LAT,Nicholas Latifi,williams,Williams,18,Back (P11+),20.0,False,17,True,Collision damage,0.0,False,40,2,19.0,37.2195,False,2.0,"HARD,MEDIUM",30.164843750000003,54.46171875,47.734375,False
2022,12,French Grand Prix,ricard,Circuit Paul Ricard,2022-07-24,kevin_magnussen,MAG,Kevin Magnussen,haas,Haas F1 Team,20,Back (P11+),10.0,False,18,True,Collision damage,0.0,False,37,2,8.0,36.591,False,2.0,"HARD,MEDIUM",30.164843750000003,54.46171875,47.734375,False
2022,12,French Grand Prix,ricard,Circuit Paul Ricard,2022-07-24,leclerc,LEC,Charles Leclerc,ferrari,Ferrari,1,Pole (P1),1.0,False,19,True,Accident,0.0,False,17,0,,,False,1.0,MEDIUM,30.164843750000003,54.46171875,47.734375,False
2022,12,French Grand Prix,ricard,Circuit Paul Ricard,2022-07-24,tsunoda,TSU,Yuki Tsunoda,alphatauri,AlphaTauri,8,Midfield (P6-P10),8.0,False,20,True,Undertray,0.0,False,17,1,11.0,37.648,False,2.0,"HARD,MEDIUM",30.164843750000003,54.46171875,47.734375,False
2022,13,Hungarian Grand Prix,hungaroring,Hungaroring,2022-07-31,max_verstappen,VER,Max Verstappen,red_bull,Red Bull,10,Midfield (P6-P10),10.0,False,1,False,Finished,25.0,True,70,2,16.0,21.2895,False,2.0,"MEDIUM,SOFT",18.559880239520957,26.720958083832333,69.31736526946108,True
2022,13,Hungarian Grand Prix,hungaroring,Hungaroring,2022-07-31,hamilton,HAM,Lewis Hamilton,mercedes,Mercedes,7,Midfield (P6-P10),7.0,False,2,False,Finished,19.0,True,70,2,19.0,21.897,False,2.0,"MEDIUM,SOFT",18.559880239520957,26.720958083832333,69.31736526946108,True
2022,13,Hungarian Grand Prix,hungaroring,Hungaroring,2022-07-31,russell,RUS,George Russell,mercedes,Mercedes,1,Pole (P1),1.0,False,3,False,Finished,15.0,True,70,2,16.0,22.253,False,2.0,"MEDIUM,SOFT",18.559880239520957,26.720958083832333,69.31736526946108,True
2022,13,Hungarian Grand Prix,hungaroring,Hungaroring,2022-07-31,sainz,SAI,Carlos Sainz,ferrari,Ferrari,2,Front row (P2-P3),2.0,False,4,False,Finished,12.0,True,70,2,17.0,23.137999999999998,False,2.0,"MEDIUM,SOFT",18.559880239520957,26.720958083832333,69.31736526946108,True
2022,13,Hungarian Grand Prix,hungaroring,Hungaroring,2022-07-31,perez,PER,Sergio Pérez,red_bull,Red Bull,11,Back (P11+),11.0,False,5,False,Finished,10.0,True,70,2,18.0,21.1425,False,2.0,"MEDIUM,SOFT",18.559880239520957,26.720958083832333,69.31736526946108,True
2022,13,Hungarian Grand Prix,hungaroring,Hungaroring,2022-07-31,leclerc,LEC,Charles Leclerc,ferrari,Ferrari,3,Front row (P2-P3),3.0,False,6,False,Finished,8.0,True,70,3,21.0,21.763666666666666,False,3.0,"HARD,MEDIUM,SOFT",18.559880239520957,26.720958083832333,69.31736526946108,True
2022,13,Hungarian Grand Prix,hungaroring,Hungaroring,2022-07-31,norris,NOR,Lando Norris,mclaren,McLaren,4,Top 5 (P4-P5),4.0,False,7,False,Finished,6.0,True,70,2,14.0,22.711,False,3.0,"HARD,MEDIUM,SOFT",18.559880239520957,26.720958083832333,69.31736526946108,True
2022,13,Hungarian Grand Prix,hungaroring,Hungaroring,2022-07-31,alonso,ALO,Fernando Alonso,alpine,Alpine F1 Team,6,Midfield (P6-P10),6.0,False,8,False,+1 Lap,4.0,True,69,1,21.0,22.083,False,2.0,"HARD,MEDIUM",18.559880239520957,26.720958083832333,69.31736526946108,True
2022,13,Hungarian Grand Prix,hungaroring,Hungaroring,2022-07-31,ocon,OCO,Esteban Ocon,alpine,Alpine F1 Team,5,Top 5 (P4-P5),5.0,False,9,False,+1 Lap,2.0,True,69,1,23.0,23.581,False,2.0,"HARD,MEDIUM",18.559880239520957,26.720958083832333,69.31736526946108,True
2022,13,Hungarian Grand Prix,hungaroring,Hungaroring,2022-07-31,vettel,VET,Sebastian Vettel,aston_martin,Aston Martin,18,Back (P11+),18.0,False,10,False,+1 Lap,1.0,True,69,2,15.0,23.216,False,2.0,"MEDIUM,SOFT",18.559880239520957,26.720958083832333,69.31736526946108,True
2022,13,Hungarian Grand Prix,hungaroring,Hungaroring,2022-07-31,stroll,STR,Lance Stroll,aston_martin,Aston Martin,14,Back (P11+),14.0,False,11,False,+1 Lap,0.0,False,69,2,14.0,21.697,False,2.0,"MEDIUM,SOFT",18.559880239520957,26.720958083832333,69.31736526946108,True
2022,13,Hungarian Grand Prix,hungaroring,Hungaroring,2022-07-31,gasly,GAS,Pierre Gasly,alphatauri,AlphaTauri,21,Back (P11+),19.0,False,12,False,+1 Lap,0.0,False,69,2,16.0,21.582,False,2.0,"MEDIUM,SOFT",18.559880239520957,26.720958083832333,69.31736526946108,True
2022,13,Hungarian Grand Prix,hungaroring,Hungaroring,2022-07-31,zhou,ZHO,Guanyu Zhou,alfa,Alfa Romeo,12,Back (P11+),12.0,False,13,False,+1 Lap,0.0,False,69,2,27.0,25.2695,False,3.0,"HARD,MEDIUM,SOFT",18.559880239520957,26.720958083832333,69.31736526946108,True
2022,13,Hungarian Grand Prix,hungaroring,Hungaroring,2022-07-31,mick_schumacher,MSC,Mick Schumacher,haas,Haas F1 Team,15,Back (P11+),15.0,False,14,False,+1 Lap,0.0,False,69,2,21.0,22.7595,False,2.0,"HARD,MEDIUM",18.559880239520957,26.720958083832333,69.31736526946108,True
2022,13,Hungarian Grand Prix,hungaroring,Hungaroring,2022-07-31,ricciardo,RIC,Daniel Ricciardo,mclaren,McLaren,9,Midfield (P6-P10),9.0,False,15,False,+1 Lap,0.0,False,69,2,15.0,21.5395,False,3.0,"HARD,MEDIUM,SOFT",18.559880239520957,26.720958083832333,69.31736526946108,True
2022,13,Hungarian Grand Prix,hungaroring,Hungaroring,2022-07-31,kevin_magnussen,MAG,Kevin Magnussen,haas,Haas F1 Team,13,Back (P11+),13.0,False,16,False,+1 Lap,0.0,False,69,3,6.0,25.332666666666665,False,3.0,"HARD,MEDIUM,SOFT",18.559880239520957,26.720958083832333,69.31736526946108,True
2022,13,Hungarian Grand Prix,hungaroring,Hungaroring,2022-07-31,albon,ALB,Alexander Albon,williams,Williams,17,Back (P11+),17.0,False,17,False,+1 Lap,0.0,False,69,3,2.0,25.77933333333333,False,2.0,"MEDIUM,SOFT",18.559880239520957,26.720958083832333,69.31736526946108,True
2022,13,Hungarian Grand Prix,hungaroring,Hungaroring,2022-07-31,latifi,LAT,Nicholas Latifi,williams,Williams,19,Back (P11+),20.0,False,18,False,+1 Lap,0.0,False,69,3,18.0,24.364666666666665,False,2.0,"MEDIUM,SOFT",18.559880239520957,26.720958083832333,69.31736526946108,True
2022,13,Hungarian Grand Prix,hungaroring,Hungaroring,2022-07-31,tsunoda,TSU,Yuki Tsunoda,alphatauri,AlphaTauri,16,Back (P11+),16.0,False,19,False,+2 Laps,0.0,False,68,3,13.0,21.907,False,2.0,"MEDIUM,SOFT",18.559880239520957,26.720958083832333,69.31736526946108,True
2022,13,Hungarian Grand Prix,hungaroring,Hungaroring,2022-07-31,bottas,BOT,Valtteri Bottas,alfa,Alfa Romeo,8,Midfield (P6-P10),8.0,False,20,True,Power Unit,0.0,False,65,1,26.0,22.272,False,2.0,"HARD,MEDIUM",18.559880239520957,26.720958083832333,69.31736526946108,True
2022,14,Belgian Grand Prix,spa,Circuit de Spa-Francorchamps,2022-08-28,max_verstappen,VER,Max Verstappen,red_bull,Red Bull,14,Back (P11+),1.0,False,1,False,Finished,26.0,True,44,2,15.0,22.602,False,2.0,"MEDIUM,SOFT",21.78717948717949,36.08397435897436,40.51923076923077,False
2022,14,Belgian Grand Prix,spa,Circuit de Spa-Francorchamps,2022-08-28,perez,PER,Sergio Pérez,red_bull,Red Bull,2,Front row (P2-P3),3.0,False,2,False,Finished,18.0,True,44,2,14.0,22.499499999999998,False,2.0,"HARD,MEDIUM",21.78717948717949,36.08397435897436,40.51923076923077,False
2022,14,Belgian Grand Prix,spa,Circuit de Spa-Francorchamps,2022-08-28,sainz,SAI,Carlos Sainz,ferrari,Ferrari,1,Pole (P1),2.0,False,3,False,Finished,15.0,True,44,2,11.0,22.6465,False,3.0,"HARD,MEDIUM,SOFT",21.78717948717949,36.08397435897436,40.51923076923077,False
2022,14,Belgian Grand Prix,spa,Circuit de Spa-Francorchamps,2022-08-28,russell,RUS,George Russell,mercedes,Mercedes,5,Top 5 (P4-P5),8.0,False,4,False,Finished,12.0,True,44,2,13.0,22.901,False,2.0,"HARD,MEDIUM",21.78717948717949,36.08397435897436,40.51923076923077,False
2022,14,Belgian Grand Prix,spa,Circuit de Spa-Francorchamps,2022-08-28,alonso,ALO,Fernando Alonso,alpine,Alpine F1 Team,3,Front row (P2-P3),6.0,False,5,False,Finished,10.0,True,44,2,11.0,23.2975,False,2.0,"HARD,MEDIUM",21.78717948717949,36.08397435897436,40.51923076923077,False
2022,14,Belgian Grand Prix,spa,Circuit de Spa-Francorchamps,2022-08-28,leclerc,LEC,Charles Leclerc,ferrari,Ferrari,15,Back (P11+),4.0,False,6,False,Finished,8.0,True,44,3,3.0,23.573666666666668,False,2.0,"MEDIUM,SOFT",21.78717948717949,36.08397435897436,40.51923076923077,False
2022,14,Belgian Grand Prix,spa,Circuit de Spa-Francorchamps,2022-08-28,ocon,OCO,Esteban Ocon,alpine,Alpine F1 Team,16,Back (P11+),5.0,False,7,False,Finished,6.0,True,44,2,12.0,23.500999999999998,False,2.0,"HARD,MEDIUM",21.78717948717949,36.08397435897436,40.51923076923077,False
2022,14,Belgian Grand Prix,spa,Circuit de Spa-Francorchamps,2022-08-28,vettel,VET,Sebastian Vettel,aston_martin,Aston Martin,10,Midfield (P6-P10),16.0,False,8,False,Finished,4.0,True,44,2,14.0,23.0275,False,2.0,"HARD,MEDIUM",21.78717948717949,36.08397435897436,40.51923076923077,False
2022,14,Belgian Grand Prix,spa,Circuit de Spa-Francorchamps,2022-08-28,gasly,GAS,Pierre Gasly,alphatauri,AlphaTauri,21,Back (P11+),12.0,False,9,False,Finished,2.0,True,44,2,10.0,22.6995,False,3.0,"HARD,MEDIUM,SOFT",21.78717948717949,36.08397435897436,40.51923076923077,False
2022,14,Belgian Grand Prix,spa,Circuit de Spa-Francorchamps,2022-08-28,albon,ALB,Alexander Albon,williams,Williams,6,Midfield (P6-P10),9.0,False,10,False,Finished,1.0,True,44,2,10.0,23.874499999999998,False,2.0,"HARD,MEDIUM",21.78717948717949,36.08397435897436,40.51923076923077,False
2022,14,Belgian Grand Prix,spa,Circuit de Spa-Francorchamps,2022-08-28,stroll,STR,Lance Stroll,aston_martin,Aston Martin,9,Midfield (P6-P10),14.0,False,11,False,Finished,0.0,False,44,2,15.0,23.451999999999998,False,2.0,"HARD,MEDIUM",21.78717948717949,36.08397435897436,40.51923076923077,False
2022,14,Belgian Grand Prix,spa,Circuit de Spa-Francorchamps,2022-08-28,norris,NOR,Lando Norris,mclaren,McLaren,17,Back (P11+),10.0,False,12,False,Finished,0.0,False,44,2,13.0,23.298000000000002,False,2.0,"HARD,MEDIUM",21.78717948717949,36.08397435897436,40.51923076923077,False
2022,14,Belgian Grand Prix,spa,Circuit de Spa-Francorchamps,2022-08-28,tsunoda,TSU,Yuki Tsunoda,alphatauri,AlphaTauri,21,Back (P11+),19.0,False,13,False,Finished,0.0,False,44,2,18.0,27.154,False,3.0,"HARD,MEDIUM,SOFT",21.78717948717949,36.08397435897436,40.51923076923077,False
2022,14,Belgian Grand Prix,spa,Circuit de Spa-Francorchamps,2022-08-28,zhou,ZHO,Guanyu Zhou,alfa,Alfa Romeo,18,Back (P11+),13.0,False,14,False,Finished,0.0,False,44,2,14.0,23.554000000000002,False,2.0,"MEDIUM,SOFT",21.78717948717949,36.08397435897436,40.51923076923077,False
2022,14,Belgian Grand Prix,spa,Circuit de Spa-Francorchamps,2022-08-28,ricciardo,RIC,Daniel Ricciardo,mclaren,McLaren,7,Midfield (P6-P10),11.0,False,15,False,Finished,0.0,False,44,2,12.0,23.1155,False,2.0,"HARD,MEDIUM",21.78717948717949,36.08397435897436,40.51923076923077,False
2022,14,Belgian Grand Prix,spa,Circuit de Spa-Francorchamps,2022-08-28,kevin_magnussen,MAG,Kevin Magnussen,haas,Haas F1 Team,12,Back (P11+),18.0,False,16,False,+1 Lap,0.0,False,43,2,11.0,25.1055,False,2.0,"HARD,MEDIUM",21.78717948717949,36.08397435897436,40.51923076923077,False
2022,14,Belgian Grand Prix,spa,Circuit de Spa-Francorchamps,2022-08-28,mick_schumacher,MSC,Mick Schumacher,haas,Haas F1 Team,19,Back (P11+),15.0,False,17,False,+1 Lap,0.0,False,43,2,14.0,24.57,False,2.0,"HARD,MEDIUM",21.78717948717949,36.08397435897436,40.51923076923077,False
2022,14,Belgian Grand Prix,spa,Circuit de Spa-Francorchamps,2022-08-28,latifi,LAT,Nicholas Latifi,williams,Williams,11,Back (P11+),17.0,False,18,False,+1 Lap,0.0,False,43,3,3.0,27.802333333333337,False,3.0,"HARD,MEDIUM,SOFT",21.78717948717949,36.08397435897436,40.51923076923077,False
2022,14,Belgian Grand Prix,spa,Circuit de Spa-Francorchamps,2022-08-28,bottas,BOT,Valtteri Bottas,alfa,Alfa Romeo,13,Back (P11+),20.0,False,19,True,Accident,0.0,False,1,0,,,False,1.0,SOFT,21.78717948717949,36.08397435897436,40.51923076923077,False
2022,14,Belgian Grand Prix,spa,Circuit de Spa-Francorchamps,2022-08-28,hamilton,HAM,Lewis Hamilton,mercedes,Mercedes,4,Top 5 (P4-P5),7.0,False,20,True,Collision damage,0.0,False,0,0,,,False,1.0,MEDIUM,21.78717948717949,36.08397435897436,40.51923076923077,False
2022,15,Dutch Grand Prix,zandvoort,Circuit Park Zandvoort,2022-09-04,max_verstappen,VER,Max Verstappen,red_bull,Red Bull,1,Pole (P1),1.0,False,1,False,Finished,26.0,True,72,4,18.0,18.253,False,3.0,"HARD,MEDIUM,SOFT",22.73006134969325,33.44601226993865,75.38036809815951,False
2022,15,Dutch Grand Prix,zandvoort,Circuit Park Zandvoort,2022-09-04,russell,RUS,George Russell,mercedes,Mercedes,6,Midfield (P6-P10),6.0,False,2,False,Finished,18.0,True,72,3,31.0,20.488,False,3.0,"HARD,MEDIUM,SOFT",22.73006134969325,33.44601226993865,75.38036809815951,False
2022,15,Dutch Grand Prix,zandvoort,Circuit Park Zandvoort,2022-09-04,leclerc,LEC,Charles Leclerc,ferrari,Ferrari,2,Front row (P2-P3),2.0,False,3,False,Finished,15.0,True,72,4,17.0,17.937,False,3.0,"HARD,MEDIUM,SOFT",22.73006134969325,33.44601226993865,75.38036809815951,False
2022,15,Dutch Grand Prix,zandvoort,Circuit Park Zandvoort,2022-09-04,hamilton,HAM,Lewis Hamilton,mercedes,Mercedes,4,Top 5 (P4-P5),4.0,False,4,False,Finished,12.0,True,72,3,29.0,17.455000000000002,False,2.0,"HARD,MEDIUM",22.73006134969325,33.44601226993865,75.38036809815951,False
2022,15,Dutch Grand Prix,zandvoort,Circuit Park Zandvoort,2022-09-04,perez,PER,Sergio Pérez,red_bull,Red Bull,5,Top 5 (P4-P5),5.0,False,5,False,Finished,10.0,True,72,4,14.0,17.734,False,3.0,"HARD,MEDIUM,SOFT",22.73006134969325,33.44601226993865,75.38036809815951,False
2022,15,Dutch Grand Prix,zandvoort,Circuit Park Zandvoort,2022-09-04,alonso,ALO,Fernando Alonso,alpine,Alpine F1 Team,13,Back (P11+),13.0,False,6,False,Finished,8.0,True,72,3,12.0,18.947,False,2.0,"HARD,SOFT",22.73006134969325,33.44601226993865,75.38036809815951,False
2022,15,Dutch Grand Prix,zandvoort,Circuit Park Zandvoort,2022-09-04,norris,NOR,Lando Norris,mclaren,McLaren,7,Midfield (P6-P10),7.0,False,7,False,Finished,6.0,True,72,3,17.0,20.561333333333334,False,3.0,"HARD,MEDIUM,SOFT",22.73006134969325,33.44601226993865,75.38036809815951,False
2022,15,Dutch Grand Prix,zandvoort,Circuit Park Zandvoort,2022-09-04,sainz,SAI,Carlos Sainz,ferrari,Ferrari,3,Front row (P2-P3),3.0,False,8,False,Finished,4.0,True,72,3,14.0,23.453999999999997,False,3.0,"HARD,MEDIUM,SOFT",22.73006134969325,33.44601226993865,75.38036809815951,False
2022,15,Dutch Grand Prix,zandvoort,Circuit Park Zandvoort,2022-09-04,ocon,OCO,Esteban Ocon,alpine,Alpine F1 Team,12,Back (P11+),12.0,False,9,False,Finished,2.0,True,72,3,18.0,18.366,False,2.0,"HARD,SOFT",22.73006134969325,33.44601226993865,75.38036809815951,False
2022,15,Dutch Grand Prix,zandvoort,Circuit Park Zandvoort,2022-09-04,stroll,STR,Lance Stroll,aston_martin,Aston Martin,10,Midfield (P6-P10),10.0,False,10,False,Finished,1.0,True,72,4,16.0,18.4195,False,3.0,"HARD,MEDIUM,SOFT",22.73006134969325,33.44601226993865,75.38036809815951,False
2022,15,Dutch Grand Prix,zandvoort,Circuit Park Zandvoort,2022-09-04,gasly,GAS,Pierre Gasly,alphatauri,AlphaTauri,11,Back (P11+),11.0,False,11,False,Finished,0.0,False,72,4,11.0,17.5085,False,3.0,"HARD,MEDIUM,SOFT",22.73006134969325,33.44601226993865,75.38036809815951,False
2022,15,Dutch Grand Prix,zandvoort,Circuit Park Zandvoort,2022-09-04,albon,ALB,Alexander Albon,williams,Williams,15,Back (P11+),15.0,False,12,False,Finished,0.0,False,72,4,21.0,18.4645,False,3.0,"HARD,MEDIUM,SOFT",22.73006134969325,33.44601226993865,75.38036809815951,False
2022,15,Dutch Grand Prix,zandvoort,Circuit Park Zandvoort,2022-09-04,mick_schumacher,MSC,Mick Schumacher,haas,Haas F1 Team,8,Midfield (P6-P10),8.0,False,13,False,Finished,0.0,False,72,4,13.0,20.7635,False,3.0,"HARD,MEDIUM,SOFT",22.73006134969325,33.44601226993865,75.38036809815951,False
2022,15,Dutch Grand Prix,zandvoort,Circuit Park Zandvoort,2022-09-04,vettel,VET,Sebastian Vettel,aston_martin,Aston Martin,19,Back (P11+),19.0,False,14,False,Finished,0.0,False,72,4,9.0,18.65125,False,3.0,"HARD,MEDIUM,SOFT",22.73006134969325,33.44601226993865,75.38036809815951,False
2022,15,Dutch Grand Prix,zandvoort,Circuit Park Zandvoort,2022-09-04,kevin_magnussen,MAG,Kevin Magnussen,haas,Haas F1 Team,18,Back (P11+),18.0,False,15,False,Finished,0.0,False,72,4,14.0,20.58325,False,3.0,"HARD,MEDIUM,SOFT",22.73006134969325,33.44601226993865,75.38036809815951,False
2022,15,Dutch Grand Prix,zandvoort,Circuit Park Zandvoort,2022-09-04,zhou,ZHO,Guanyu Zhou,alfa,Alfa Romeo,14,Back (P11+),14.0,False,16,False,Finished,0.0,False,72,4,12.0,19.82425,False,2.0,"MEDIUM,SOFT",22.73006134969325,33.44601226993865,75.38036809815951,False
2022,15,Dutch Grand Prix,zandvoort,Circuit Park Zandvoort,2022-09-04,ricciardo,RIC,Daniel Ricciardo,mclaren,McLaren,17,Back (P11+),17.0,False,17,False,Finished,0.0,False,72,5,11.0,18.7238,False,3.0,"HARD,MEDIUM,SOFT",22.73006134969325,33.44601226993865,75.38036809815951,False
2022,15,Dutch Grand Prix,zandvoort,Circuit Park Zandvoort,2022-09-04,latifi,LAT,Nicholas Latifi,williams,Williams,20,Back (P11+),20.0,False,18,False,+1 Lap,0.0,False,71,4,13.0,18.88175,False,3.0,"HARD,MEDIUM,SOFT",22.73006134969325,33.44601226993865,75.38036809815951,False
2022,15,Dutch Grand Prix,zandvoort,Circuit Park Zandvoort,2022-09-04,bottas,BOT,Valtteri Bottas,alfa,Alfa Romeo,16,Back (P11+),16.0,False,19,True,Engine,0.0,False,53,2,16.0,20.395,False,2.0,"MEDIUM,SOFT",22.73006134969325,33.44601226993865,75.38036809815951,False
2022,15,Dutch Grand Prix,zandvoort,Circuit Park Zandvoort,2022-09-04,tsunoda,TSU,Yuki Tsunoda,alphatauri,AlphaTauri,9,Midfield (P6-P10),9.0,False,20,True,Differential,0.0,False,43,3,13.0,30.250333333333334,False,3.0,"HARD,MEDIUM,SOFT",22.73006134969325,33.44601226993865,75.38036809815951,False
2022,16,Italian Grand Prix,monza,Autodromo Nazionale di Monza,2022-09-11,max_verstappen,VER,Max Verstappen,red_bull,Red Bull,7,Midfield (P6-P10),2.0,False,1,False,Finished,25.0,True,53,2,25.0,23.941000000000003,False,,,,,,
2022,16,Italian Grand Prix,monza,Autodromo Nazionale di Monza,2022-09-11,leclerc,LEC,Charles Leclerc,ferrari,Ferrari,1,Pole (P1),1.0,False,2,False,Finished,18.0,True,53,3,12.0,23.718,False,,,,,,
2022,16,Italian Grand Prix,monza,Autodromo Nazionale di Monza,2022-09-11,russell,RUS,George Russell,mercedes,Mercedes,2,Front row (P2-P3),6.0,False,3,False,Finished,15.0,True,53,2,23.0,24.5945,False,,,,,,
2022,16,Italian Grand Prix,monza,Autodromo Nazionale di Monza,2022-09-11,sainz,SAI,Carlos Sainz,ferrari,Ferrari,18,Back (P11+),3.0,False,4,False,Finished,12.0,True,53,2,30.0,24.1265,False,,,,,,
2022,16,Italian Grand Prix,monza,Autodromo Nazionale di Monza,2022-09-11,hamilton,HAM,Lewis Hamilton,mercedes,Mercedes,19,Back (P11+),5.0,False,5,False,Finished,10.0,True,53,1,33.0,24.282,False,,,,,,
2022,16,Italian Grand Prix,monza,Autodromo Nazionale di Monza,2022-09-11,perez,PER,Sergio Pérez,red_bull,Red Bull,13,Back (P11+),4.0,False,6,False,Finished,9.0,True,53,2,7.0,23.4985,False,,,,,,
2022,16,Italian Grand Prix,monza,Autodromo Nazionale di Monza,2022-09-11,norris,NOR,Lando Norris,mclaren,McLaren,3,Front row (P2-P3),7.0,False,7,False,Finished,6.0,True,53,2,35.0,25.749,False,,,,,,
2022,16,Italian Grand Prix,monza,Autodromo Nazionale di Monza,2022-09-11,gasly,GAS,Pierre Gasly,alphatauri,AlphaTauri,5,Top 5 (P4-P5),9.0,False,8,False,Finished,4.0,True,53,1,18.0,25.376,False,,,,,,
2022,16,Italian Grand Prix,monza,Autodromo Nazionale di Monza,2022-09-11,de_vries,DEV,Nyck de Vries,williams,Williams,8,Midfield (P6-P10),13.0,False,9,False,Finished,2.0,True,53,1,19.0,24.628,False,,,,,,
2022,16,Italian Grand Prix,monza,Autodromo Nazionale di Monza,2022-09-11,zhou,ZHO,Guanyu Zhou,alfa,Alfa Romeo,9,Midfield (P6-P10),14.0,False,10,False,Finished,1.0,True,53,1,18.0,25.366,False,,,,,,
2022,16,Italian Grand Prix,monza,Autodromo Nazionale di Monza,2022-09-11,ocon,OCO,Esteban Ocon,alpine,Alpine F1 Team,14,Back (P11+),11.0,False,11,False,Finished,0.0,False,53,1,19.0,24.336,False,,,,,,
2022,16,Italian Grand Prix,monza,Autodromo Nazionale di Monza,2022-09-11,mick_schumacher,MSC,Mick Schumacher,haas,Haas F1 Team,17,Back (P11+),20.0,False,12,False,Finished,0.0,False,53,1,33.0,24.817,False,,,,,,
2022,16,Italian Grand Prix,monza,Autodromo Nazionale di Monza,2022-09-11,bottas,BOT,Valtteri Bottas,alfa,Alfa Romeo,15,Back (P11+),12.0,False,13,False,+1 Lap,0.0,False,52,1,35.0,24.758,False,,,,,,
2022,16,Italian Grand Prix,monza,Autodromo Nazionale di Monza,2022-09-11,tsunoda,TSU,Yuki Tsunoda,alphatauri,AlphaTauri,20,Back (P11+),15.0,False,14,False,+1 Lap,0.0,False,52,2,19.0,23.9565,False,,,,,,
2022,16,Italian Grand Prix,monza,Autodromo Nazionale di Monza,2022-09-11,latifi,LAT,Nicholas Latifi,williams,Williams,10,Midfield (P6-P10),16.0,False,15,False,+1 Lap,0.0,False,52,2,15.0,25.5225,False,,,,,,
2022,16,Italian Grand Prix,monza,Autodromo Nazionale di Monza,2022-09-11,kevin_magnussen,MAG,Kevin Magnussen,haas,Haas F1 Team,16,Back (P11+),19.0,False,16,False,+1 Lap,0.0,False,52,2,24.0,27.505000000000003,False,,,,,,
2022,16,Italian Grand Prix,monza,Autodromo Nazionale di Monza,2022-09-11,ricciardo,RIC,Daniel Ricciardo,mclaren,McLaren,4,Top 5 (P4-P5),8.0,False,17,True,Oil leak,0.0,False,45,1,19.0,25.164,False,,,,,,
2022,16,Italian Grand Prix,monza,Autodromo Nazionale di Monza,2022-09-11,stroll,STR,Lance Stroll,aston_martin,Aston Martin,12,Back (P11+),18.0,False,18,True,Engine,0.0,False,39,1,18.0,24.254,False,,,,,,
2022,16,Italian Grand Prix,monza,Autodromo Nazionale di Monza,2022-09-11,alonso,ALO,Fernando Alonso,alpine,Alpine F1 Team,6,Midfield (P6-P10),10.0,False,19,True,Water pressure,0.0,False,31,0,,,False,,,,,,
2022,16,Italian Grand Prix,monza,Autodromo Nazionale di Monza,2022-09-11,vettel,VET,Sebastian Vettel,aston_martin,Aston Martin,11,Back (P11+),17.0,False,20,True,Engine,0.0,False,10,0,,,False,,,,,,
2022,17,Singapore Grand Prix,marina_bay,Marina Bay Street Circuit,2022-10-02,perez,PER,Sergio Pérez,red_bull,Red Bull,2,Front row (P2-P3),2.0,False,1,False,Finished,25.0,True,59,1,35.0,29.55,False,,,,,,
2022,17,Singapore Grand Prix,marina_bay,Marina Bay Street Circuit,2022-10-02,leclerc,LEC,Charles Leclerc,ferrari,Ferrari,1,Pole (P1),1.0,False,2,False,Finished,18.0,True,59,1,34.0,32.058,False,,,,,,
2022,17,Singapore Grand Prix,marina_bay,Marina Bay Street Circuit,2022-10-02,sainz,SAI,Carlos Sainz,ferrari,Ferrari,4,Top 5 (P4-P5),4.0,False,3,False,Finished,15.0,True,59,1,35.0,30.603,False,,,,,,
2022,17,Singapore Grand Prix,marina_bay,Marina Bay Street Circuit,2022-10-02,norris,NOR,Lando Norris,mclaren,McLaren,6,Midfield (P6-P10),6.0,False,4,False,Finished,12.0,True,59,1,36.0,30.528,False,,,,,,
2022,17,Singapore Grand Prix,marina_bay,Marina Bay Street Circuit,2022-10-02,ricciardo,RIC,Daniel Ricciardo,mclaren,McLaren,16,Back (P11+),17.0,False,5,False,Finished,10.0,True,59,1,36.0,30.946,False,,,,,,
2022,17,Singapore Grand Prix,marina_bay,Marina Bay Street Circuit,2022-10-02,stroll,STR,Lance Stroll,aston_martin,Aston Martin,11,Back (P11+),12.0,False,6,False,Finished,8.0,True,59,1,35.0,29.863,False,,,,,,
2022,17,Singapore Grand Prix,marina_bay,Marina Bay Street Circuit,2022-10-02,max_verstappen,VER,Max Verstappen,red_bull,Red Bull,8,Midfield (P6-P10),8.0,False,7,False,Finished,6.0,True,59,2,35.0,29.591,False,,,,,,
2022,17,Singapore Grand Prix,marina_bay,Marina Bay Street Circuit,2022-10-02,vettel,VET,Sebastian Vettel,aston_martin,Aston Martin,13,Back (P11+),14.0,False,8,False,Finished,4.0,True,59,1,34.0,29.704,False,,,,,,
2022,17,Singapore Grand Prix,marina_bay,Marina Bay Street Circuit,2022-10-02,hamilton,HAM,Lewis Hamilton,mercedes,Mercedes,3,Front row (P2-P3),3.0,False,9,False,Finished,2.0,True,59,1,34.0,41.019,False,,,,,,
2022,17,Singapore Grand Prix,marina_bay,Marina Bay Street Circuit,2022-10-02,gasly,GAS,Pierre Gasly,alphatauri,AlphaTauri,7,Midfield (P6-P10),7.0,False,10,False,Finished,1.0,True,59,1,33.0,29.867,False,,,,,,
2022,17,Singapore Grand Prix,marina_bay,Marina Bay Street Circuit,2022-10-02,bottas,BOT,Valtteri Bottas,alfa,Alfa Romeo,15,Back (P11+),16.0,False,11,False,Finished,0.0,False,59,1,33.0,32.167,False,,,,,,
2022,17,Singapore Grand Prix,marina_bay,Marina Bay Street Circuit,2022-10-02,kevin_magnussen,MAG,Kevin Magnussen,haas,Haas F1 Team,9,Midfield (P6-P10),9.0,False,12,False,Finished,0.0,False,59,2,7.0,35.925,False,,,,,,
2022,17,Singapore Grand Prix,marina_bay,Marina Bay Street Circuit,2022-10-02,mick_schumacher,MSC,Mick Schumacher,haas,Haas F1 Team,12,Back (P11+),13.0,False,13,False,+1 Lap,0.0,False,58,2,34.0,32.9615,False,,,,,,
2022,17,Singapore Grand Prix,marina_bay,Marina Bay Street Circuit,2022-10-02,russell,RUS,George Russell,mercedes,Mercedes,21,Back (P11+),11.0,False,14,False,+2 Laps,0.0,False,57,4,21.0,30.79875,False,,,,,,
2022,17,Singapore Grand Prix,marina_bay,Marina Bay Street Circuit,2022-10-02,tsunoda,TSU,Yuki Tsunoda,alphatauri,AlphaTauri,10,Midfield (P6-P10),10.0,False,15,True,Accident,0.0,False,34,1,33.0,31.293,False,,,,,,
2022,17,Singapore Grand Prix,marina_bay,Marina Bay Street Circuit,2022-10-02,ocon,OCO,Esteban Ocon,alpine,Alpine F1 Team,17,Back (P11+),18.0,False,16,True,Engine,0.0,False,26,0,,,False,,,,,,
2022,17,Singapore Grand Prix,marina_bay,Marina Bay Street Circuit,2022-10-02,albon,ALB,Alexander Albon,williams,Williams,18,Back (P11+),19.0,False,17,True,Collision damage,0.0,False,25,0,,,False,,,,,,
2022,17,Singapore Grand Prix,marina_bay,Marina Bay Street Circuit,2022-10-02,alonso,ALO,Fernando Alonso,alpine,Alpine F1 Team,5,Top 5 (P4-P5),5.0,False,18,True,Engine,0.0,False,20,0,,,False,,,,,,
2022,17,Singapore Grand Prix,marina_bay,Marina Bay Street Circuit,2022-10-02,latifi,LAT,Nicholas Latifi,williams,Williams,19,Back (P11+),20.0,False,19,True,Collision damage,0.0,False,7,0,,,False,,,,,,
2022,17,Singapore Grand Prix,marina_bay,Marina Bay Street Circuit,2022-10-02,zhou,ZHO,Guanyu Zhou,alfa,Alfa Romeo,14,Back (P11+),15.0,False,20,True,Collision,0.0,False,6,0,,,False,,,,,,
2022,18,Japanese Grand Prix,suzuka,Suzuka Circuit,2022-10-09,max_verstappen,VER,Max Verstappen,red_bull,Red Bull,1,Pole (P1),1.0,False,1,False,Finished,25.0,True,28,2,2.0,24.308,False,,,,,,
2022,18,Japanese Grand Prix,suzuka,Suzuka Circuit,2022-10-09,perez,PER,Sergio Pérez,red_bull,Red Bull,4,Top 5 (P4-P5),4.0,False,2,False,Finished,18.0,True,28,2,2.0,25.322,False,,,,,,
2022,18,Japanese Grand Prix,suzuka,Suzuka Circuit,2022-10-09,leclerc,LEC,Charles Leclerc,ferrari,Ferrari,2,Front row (P2-P3),2.0,False,3,False,Finished,15.0,True,28,2,2.0,25.899,False,,,,,,
2022,18,Japanese Grand Prix,suzuka,Suzuka Circuit,2022-10-09,ocon,OCO,Esteban Ocon,alpine,Alpine F1 Team,5,Top 5 (P4-P5),5.0,False,4,False,Finished,12.0,True,28,2,2.0,25.172,False,,,,,,
2022,18,Japanese Grand Prix,suzuka,Suzuka Circuit,2022-10-09,hamilton,HAM,Lewis Hamilton,mercedes,Mercedes,6,Midfield (P6-P10),6.0,False,5,False,Finished,10.0,True,28,2,2.0,25.059,False,,,,,,
2022,18,Japanese Grand Prix,suzuka,Suzuka Circuit,2022-10-09,vettel,VET,Sebastian Vettel,aston_martin,Aston Martin,9,Midfield (P6-P10),9.0,False,6,False,Finished,8.0,True,28,2,2.0,24.218,False,,,,,,
2022,18,Japanese Grand Prix,suzuka,Suzuka Circuit,2022-10-09,alonso,ALO,Fernando Alonso,alpine,Alpine F1 Team,7,Midfield (P6-P10),7.0,False,7,False,Finished,6.0,True,28,3,2.0,24.1145,False,,,,,,
2022,18,Japanese Grand Prix,suzuka,Suzuka Circuit,2022-10-09,russell,RUS,George Russell,mercedes,Mercedes,8,Midfield (P6-P10),8.0,False,8,False,Finished,4.0,True,28,2,2.0,28.728,False,,,,,,
2022,18,Japanese Grand Prix,suzuka,Suzuka Circuit,2022-10-09,latifi,LAT,Nicholas Latifi,williams,Williams,20,Back (P11+),20.0,False,9,False,Finished,2.0,True,28,2,2.0,24.785,False,,,,,,
2022,18,Japanese Grand Prix,suzuka,Suzuka Circuit,2022-10-09,norris,NOR,Lando Norris,mclaren,McLaren,10,Midfield (P6-P10),10.0,False,10,False,Finished,1.0,True,28,2,2.0,24.595,False,,,,,,
2022,18,Japanese Grand Prix,suzuka,Suzuka Circuit,2022-10-09,ricciardo,RIC,Daniel Ricciardo,mclaren,McLaren,11,Back (P11+),11.0,False,11,False,Finished,0.0,False,28,2,2.0,25.377,False,,,,,,
2022,18,Japanese Grand Prix,suzuka,Suzuka Circuit,2022-10-09,stroll,STR,Lance Stroll,aston_martin,Aston Martin,19,Back (P11+),19.0,False,12,False,Finished,0.0,False,28,3,2.0,23.9375,False,,,,,,
2022,18,Japanese Grand Prix,suzuka,Suzuka Circuit,2022-10-09,tsunoda,TSU,Yuki Tsunoda,alphatauri,AlphaTauri,13,Back (P11+),13.0,False,13,False,Finished,0.0,False,28,3,2.0,24.0975,False,,,,,,
2022,18,Japanese Grand Prix,suzuka,Suzuka Circuit,2022-10-09,kevin_magnussen,MAG,Kevin Magnussen,haas,Haas F1 Team,18,Back (P11+),18.0,False,14,False,Finished,0.0,False,28,2,2.0,25.594,False,,,,,,
2022,18,Japanese Grand Prix,suzuka,Suzuka Circuit,2022-10-09,bottas,BOT,Valtteri Bottas,alfa,Alfa Romeo,12,Back (P11+),12.0,False,15,False,Finished,0.0,False,28,2,2.0,24.869,False,,,,,,
2022,18,Japanese Grand Prix,suzuka,Suzuka Circuit,2022-10-09,zhou,ZHO,Guanyu Zhou,alfa,Alfa Romeo,14,Back (P11+),14.0,False,16,False,Finished,0.0,False,28,3,2.0,24.414499999999997,False,,,,,,
2022,18,Japanese Grand Prix,suzuka,Suzuka Circuit,2022-10-09,mick_schumacher,MSC,Mick Schumacher,haas,Haas F1 Team,15,Back (P11+),15.0,False,17,False,Finished,0.0,False,28,2,2.0,24.608,False,,,,,,
2022,18,Japanese Grand Prix,suzuka,Suzuka Circuit,2022-10-09,gasly,GAS,Pierre Gasly,alphatauri,AlphaTauri,17,Back (P11+),17.0,False,18,False,Finished,0.0,False,28,4,1.0,30.08366666666667,False,,,,,,
2022,18,Japanese Grand Prix,suzuka,Suzuka Circuit,2022-10-09,sainz,SAI,Carlos Sainz,ferrari,Ferrari,3,Front row (P2-P3),3.0,False,19,True,Accident,0.0,False,0,0,,,False,,,,,,
2022,18,Japanese Grand Prix,suzuka,Suzuka Circuit,2022-10-09,albon,ALB,Alexander Albon,williams,Williams,16,Back (P11+),16.0,False,20,True,Hydraulics,0.0,False,0,0,,,False,,,,,,
2022,19,United States Grand Prix,americas,Circuit of the Americas,2022-10-23,max_verstappen,VER,Max Verstappen,red_bull,Red Bull,2,Front row (P2-P3),3.0,False,1,False,Finished,25.0,True,56,2,13.0,28.06,False,,,,,,
2022,19,United States Grand Prix,americas,Circuit of the Americas,2022-10-23,hamilton,HAM,Lewis Hamilton,mercedes,Mercedes,3,Front row (P2-P3),5.0,False,2,False,Finished,18.0,True,56,2,12.0,24.2485,False,,,,,,
2022,19,United States Grand Prix,americas,Circuit of the Americas,2022-10-23,leclerc,LEC,Charles Leclerc,ferrari,Ferrari,12,Back (P11+),2.0,False,3,False,Finished,15.0,True,56,2,18.0,24.0345,False,,,,,,
2022,19,United States Grand Prix,americas,Circuit of the Americas,2022-10-23,perez,PER,Sergio Pérez,red_bull,Red Bull,9,Midfield (P6-P10),4.0,False,4,False,Finished,12.0,True,56,2,14.0,24.101999999999997,False,,,,,,
2022,19,United States Grand Prix,americas,Circuit of the Americas,2022-10-23,russell,RUS,George Russell,mercedes,Mercedes,4,Top 5 (P4-P5),6.0,False,5,False,Finished,11.0,True,56,3,13.0,26.164666666666665,False,,,,,,
2022,19,United States Grand Prix,americas,Circuit of the Americas,2022-10-23,norris,NOR,Lando Norris,mclaren,McLaren,6,Midfield (P6-P10),8.0,False,6,False,Finished,8.0,True,56,2,14.0,23.864,False,,,,,,
2022,19,United States Grand Prix,americas,Circuit of the Americas,2022-10-23,alonso,ALO,Fernando Alonso,alpine,Alpine F1 Team,14,Back (P11+),9.0,False,7,False,Finished,6.0,True,56,2,18.0,31.7885,False,,,,,,
2022,19,United States Grand Prix,americas,Circuit of the Americas,2022-10-23,vettel,VET,Sebastian Vettel,aston_martin,Aston Martin,10,Midfield (P6-P10),12.0,False,8,False,Finished,4.0,True,56,2,18.0,31.232,False,,,,,,
2022,19,United States Grand Prix,americas,Circuit of the Americas,2022-10-23,kevin_magnussen,MAG,Kevin Magnussen,haas,Haas F1 Team,13,Back (P11+),16.0,False,9,False,Finished,2.0,True,56,1,18.0,29.039,False,,,,,,
2022,19,United States Grand Prix,americas,Circuit of the Americas,2022-10-23,tsunoda,TSU,Yuki Tsunoda,alphatauri,AlphaTauri,19,Back (P11+),15.0,False,10,False,Finished,1.0,True,56,2,10.0,23.4645,False,,,,,,
2022,19,United States Grand Prix,americas,Circuit of the Americas,2022-10-23,ocon,OCO,Esteban Ocon,alpine,Alpine F1 Team,21,Back (P11+),18.0,False,11,False,Finished,0.0,False,56,2,18.0,24.7635,False,,,,,,
2022,19,United States Grand Prix,americas,Circuit of the Americas,2022-10-23,zhou,ZHO,Guanyu Zhou,alfa,Alfa Romeo,18,Back (P11+),14.0,False,12,False,Finished,0.0,False,56,2,9.0,26.1705,False,,,,,,
2022,19,United States Grand Prix,americas,Circuit of the Americas,2022-10-23,albon,ALB,Alexander Albon,williams,Williams,8,Midfield (P6-P10),11.0,False,13,False,Finished,0.0,False,56,2,9.0,24.4675,False,,,,,,
2022,19,United States Grand Prix,americas,Circuit of the Americas,2022-10-23,gasly,GAS,Pierre Gasly,alphatauri,AlphaTauri,11,Back (P11+),13.0,False,14,False,Finished,0.0,False,56,2,11.0,26.294,False,,,,,,
2022,19,United States Grand Prix,americas,Circuit of the Americas,2022-10-23,mick_schumacher,MSC,Mick Schumacher,haas,Haas F1 Team,16,Back (P11+),19.0,False,15,False,Finished,0.0,False,56,2,18.0,24.93,False,,,,,,
2022,19,United States Grand Prix,americas,Circuit of the Americas,2022-10-23,ricciardo,RIC,Daniel Ricciardo,mclaren,McLaren,15,Back (P11+),17.0,False,16,False,Finished,0.0,False,56,2,10.0,25.320999999999998,False,,,,,,
2022,19,United States Grand Prix,americas,Circuit of the Americas,2022-10-23,latifi,LAT,Nicholas Latifi,williams,Williams,17,Back (P11+),20.0,False,17,False,Finished,0.0,False,56,2,5.0,24.758000000000003,False,,,,,,
2022,19,United States Grand Prix,americas,Circuit of the Americas,2022-10-23,stroll,STR,Lance Stroll,aston_martin,Aston Martin,5,Top 5 (P4-P5),7.0,False,18,True,Collision,0.0,False,21,1,15.0,25.417,False,,,,,,
2022,19,United States Grand Prix,americas,Circuit of the Americas,2022-10-23,bottas,BOT,Valtteri Bottas,alfa,Alfa Romeo,7,Midfield (P6-P10),10.0,False,19,True,Spun off,0.0,False,16,1,10.0,25.013,False,,,,,,
2022,19,United States Grand Prix,americas,Circuit of the Americas,2022-10-23,sainz,SAI,Carlos Sainz,ferrari,Ferrari,1,Pole (P1),1.0,False,20,True,Collision damage,0.0,False,1,0,,,False,,,,,,
2022,20,Mexico City Grand Prix,rodriguez,Autódromo Hermanos Rodríguez,2022-10-30,max_verstappen,VER,Max Verstappen,red_bull,Red Bull,1,Pole (P1),1.0,False,1,False,Finished,25.0,True,71,1,25.0,22.487,False,,,,,,
2022,20,Mexico City Grand Prix,rodriguez,Autódromo Hermanos Rodríguez,2022-10-30,hamilton,HAM,Lewis Hamilton,mercedes,Mercedes,3,Front row (P2-P3),3.0,False,2,False,Finished,18.0,True,71,1,29.0,23.194,False,,,,,,
2022,20,Mexico City Grand Prix,rodriguez,Autódromo Hermanos Rodríguez,2022-10-30,perez,PER,Sergio Pérez,red_bull,Red Bull,4,Top 5 (P4-P5),4.0,False,3,False,Finished,15.0,True,71,1,23.0,24.892,False,,,,,,
2022,20,Mexico City Grand Prix,rodriguez,Autódromo Hermanos Rodríguez,2022-10-30,russell,RUS,George Russell,mercedes,Mercedes,2,Front row (P2-P3),2.0,False,4,False,Finished,13.0,True,71,2,34.0,22.9565,False,,,,,,
2022,20,Mexico City Grand Prix,rodriguez,Autódromo Hermanos Rodríguez,2022-10-30,sainz,SAI,Carlos Sainz,ferrari,Ferrari,5,Top 5 (P4-P5),5.0,False,5,False,Finished,10.0,True,71,1,29.0,23.469,False,,,,,,
2022,20,Mexico City Grand Prix,rodriguez,Autódromo Hermanos Rodríguez,2022-10-30,leclerc,LEC,Charles Leclerc,ferrari,Ferrari,7,Midfield (P6-P10),7.0,False,6,False,Finished,8.0,True,71,1,28.0,22.193,False,,,,,,
2022,20,Mexico City Grand Prix,rodriguez,Autódromo Hermanos Rodríguez,2022-10-30,ricciardo,RIC,Daniel Ricciardo,mclaren,McLaren,11,Back (P11+),11.0,False,7,False,+1 Lap,6.0,True,70,1,44.0,22.28,False,,,,,,
2022,20,Mexico City Grand Prix,rodriguez,Autódromo Hermanos Rodríguez,2022-10-30,ocon,OCO,Esteban Ocon,alpine,Alpine F1 Team,10,Midfield (P6-P10),10.0,False,8,False,+1 Lap,4.0,True,70,1,33.0,22.343,False,,,,,,
2022,20,Mexico City Grand Prix,rodriguez,Autódromo Hermanos Rodríguez,2022-10-30,norris,NOR,Lando Norris,mclaren,McLaren,8,Midfield (P6-P10),8.0,False,9,False,+1 Lap,2.0,True,70,1,31.0,22.585,False,,,,,,
2022,20,Mexico City Grand Prix,rodriguez,Autódromo Hermanos Rodríguez,2022-10-30,bottas,BOT,Valtteri Bottas,alfa,Alfa Romeo,6,Midfield (P6-P10),6.0,False,10,False,+1 Lap,1.0,True,70,1,39.0,23.863,False,,,,,,
2022,20,Mexico City Grand Prix,rodriguez,Autódromo Hermanos Rodríguez,2022-10-30,gasly,GAS,Pierre Gasly,alphatauri,AlphaTauri,14,Back (P11+),14.0,False,11,False,+1 Lap,0.0,False,70,1,40.0,29.168,False,,,,,,
2022,20,Mexico City Grand Prix,rodriguez,Autódromo Hermanos Rodríguez,2022-10-30,albon,ALB,Alexander Albon,williams,Williams,17,Back (P11+),19.0,False,12,False,+1 Lap,0.0,False,70,1,38.0,23.182,False,,,,,,
2022,20,Mexico City Grand Prix,rodriguez,Autódromo Hermanos Rodríguez,2022-10-30,zhou,ZHO,Guanyu Zhou,alfa,Alfa Romeo,12,Back (P11+),12.0,False,13,False,+1 Lap,0.0,False,70,1,45.0,24.218,False,,,,,,
2022,20,Mexico City Grand Prix,rodriguez,Autódromo Hermanos Rodríguez,2022-10-30,vettel,VET,Sebastian Vettel,aston_martin,Aston Martin,16,Back (P11+),17.0,False,14,False,+1 Lap,0.0,False,70,1,38.0,22.534,False,,,,,,
2022,20,Mexico City Grand Prix,rodriguez,Autódromo Hermanos Rodríguez,2022-10-30,stroll,STR,Lance Stroll,aston_martin,Aston Martin,20,Back (P11+),18.0,False,15,False,+1 Lap,0.0,False,70,2,17.0,23.314,False,,,,,,
2022,20,Mexico City Grand Prix,rodriguez,Autódromo Hermanos Rodríguez,2022-10-30,mick_schumacher,MSC,Mick Schumacher,haas,Haas F1 Team,15,Back (P11+),16.0,False,16,False,+1 Lap,0.0,False,70,1,24.0,23.679,False,,,,,,
2022,20,Mexico City Grand Prix,rodriguez,Autódromo Hermanos Rodríguez,2022-10-30,kevin_magnussen,MAG,Kevin Magnussen,haas,Haas F1 Team,19,Back (P11+),15.0,False,17,False,+1 Lap,0.0,False,70,1,38.0,23.722,False,,,,,,
2022,20,Mexico City Grand Prix,rodriguez,Autódromo Hermanos Rodríguez,2022-10-30,latifi,LAT,Nicholas Latifi,williams,Williams,18,Back (P11+),20.0,False,18,False,+2 Laps,0.0,False,69,2,23.0,23.9325,False,,,,,,
2022,20,Mexico City Grand Prix,rodriguez,Autódromo Hermanos Rodríguez,2022-10-30,alonso,ALO,Fernando Alonso,alpine,Alpine F1 Team,9,Midfield (P6-P10),9.0,False,19,True,Engine,0.0,False,63,1,40.0,23.159,False,,,,,,
2022,20,Mexico City Grand Prix,rodriguez,Autódromo Hermanos Rodríguez,2022-10-30,tsunoda,TSU,Yuki Tsunoda,alphatauri,AlphaTauri,13,Back (P11+),13.0,False,20,True,Collision damage,0.0,False,50,1,29.0,22.468,False,,,,,,
2022,21,São Paulo Grand Prix,interlagos,Autódromo José Carlos Pace,2022-11-13,russell,RUS,George Russell,mercedes,Mercedes,1,Pole (P1),3.0,False,1,False,Finished,26.0,True,71,2,24.0,23.500500000000002,False,,,,,,
2022,21,São Paulo Grand Prix,interlagos,Autódromo José Carlos Pace,2022-11-13,hamilton,HAM,Lewis Hamilton,mercedes,Mercedes,2,Front row (P2-P3),8.0,False,2,False,Finished,18.0,True,71,2,29.0,23.747999999999998,False,,,,,,
2022,21,São Paulo Grand Prix,interlagos,Autódromo José Carlos Pace,2022-11-13,sainz,SAI,Carlos Sainz,ferrari,Ferrari,7,Midfield (P6-P10),5.0,False,3,False,Finished,15.0,True,71,3,17.0,24.168333333333333,False,,,,,,
2022,21,São Paulo Grand Prix,interlagos,Autódromo José Carlos Pace,2022-11-13,leclerc,LEC,Charles Leclerc,ferrari,Ferrari,5,Top 5 (P4-P5),10.0,False,4,False,Finished,12.0,True,71,3,7.0,25.458666666666662,False,,,,,,
2022,21,São Paulo Grand Prix,interlagos,Autódromo José Carlos Pace,2022-11-13,alonso,ALO,Fernando Alonso,alpine,Alpine F1 Team,17,Back (P11+),7.0,False,5,False,Finished,10.0,True,71,3,14.0,25.37433333333333,False,,,,,,
2022,21,São Paulo Grand Prix,interlagos,Autódromo José Carlos Pace,2022-11-13,max_verstappen,VER,Max Verstappen,red_bull,Red Bull,3,Front row (P2-P3),2.0,False,6,False,Finished,8.0,True,71,3,7.0,28.908666666666665,False,,,,,,
2022,21,São Paulo Grand Prix,interlagos,Autódromo José Carlos Pace,2022-11-13,perez,PER,Sergio Pérez,red_bull,Red Bull,4,Top 5 (P4-P5),9.0,False,7,False,Finished,6.0,True,71,2,23.0,23.0105,False,,,,,,
2022,21,São Paulo Grand Prix,interlagos,Autódromo José Carlos Pace,2022-11-13,ocon,OCO,Esteban Ocon,alpine,Alpine F1 Team,16,Back (P11+),6.0,False,8,False,Finished,4.0,True,71,2,24.0,24.1565,False,,,,,,
2022,21,São Paulo Grand Prix,interlagos,Autódromo José Carlos Pace,2022-11-13,bottas,BOT,Valtteri Bottas,alfa,Alfa Romeo,14,Back (P11+),18.0,False,9,False,Finished,2.0,True,71,2,24.0,24.262,False,,,,,,
2022,21,São Paulo Grand Prix,interlagos,Autódromo José Carlos Pace,2022-11-13,stroll,STR,Lance Stroll,aston_martin,Aston Martin,15,Back (P11+),15.0,False,10,False,Finished,1.0,True,71,2,29.0,23.616500000000002,False,,,,,,
2022,21,São Paulo Grand Prix,interlagos,Autódromo José Carlos Pace,2022-11-13,vettel,VET,Sebastian Vettel,aston_martin,Aston Martin,9,Midfield (P6-P10),13.0,False,11,False,Finished,0.0,False,71,2,26.0,24.137999999999998,False,,,,,,
2022,21,São Paulo Grand Prix,interlagos,Autódromo José Carlos Pace,2022-11-13,zhou,ZHO,Guanyu Zhou,alfa,Alfa Romeo,13,Back (P11+),17.0,False,12,False,Finished,0.0,False,71,2,16.0,24.7215,False,,,,,,
2022,21,São Paulo Grand Prix,interlagos,Autódromo José Carlos Pace,2022-11-13,mick_schumacher,MSC,Mick Schumacher,haas,Haas F1 Team,12,Back (P11+),20.0,False,13,False,Finished,0.0,False,71,2,24.0,24.8215,False,,,,,,
2022,21,São Paulo Grand Prix,interlagos,Autódromo José Carlos Pace,2022-11-13,gasly,GAS,Pierre Gasly,alphatauri,AlphaTauri,10,Midfield (P6-P10),12.0,False,14,False,Finished,0.0,False,71,3,19.0,23.265666666666664,False,,,,,,
2022,21,São Paulo Grand Prix,interlagos,Autódromo José Carlos Pace,2022-11-13,albon,ALB,Alexander Albon,williams,Williams,19,Back (P11+),11.0,False,15,False,Finished,0.0,False,71,3,4.0,23.67833333333333,False,,,,,,
2022,21,São Paulo Grand Prix,interlagos,Autódromo José Carlos Pace,2022-11-13,latifi,LAT,Nicholas Latifi,williams,Williams,18,Back (P11+),16.0,False,16,False,Finished,0.0,False,71,3,20.0,25.579666666666668,False,,,,,,
2022,21,São Paulo Grand Prix,interlagos,Autódromo José Carlos Pace,2022-11-13,tsunoda,TSU,Yuki Tsunoda,alphatauri,AlphaTauri,21,Back (P11+),19.0,False,17,False,+1 Lap,0.0,False,70,3,20.0,23.522333333333336,False,,,,,,
2022,21,São Paulo Grand Prix,interlagos,Autódromo José Carlos Pace,2022-11-13,norris,NOR,Lando Norris,mclaren,McLaren,6,Midfield (P6-P10),4.0,False,18,True,Gearbox,0.0,False,50,2,24.0,27.003500000000003,False,,,,,,
2022,21,São Paulo Grand Prix,interlagos,Autódromo José Carlos Pace,2022-11-13,kevin_magnussen,MAG,Kevin Magnussen,haas,Haas F1 Team,8,Midfield (P6-P10),1.0,False,19,True,Collision,0.0,False,0,0,,,False,,,,,,
2022,21,São Paulo Grand Prix,interlagos,Autódromo José Carlos Pace,2022-11-13,ricciardo,RIC,Daniel Ricciardo,mclaren,McLaren,11,Back (P11+),14.0,False,20,True,Collision,0.0,False,0,0,,,False,,,,,,
2022,22,Abu Dhabi Grand Prix,yas_marina,Yas Marina Circuit,2022-11-20,max_verstappen,VER,Max Verstappen,red_bull,Red Bull,1,Pole (P1),1.0,False,1,False,Finished,25.0,True,58,1,20.0,22.735,False,,,,,,
2022,22,Abu Dhabi Grand Prix,yas_marina,Yas Marina Circuit,2022-11-20,leclerc,LEC,Charles Leclerc,ferrari,Ferrari,3,Front row (P2-P3),3.0,False,2,False,Finished,18.0,True,58,1,21.0,22.21,False,,,,,,
2022,22,Abu Dhabi Grand Prix,yas_marina,Yas Marina Circuit,2022-11-20,perez,PER,Sergio Pérez,red_bull,Red Bull,2,Front row (P2-P3),2.0,False,3,False,Finished,15.0,True,58,2,15.0,21.363500000000002,False,,,,,,
2022,22,Abu Dhabi Grand Prix,yas_marina,Yas Marina Circuit,2022-11-20,sainz,SAI,Carlos Sainz,ferrari,Ferrari,4,Top 5 (P4-P5),4.0,False,4,False,Finished,12.0,True,58,2,17.0,21.752499999999998,False,,,,,,
2022,22,Abu Dhabi Grand Prix,yas_marina,Yas Marina Circuit,2022-11-20,russell,RUS,George Russell,mercedes,Mercedes,6,Midfield (P6-P10),6.0,False,5,False,Finished,10.0,True,58,2,15.0,26.087,False,,,,,,
2022,22,Abu Dhabi Grand Prix,yas_marina,Yas Marina Circuit,2022-11-20,norris,NOR,Lando Norris,mclaren,McLaren,7,Midfield (P6-P10),7.0,False,6,False,Finished,9.0,True,58,2,15.0,21.896500000000003,False,,,,,,
2022,22,Abu Dhabi Grand Prix,yas_marina,Yas Marina Circuit,2022-11-20,ocon,OCO,Esteban Ocon,alpine,Alpine F1 Team,8,Midfield (P6-P10),8.0,False,7,False,Finished,6.0,True,58,2,14.0,21.814500000000002,False,,,,,,
2022,22,Abu Dhabi Grand Prix,yas_marina,Yas Marina Circuit,2022-11-20,stroll,STR,Lance Stroll,aston_martin,Aston Martin,14,Back (P11+),14.0,False,8,False,Finished,4.0,True,58,2,13.0,21.808,False,,,,,,
2022,22,Abu Dhabi Grand Prix,yas_marina,Yas Marina Circuit,2022-11-20,ricciardo,RIC,Daniel Ricciardo,mclaren,McLaren,13,Back (P11+),10.0,False,9,False,Finished,2.0,True,58,1,19.0,21.893,False,,,,,,
2022,22,Abu Dhabi Grand Prix,yas_marina,Yas Marina Circuit,2022-11-20,vettel,VET,Sebastian Vettel,aston_martin,Aston Martin,9,Midfield (P6-P10),9.0,False,10,False,Finished,1.0,True,58,1,25.0,23.186,False,,,,,,
2022,22,Abu Dhabi Grand Prix,yas_marina,Yas Marina Circuit,2022-11-20,tsunoda,TSU,Yuki Tsunoda,alphatauri,AlphaTauri,11,Back (P11+),12.0,False,11,False,Finished,0.0,False,58,2,14.0,21.9265,False,,,,,,
2022,22,Abu Dhabi Grand Prix,yas_marina,Yas Marina Circuit,2022-11-20,zhou,ZHO,Guanyu Zhou,alfa,Alfa Romeo,15,Back (P11+),15.0,False,12,False,+1 Lap,0.0,False,57,2,15.0,22.796999999999997,False,,,,,,
2022,22,Abu Dhabi Grand Prix,yas_marina,Yas Marina Circuit,2022-11-20,albon,ALB,Alexander Albon,williams,Williams,19,Back (P11+),19.0,False,13,False,+1 Lap,0.0,False,57,2,12.0,21.795499999999997,False,,,,,,
2022,22,Abu Dhabi Grand Prix,yas_marina,Yas Marina Circuit,2022-11-20,gasly,GAS,Pierre Gasly,alphatauri,AlphaTauri,17,Back (P11+),17.0,False,14,False,+1 Lap,0.0,False,57,1,14.0,21.855,False,,,,,,
2022,22,Abu Dhabi Grand Prix,yas_marina,Yas Marina Circuit,2022-11-20,bottas,BOT,Valtteri Bottas,alfa,Alfa Romeo,18,Back (P11+),18.0,False,15,False,+1 Lap,0.0,False,57,1,30.0,22.573,False,,,,,,
2022,22,Abu Dhabi Grand Prix,yas_marina,Yas Marina Circuit,2022-11-20,mick_schumacher,MSC,Mick Schumacher,haas,Haas F1 Team,12,Back (P11+),13.0,False,16,False,+1 Lap,0.0,False,57,2,14.0,22.903,False,,,,,,
2022,22,Abu Dhabi Grand Prix,yas_marina,Yas Marina Circuit,2022-11-20,kevin_magnussen,MAG,Kevin Magnussen,haas,Haas F1 Team,16,Back (P11+),16.0,False,17,False,+1 Lap,0.0,False,57,1,28.0,22.387,False,,,,,,
2022,22,Abu Dhabi Grand Prix,yas_marina,Yas Marina Circuit,2022-11-20,hamilton,HAM,Lewis Hamilton,mercedes,Mercedes,5,Top 5 (P4-P5),5.0,False,18,True,Hydraulics,0.0,False,55,1,18.0,21.27,False,,,,,,
2022,22,Abu Dhabi Grand Prix,yas_marina,Yas Marina Circuit,2022-11-20,latifi,LAT,Nicholas Latifi,williams,Williams,20,Back (P11+),20.0,False,19,True,Collision damage,0.0,False,55,2,15.0,23.798499999999997,False,,,,,,
2022,22,Abu Dhabi Grand Prix,yas_marina,Yas Marina Circuit,2022-11-20,alonso,ALO,Fernando Alonso,alpine,Alpine F1 Team,10,Midfield (P6-P10),11.0,False,20,True,Water leak,0.0,False,27,1,19.0,21.74,False,,,,,,
2023,1,Bahrain Grand Prix,bahrain,Bahrain International Circuit,2023-03-05,max_verstappen,VER,Max Verstappen,red_bull,Red Bull,1,Pole (P1),1.0,False,1,False,Finished,25.0,True,57,2,14.0,24.5995,False,2.0,"HARD,SOFT",27.43167701863354,31.01180124223602,21.496894409937887,False
2023,1,Bahrain Grand Prix,bahrain,Bahrain International Circuit,2023-03-05,perez,PER,Sergio Pérez,red_bull,Red Bull,2,Front row (P2-P3),2.0,False,2,False,Finished,18.0,True,57,2,17.0,24.677500000000002,False,2.0,"HARD,SOFT",27.43167701863354,31.01180124223602,21.496894409937887,False
2023,1,Bahrain Grand Prix,bahrain,Bahrain International Circuit,2023-03-05,alonso,ALO,Fernando Alonso,aston_martin,Aston Martin,5,Top 5 (P4-P5),5.0,False,3,False,Finished,15.0,True,57,2,14.0,25.3345,False,2.0,"HARD,SOFT",27.43167701863354,31.01180124223602,21.496894409937887,False
2023,1,Bahrain Grand Prix,bahrain,Bahrain International Circuit,2023-03-05,sainz,SAI,Carlos Sainz,ferrari,Ferrari,4,Top 5 (P4-P5),4.0,False,4,False,Finished,12.0,True,57,2,13.0,24.363500000000002,False,2.0,"HARD,SOFT",27.43167701863354,31.01180124223602,21.496894409937887,False
2023,1,Bahrain Grand Prix,bahrain,Bahrain International Circuit,2023-03-05,hamilton,HAM,Lewis Hamilton,mercedes,Mercedes,7,Midfield (P6-P10),7.0,False,5,False,Finished,10.0,True,57,2,12.0,24.686,False,2.0,"HARD,SOFT",27.43167701863354,31.01180124223602,21.496894409937887,False
2023,1,Bahrain Grand Prix,bahrain,Bahrain International Circuit,2023-03-05,stroll,STR,Lance Stroll,aston_martin,Aston Martin,8,Midfield (P6-P10),8.0,False,6,False,Finished,8.0,True,57,2,15.0,25.044,False,2.0,"HARD,SOFT",27.43167701863354,31.01180124223602,21.496894409937887,False
2023,1,Bahrain Grand Prix,bahrain,Bahrain International Circuit,2023-03-05,russell,RUS,George Russell,mercedes,Mercedes,6,Midfield (P6-P10),6.0,False,7,False,Finished,6.0,True,57,2,13.0,25.734,False,2.0,"HARD,SOFT",27.43167701863354,31.01180124223602,21.496894409937887,False
2023,1,Bahrain Grand Prix,bahrain,Bahrain International Circuit,2023-03-05,bottas,BOT,Valtteri Bottas,alfa,Alfa Romeo,12,Back (P11+),12.0,False,8,False,Finished,4.0,True,57,2,11.0,25.521,False,2.0,"HARD,SOFT",27.43167701863354,31.01180124223602,21.496894409937887,False
2023,1,Bahrain Grand Prix,bahrain,Bahrain International Circuit,2023-03-05,gasly,GAS,Pierre Gasly,alpine,Alpine F1 Team,20,Back (P11+),20.0,False,9,False,Finished,2.0,True,57,3,9.0,25.166666666666668,False,2.0,"HARD,SOFT",27.43167701863354,31.01180124223602,21.496894409937887,False
2023,1,Bahrain Grand Prix,bahrain,Bahrain International Circuit,2023-03-05,albon,ALB,Alexander Albon,williams,Williams,15,Back (P11+),15.0,False,10,False,Finished,1.0,True,57,3,11.0,24.810666666666666,False,2.0,"HARD,SOFT",27.43167701863354,31.01180124223602,21.496894409937887,False
2023,1,Bahrain Grand Prix,bahrain,Bahrain International Circuit,2023-03-05,tsunoda,TSU,Yuki Tsunoda,alphatauri,AlphaTauri,14,Back (P11+),14.0,False,11,False,Finished,0.0,False,57,3,10.0,25.15233333333333,False,2.0,"HARD,SOFT",27.43167701863354,31.01180124223602,21.496894409937887,False
2023,1,Bahrain Grand Prix,bahrain,Bahrain International Circuit,2023-03-05,sargeant,SAR,Logan Sargeant,williams,Williams,16,Back (P11+),16.0,False,12,True,Lapped,0.0,False,56,3,12.0,25.439000000000004,False,2.0,"HARD,SOFT",27.43167701863354,31.01180124223602,21.496894409937887,False
2023,1,Bahrain Grand Prix,bahrain,Bahrain International Circuit,2023-03-05,kevin_magnussen,MAG,Kevin Magnussen,haas,Haas F1 Team,17,Back (P11+),17.0,False,13,True,Lapped,0.0,False,56,3,15.0,25.302666666666667,False,2.0,"HARD,SOFT",27.43167701863354,31.01180124223602,21.496894409937887,False
2023,1,Bahrain Grand Prix,bahrain,Bahrain International Circuit,2023-03-05,de_vries,DEV,Nyck de Vries,alphatauri,AlphaTauri,19,Back (P11+),19.0,False,14,True,Lapped,0.0,False,56,2,11.0,25.126,False,2.0,"HARD,SOFT",27.43167701863354,31.01180124223602,21.496894409937887,False
2023,1,Bahrain Grand Prix,bahrain,Bahrain International Circuit,2023-03-05,hulkenberg,HUL,Nico Hülkenberg,haas,Haas F1 Team,10,Midfield (P6-P10),10.0,False,15,True,Lapped,0.0,False,56,3,11.0,30.307999999999996,False,2.0,"HARD,SOFT",27.43167701863354,31.01180124223602,21.496894409937887,False
2023,1,Bahrain Grand Prix,bahrain,Bahrain International Circuit,2023-03-05,zhou,ZHO,Guanyu Zhou,alfa,Alfa Romeo,13,Back (P11+),13.0,False,16,True,Lapped,0.0,False,56,3,12.0,27.078666666666667,False,2.0,"HARD,SOFT",27.43167701863354,31.01180124223602,21.496894409937887,False
2023,1,Bahrain Grand Prix,bahrain,Bahrain International Circuit,2023-03-05,norris,NOR,Lando Norris,mclaren,McLaren,11,Back (P11+),11.0,False,17,True,Lapped,0.0,False,55,6,10.0,32.55566666666667,False,3.0,"HARD,MEDIUM,SOFT",27.43167701863354,31.01180124223602,21.496894409937887,False
2023,1,Bahrain Grand Prix,bahrain,Bahrain International Circuit,2023-03-05,ocon,OCO,Esteban Ocon,alpine,Alpine F1 Team,9,Midfield (P6-P10),9.0,False,18,True,Retired,0.0,False,41,3,12.0,36.982,False,2.0,"HARD,SOFT",27.43167701863354,31.01180124223602,21.496894409937887,False
2023,1,Bahrain Grand Prix,bahrain,Bahrain International Circuit,2023-03-05,leclerc,LEC,Charles Leclerc,ferrari,Ferrari,3,Front row (P2-P3),3.0,False,19,True,Retired,0.0,False,39,2,13.0,24.4945,False,2.0,"HARD,SOFT",27.43167701863354,31.01180124223602,21.496894409937887,False
2023,1,Bahrain Grand Prix,bahrain,Bahrain International Circuit,2023-03-05,piastri,PIA,Oscar Piastri,mclaren,McLaren,18,Back (P11+),18.0,False,20,True,Retired,0.0,False,13,0,,,False,1.0,SOFT,27.43167701863354,31.01180124223602,21.496894409937887,False
2023,2,Saudi Arabian Grand Prix,jeddah,Jeddah Corniche Circuit,2023-03-19,perez,PER,Sergio Pérez,red_bull,Red Bull,1,Pole (P1),1.0,False,1,False,Finished,25.0,True,50,1,18.0,20.715,False,,,,,,
2023,2,Saudi Arabian Grand Prix,jeddah,Jeddah Corniche Circuit,2023-03-19,max_verstappen,VER,Max Verstappen,red_bull,Red Bull,15,Back (P11+),15.0,False,2,False,Finished,19.0,True,50,1,18.0,20.824,False,,,,,,
2023,2,Saudi Arabian Grand Prix,jeddah,Jeddah Corniche Circuit,2023-03-19,alonso,ALO,Fernando Alonso,aston_martin,Aston Martin,2,Front row (P2-P3),3.0,False,3,False,Finished,15.0,True,50,1,18.0,26.879,False,,,,,,
2023,2,Saudi Arabian Grand Prix,jeddah,Jeddah Corniche Circuit,2023-03-19,russell,RUS,George Russell,mercedes,Mercedes,3,Front row (P2-P3),4.0,False,4,False,Finished,12.0,True,50,1,18.0,20.828,False,,,,,,
2023,2,Saudi Arabian Grand Prix,jeddah,Jeddah Corniche Circuit,2023-03-19,hamilton,HAM,Lewis Hamilton,mercedes,Mercedes,7,Midfield (P6-P10),8.0,False,5,False,Finished,10.0,True,50,1,18.0,21.102,False,,,,,,
2023,2,Saudi Arabian Grand Prix,jeddah,Jeddah Corniche Circuit,2023-03-19,sainz,SAI,Carlos Sainz,ferrari,Ferrari,4,Top 5 (P4-P5),5.0,False,6,False,Finished,8.0,True,50,1,15.0,20.76,False,,,,,,
2023,2,Saudi Arabian Grand Prix,jeddah,Jeddah Corniche Circuit,2023-03-19,leclerc,LEC,Charles Leclerc,ferrari,Ferrari,12,Back (P11+),2.0,False,7,False,Finished,6.0,True,50,1,16.0,20.026,False,,,,,,
2023,2,Saudi Arabian Grand Prix,jeddah,Jeddah Corniche Circuit,2023-03-19,ocon,OCO,Esteban Ocon,alpine,Alpine F1 Team,6,Midfield (P6-P10),7.0,False,8,False,Finished,4.0,True,50,1,16.0,20.762,False,,,,,,
2023,2,Saudi Arabian Grand Prix,jeddah,Jeddah Corniche Circuit,2023-03-19,gasly,GAS,Pierre Gasly,alpine,Alpine F1 Team,9,Midfield (P6-P10),10.0,False,9,False,Finished,2.0,True,50,1,14.0,20.719,False,,,,,,
2023,2,Saudi Arabian Grand Prix,jeddah,Jeddah Corniche Circuit,2023-03-19,kevin_magnussen,MAG,Kevin Magnussen,haas,Haas F1 Team,13,Back (P11+),13.0,False,10,False,Finished,1.0,True,50,1,8.0,20.87,False,,,,,,
2023,2,Saudi Arabian Grand Prix,jeddah,Jeddah Corniche Circuit,2023-03-19,tsunoda,TSU,Yuki Tsunoda,alphatauri,AlphaTauri,16,Back (P11+),16.0,False,11,False,Finished,0.0,False,50,1,17.0,21.414,False,,,,,,
2023,2,Saudi Arabian Grand Prix,jeddah,Jeddah Corniche Circuit,2023-03-19,hulkenberg,HUL,Nico Hülkenberg,haas,Haas F1 Team,10,Midfield (P6-P10),11.0,False,12,False,Finished,0.0,False,50,1,11.0,21.567,False,,,,,,
2023,2,Saudi Arabian Grand Prix,jeddah,Jeddah Corniche Circuit,2023-03-19,zhou,ZHO,Guanyu Zhou,alfa,Alfa Romeo,11,Back (P11+),12.0,False,13,False,Finished,0.0,False,50,2,11.0,21.4925,False,,,,,,
2023,2,Saudi Arabian Grand Prix,jeddah,Jeddah Corniche Circuit,2023-03-19,de_vries,DEV,Nyck de Vries,alphatauri,AlphaTauri,18,Back (P11+),18.0,False,14,False,Finished,0.0,False,50,1,17.0,21.116,False,,,,,,
2023,2,Saudi Arabian Grand Prix,jeddah,Jeddah Corniche Circuit,2023-03-19,piastri,PIA,Oscar Piastri,mclaren,McLaren,8,Midfield (P6-P10),9.0,False,15,False,Finished,0.0,False,50,1,1.0,31.534,False,,,,,,
2023,2,Saudi Arabian Grand Prix,jeddah,Jeddah Corniche Circuit,2023-03-19,sargeant,SAR,Logan Sargeant,williams,Williams,20,Back (P11+),20.0,False,16,False,Finished,0.0,False,50,1,18.0,21.064,False,,,,,,
2023,2,Saudi Arabian Grand Prix,jeddah,Jeddah Corniche Circuit,2023-03-19,norris,NOR,Lando Norris,mclaren,McLaren,19,Back (P11+),19.0,False,17,False,Finished,0.0,False,50,2,2.0,25.398,False,,,,,,
2023,2,Saudi Arabian Grand Prix,jeddah,Jeddah Corniche Circuit,2023-03-19,bottas,BOT,Valtteri Bottas,alfa,Alfa Romeo,14,Back (P11+),14.0,False,18,True,Lapped,0.0,False,49,3,9.0,21.834666666666664,False,,,,,,
2023,2,Saudi Arabian Grand Prix,jeddah,Jeddah Corniche Circuit,2023-03-19,albon,ALB,Alexander Albon,williams,Williams,17,Back (P11+),17.0,False,19,True,Retired,0.0,False,27,1,17.0,21.397,False,,,,,,
2023,2,Saudi Arabian Grand Prix,jeddah,Jeddah Corniche Circuit,2023-03-19,stroll,STR,Lance Stroll,aston_martin,Aston Martin,5,Top 5 (P4-P5),6.0,False,20,True,Retired,0.0,False,16,1,13.0,21.15,False,,,,,,
2023,3,Australian Grand Prix,albert_park,Albert Park Grand Prix Circuit,2023-04-02,max_verstappen,VER,Max Verstappen,red_bull,Red Bull,1,Pole (P1),1.0,False,1,False,Finished,25.0,True,58,3,8.0,,False,,,,,,
2023,3,Australian Grand Prix,albert_park,Albert Park Grand Prix Circuit,2023-04-02,hamilton,HAM,Lewis Hamilton,mercedes,Mercedes,3,Front row (P2-P3),3.0,False,2,False,Finished,18.0,True,58,3,8.0,,False,,,,,,
2023,3,Australian Grand Prix,albert_park,Albert Park Grand Prix Circuit,2023-04-02,alonso,ALO,Fernando Alonso,aston_martin,Aston Martin,4,Top 5 (P4-P5),4.0,False,3,False,Finished,15.0,True,58,3,8.0,,False,,,,,,
2023,3,Australian Grand Prix,albert_park,Albert Park Grand Prix Circuit,2023-04-02,stroll,STR,Lance Stroll,aston_martin,Aston Martin,6,Midfield (P6-P10),6.0,False,4,False,Finished,12.0,True,58,3,8.0,,False,,,,,,
2023,3,Australian Grand Prix,albert_park,Albert Park Grand Prix Circuit,2023-04-02,perez,PER,Sergio Pérez,red_bull,Red Bull,20,Back (P11+),20.0,False,5,False,Finished,11.0,True,58,5,1.0,17.735500000000002,False,,,,,,
2023,3,Australian Grand Prix,albert_park,Albert Park Grand Prix Circuit,2023-04-02,norris,NOR,Lando Norris,mclaren,McLaren,13,Back (P11+),13.0,False,6,False,Finished,8.0,True,58,3,8.0,,False,,,,,,
2023,3,Australian Grand Prix,albert_park,Albert Park Grand Prix Circuit,2023-04-02,hulkenberg,HUL,Nico Hülkenberg,haas,Haas F1 Team,10,Midfield (P6-P10),10.0,False,7,False,Finished,6.0,True,58,3,8.0,,False,,,,,,
2023,3,Australian Grand Prix,albert_park,Albert Park Grand Prix Circuit,2023-04-02,piastri,PIA,Oscar Piastri,mclaren,McLaren,16,Back (P11+),16.0,False,8,False,Finished,4.0,True,58,4,8.0,19.442,False,,,,,,
2023,3,Australian Grand Prix,albert_park,Albert Park Grand Prix Circuit,2023-04-02,zhou,ZHO,Guanyu Zhou,alfa,Alfa Romeo,17,Back (P11+),17.0,False,9,False,Finished,2.0,True,58,5,1.0,20.416,False,,,,,,
2023,3,Australian Grand Prix,albert_park,Albert Park Grand Prix Circuit,2023-04-02,tsunoda,TSU,Yuki Tsunoda,alphatauri,AlphaTauri,12,Back (P11+),12.0,False,10,False,Finished,1.0,True,58,4,8.0,18.258,False,,,,,,
2023,3,Australian Grand Prix,albert_park,Albert Park Grand Prix Circuit,2023-04-02,bottas,BOT,Valtteri Bottas,alfa,Alfa Romeo,19,Back (P11+),19.0,False,11,False,Finished,0.0,False,58,6,1.0,20.741999999999997,False,,,,,,
2023,3,Australian Grand Prix,albert_park,Albert Park Grand Prix Circuit,2023-04-02,sainz,SAI,Carlos Sainz,ferrari,Ferrari,5,Top 5 (P4-P5),5.0,False,12,False,Finished,0.0,False,58,4,7.0,18.319,False,,,,,,
2023,3,Australian Grand Prix,albert_park,Albert Park Grand Prix Circuit,2023-04-02,gasly,GAS,Pierre Gasly,alpine,Alpine F1 Team,9,Midfield (P6-P10),9.0,False,13,True,Retired,0.0,False,56,2,8.0,,False,,,,,,
2023,3,Australian Grand Prix,albert_park,Albert Park Grand Prix Circuit,2023-04-02,ocon,OCO,Esteban Ocon,alpine,Alpine F1 Team,11,Back (P11+),11.0,False,14,True,Retired,0.0,False,56,3,1.0,18.056,False,,,,,,
2023,3,Australian Grand Prix,albert_park,Albert Park Grand Prix Circuit,2023-04-02,de_vries,DEV,Nyck de Vries,alphatauri,AlphaTauri,15,Back (P11+),15.0,False,15,True,Retired,0.0,False,56,4,8.0,18.08,False,,,,,,
2023,3,Australian Grand Prix,albert_park,Albert Park Grand Prix Circuit,2023-04-02,sargeant,SAR,Logan Sargeant,williams,Williams,18,Back (P11+),18.0,False,16,True,Retired,0.0,False,56,6,1.0,18.852666666666668,False,,,,,,
2023,3,Australian Grand Prix,albert_park,Albert Park Grand Prix Circuit,2023-04-02,kevin_magnussen,MAG,Kevin Magnussen,haas,Haas F1 Team,14,Back (P11+),14.0,False,17,True,Retired,0.0,False,52,2,7.0,20.789,False,,,,,,
2023,3,Australian Grand Prix,albert_park,Albert Park Grand Prix Circuit,2023-04-02,russell,RUS,George Russell,mercedes,Mercedes,2,Front row (P2-P3),2.0,False,18,True,Retired,0.0,False,17,2,7.0,19.146,False,,,,,,
2023,3,Australian Grand Prix,albert_park,Albert Park Grand Prix Circuit,2023-04-02,albon,ALB,Alexander Albon,williams,Williams,8,Midfield (P6-P10),8.0,False,19,True,Retired,0.0,False,6,0,,,False,,,,,,
2023,3,Australian Grand Prix,albert_park,Albert Park Grand Prix Circuit,2023-04-02,leclerc,LEC,Charles Leclerc,ferrari,Ferrari,7,Midfield (P6-P10),7.0,False,20,True,Retired,0.0,False,0,0,,,False,,,,,,
2023,4,Azerbaijan Grand Prix,baku,Baku City Circuit,2023-04-30,perez,PER,Sergio Pérez,red_bull,Red Bull,3,Front row (P2-P3),3.0,False,1,False,Finished,25.0,True,51,1,11.0,20.389,False,,,,,,
2023,4,Azerbaijan Grand Prix,baku,Baku City Circuit,2023-04-30,max_verstappen,VER,Max Verstappen,red_bull,Red Bull,2,Front row (P2-P3),2.0,False,2,False,Finished,18.0,True,51,1,10.0,20.707,False,,,,,,
2023,4,Azerbaijan Grand Prix,baku,Baku City Circuit,2023-04-30,leclerc,LEC,Charles Leclerc,ferrari,Ferrari,1,Pole (P1),1.0,False,3,False,Finished,15.0,True,51,1,11.0,21.126,False,,,,,,
2023,4,Azerbaijan Grand Prix,baku,Baku City Circuit,2023-04-30,alonso,ALO,Fernando Alonso,aston_martin,Aston Martin,6,Midfield (P6-P10),6.0,False,4,False,Finished,12.0,True,51,1,11.0,23.148,False,,,,,,
2023,4,Azerbaijan Grand Prix,baku,Baku City Circuit,2023-04-30,sainz,SAI,Carlos Sainz,ferrari,Ferrari,4,Top 5 (P4-P5),4.0,False,5,False,Finished,10.0,True,51,1,11.0,21.97,False,,,,,,
2023,4,Azerbaijan Grand Prix,baku,Baku City Circuit,2023-04-30,hamilton,HAM,Lewis Hamilton,mercedes,Mercedes,5,Top 5 (P4-P5),5.0,False,6,False,Finished,8.0,True,51,1,9.0,20.324,False,,,,,,
2023,4,Azerbaijan Grand Prix,baku,Baku City Circuit,2023-04-30,stroll,STR,Lance Stroll,aston_martin,Aston Martin,9,Midfield (P6-P10),9.0,False,7,False,Finished,6.0,True,51,1,11.0,23.161,False,,,,,,
2023,4,Azerbaijan Grand Prix,baku,Baku City Circuit,2023-04-30,russell,RUS,George Russell,mercedes,Mercedes,11,Back (P11+),11.0,False,8,False,Finished,5.0,True,51,2,11.0,20.924,False,,,,,,
2023,4,Azerbaijan Grand Prix,baku,Baku City Circuit,2023-04-30,norris,NOR,Lando Norris,mclaren,McLaren,7,Midfield (P6-P10),7.0,False,9,False,Finished,2.0,True,51,1,9.0,20.346,False,,,,,,
2023,4,Azerbaijan Grand Prix,baku,Baku City Circuit,2023-04-30,tsunoda,TSU,Yuki Tsunoda,alphatauri,AlphaTauri,8,Midfield (P6-P10),8.0,False,10,False,Finished,1.0,True,51,1,8.0,20.497,False,,,,,,
2023,4,Azerbaijan Grand Prix,baku,Baku City Circuit,2023-04-30,piastri,PIA,Oscar Piastri,mclaren,McLaren,10,Midfield (P6-P10),10.0,False,11,False,Finished,0.0,False,51,1,8.0,20.902,False,,,,,,
2023,4,Azerbaijan Grand Prix,baku,Baku City Circuit,2023-04-30,albon,ALB,Alexander Albon,williams,Williams,12,Back (P11+),13.0,False,12,False,Finished,0.0,False,51,1,7.0,21.103,False,,,,,,
2023,4,Azerbaijan Grand Prix,baku,Baku City Circuit,2023-04-30,kevin_magnussen,MAG,Kevin Magnussen,haas,Haas F1 Team,16,Back (P11+),18.0,False,13,False,Finished,0.0,False,51,1,10.0,30.951,False,,,,,,
2023,4,Azerbaijan Grand Prix,baku,Baku City Circuit,2023-04-30,gasly,GAS,Pierre Gasly,alpine,Alpine F1 Team,17,Back (P11+),19.0,False,14,False,Finished,0.0,False,51,2,5.0,20.701999999999998,False,,,,,,
2023,4,Azerbaijan Grand Prix,baku,Baku City Circuit,2023-04-30,ocon,OCO,Esteban Ocon,alpine,Alpine F1 Team,19,Back (P11+),12.0,False,15,False,Finished,0.0,False,51,1,50.0,20.367,False,,,,,,
2023,4,Azerbaijan Grand Prix,baku,Baku City Circuit,2023-04-30,sargeant,SAR,Logan Sargeant,williams,Williams,14,Back (P11+),15.0,False,16,False,Finished,0.0,False,51,1,8.0,21.015,False,,,,,,
2023,4,Azerbaijan Grand Prix,baku,Baku City Circuit,2023-04-30,hulkenberg,HUL,Nico Hülkenberg,haas,Haas F1 Team,20,Back (P11+),17.0,False,17,True,Lapped,0.0,False,50,1,49.0,24.748,False,,,,,,
2023,4,Azerbaijan Grand Prix,baku,Baku City Circuit,2023-04-30,bottas,BOT,Valtteri Bottas,alfa,Alfa Romeo,13,Back (P11+),14.0,False,18,True,Lapped,0.0,False,50,3,6.0,21.444333333333333,False,,,,,,
2023,4,Azerbaijan Grand Prix,baku,Baku City Circuit,2023-04-30,zhou,ZHO,Guanyu Zhou,alfa,Alfa Romeo,15,Back (P11+),16.0,False,19,True,Retired,0.0,False,36,1,11.0,22.247,False,,,,,,
2023,4,Azerbaijan Grand Prix,baku,Baku City Circuit,2023-04-30,de_vries,DEV,Nyck de Vries,alphatauri,AlphaTauri,18,Back (P11+),20.0,False,20,True,Retired,0.0,False,9,0,,,False,,,,,,
2023,5,Miami Grand Prix,miami,Miami International Autodrome,2023-05-07,max_verstappen,VER,Max Verstappen,red_bull,Red Bull,9,Midfield (P6-P10),9.0,False,1,False,Finished,26.0,True,57,1,45.0,22.688,False,,,,,,
2023,5,Miami Grand Prix,miami,Miami International Autodrome,2023-05-07,perez,PER,Sergio Pérez,red_bull,Red Bull,1,Pole (P1),1.0,False,2,False,Finished,18.0,True,57,1,20.0,21.884,False,,,,,,
2023,5,Miami Grand Prix,miami,Miami International Autodrome,2023-05-07,alonso,ALO,Fernando Alonso,aston_martin,Aston Martin,2,Front row (P2-P3),2.0,False,3,False,Finished,15.0,True,57,1,24.0,22.631,False,,,,,,
2023,5,Miami Grand Prix,miami,Miami International Autodrome,2023-05-07,russell,RUS,George Russell,mercedes,Mercedes,6,Midfield (P6-P10),6.0,False,4,False,Finished,12.0,True,57,1,17.0,22.335,False,,,,,,
2023,5,Miami Grand Prix,miami,Miami International Autodrome,2023-05-07,sainz,SAI,Carlos Sainz,ferrari,Ferrari,3,Front row (P2-P3),3.0,False,5,False,Finished,10.0,True,57,1,18.0,22.278,False,,,,,,
2023,5,Miami Grand Prix,miami,Miami International Autodrome,2023-05-07,hamilton,HAM,Lewis Hamilton,mercedes,Mercedes,13,Back (P11+),13.0,False,6,False,Finished,8.0,True,57,1,37.0,22.15,False,,,,,,
2023,5,Miami Grand Prix,miami,Miami International Autodrome,2023-05-07,leclerc,LEC,Charles Leclerc,ferrari,Ferrari,7,Midfield (P6-P10),7.0,False,7,False,Finished,6.0,True,57,1,17.0,22.068,False,,,,,,
2023,5,Miami Grand Prix,miami,Miami International Autodrome,2023-05-07,gasly,GAS,Pierre Gasly,alpine,Alpine F1 Team,5,Top 5 (P4-P5),5.0,False,8,False,Finished,4.0,True,57,1,15.0,22.417,False,,,,,,
2023,5,Miami Grand Prix,miami,Miami International Autodrome,2023-05-07,ocon,OCO,Esteban Ocon,alpine,Alpine F1 Team,8,Midfield (P6-P10),8.0,False,9,False,Finished,2.0,True,57,1,39.0,21.942,False,,,,,,
2023,5,Miami Grand Prix,miami,Miami International Autodrome,2023-05-07,kevin_magnussen,MAG,Kevin Magnussen,haas,Haas F1 Team,4,Top 5 (P4-P5),4.0,False,10,False,Finished,1.0,True,57,1,14.0,22.616,False,,,,,,
2023,5,Miami Grand Prix,miami,Miami International Autodrome,2023-05-07,tsunoda,TSU,Yuki Tsunoda,alphatauri,AlphaTauri,17,Back (P11+),17.0,False,11,False,Finished,0.0,False,57,1,36.0,22.39,False,,,,,,
2023,5,Miami Grand Prix,miami,Miami International Autodrome,2023-05-07,stroll,STR,Lance Stroll,aston_martin,Aston Martin,18,Back (P11+),18.0,False,12,False,Finished,0.0,False,57,1,42.0,22.651,False,,,,,,
2023,5,Miami Grand Prix,miami,Miami International Autodrome,2023-05-07,bottas,BOT,Valtteri Bottas,alfa,Alfa Romeo,10,Midfield (P6-P10),10.0,False,13,False,Finished,0.0,False,57,1,15.0,23.158,False,,,,,,
2023,5,Miami Grand Prix,miami,Miami International Autodrome,2023-05-07,albon,ALB,Alexander Albon,williams,Williams,11,Back (P11+),11.0,False,14,False,Finished,0.0,False,57,1,22.0,22.482,False,,,,,,
2023,5,Miami Grand Prix,miami,Miami International Autodrome,2023-05-07,hulkenberg,HUL,Nico Hülkenberg,haas,Haas F1 Team,12,Back (P11+),12.0,False,15,False,Finished,0.0,False,57,1,33.0,23.12,False,,,,,,
2023,5,Miami Grand Prix,miami,Miami International Autodrome,2023-05-07,zhou,ZHO,Guanyu Zhou,alfa,Alfa Romeo,14,Back (P11+),14.0,False,16,False,Finished,0.0,False,57,1,31.0,22.796,False,,,,,,
2023,5,Miami Grand Prix,miami,Miami International Autodrome,2023-05-07,norris,NOR,Lando Norris,mclaren,McLaren,16,Back (P11+),16.0,False,17,False,Finished,0.0,False,57,1,4.0,24.09,False,,,,,,
2023,5,Miami Grand Prix,miami,Miami International Autodrome,2023-05-07,de_vries,DEV,Nyck de Vries,alphatauri,AlphaTauri,15,Back (P11+),15.0,False,18,False,Finished,0.0,False,57,1,15.0,23.487,False,,,,,,
2023,5,Miami Grand Prix,miami,Miami International Autodrome,2023-05-07,piastri,PIA,Oscar Piastri,mclaren,McLaren,19,Back (P11+),19.0,False,19,True,Lapped,0.0,False,56,1,5.0,22.205,False,,,,,,
2023,5,Miami Grand Prix,miami,Miami International Autodrome,2023-05-07,sargeant,SAR,Logan Sargeant,williams,Williams,20,Back (P11+),20.0,False,20,True,Lapped,0.0,False,56,1,2.0,48.938,False,,,,,,
2023,6,Monaco Grand Prix,monaco,Circuit de Monaco,2023-05-28,max_verstappen,VER,Max Verstappen,red_bull,Red Bull,1,Pole (P1),1.0,False,1,False,Finished,25.0,True,78,1,55.0,24.798,False,,,,,,
2023,6,Monaco Grand Prix,monaco,Circuit de Monaco,2023-05-28,alonso,ALO,Fernando Alonso,aston_martin,Aston Martin,2,Front row (P2-P3),2.0,False,2,False,Finished,18.0,True,78,2,54.0,25.165,False,,,,,,
2023,6,Monaco Grand Prix,monaco,Circuit de Monaco,2023-05-28,ocon,OCO,Esteban Ocon,alpine,Alpine F1 Team,3,Front row (P2-P3),4.0,False,3,False,Finished,15.0,True,78,2,32.0,25.27,False,,,,,,
2023,6,Monaco Grand Prix,monaco,Circuit de Monaco,2023-05-28,hamilton,HAM,Lewis Hamilton,mercedes,Mercedes,5,Top 5 (P4-P5),6.0,False,4,False,Finished,13.0,True,78,2,31.0,25.639499999999998,False,,,,,,
2023,6,Monaco Grand Prix,monaco,Circuit de Monaco,2023-05-28,russell,RUS,George Russell,mercedes,Mercedes,8,Midfield (P6-P10),8.0,False,5,False,Finished,10.0,True,78,1,54.0,30.98,False,,,,,,
2023,6,Monaco Grand Prix,monaco,Circuit de Monaco,2023-05-28,leclerc,LEC,Charles Leclerc,ferrari,Ferrari,6,Midfield (P6-P10),3.0,False,6,False,Finished,8.0,True,78,2,44.0,24.9525,False,,,,,,
2023,6,Monaco Grand Prix,monaco,Circuit de Monaco,2023-05-28,gasly,GAS,Pierre Gasly,alpine,Alpine F1 Team,7,Midfield (P6-P10),7.0,False,7,False,Finished,6.0,True,78,2,47.0,26.9255,False,,,,,,
2023,6,Monaco Grand Prix,monaco,Circuit de Monaco,2023-05-28,sainz,SAI,Carlos Sainz,ferrari,Ferrari,4,Top 5 (P4-P5),5.0,False,8,False,Finished,4.0,True,78,2,33.0,26.776,False,,,,,,
2023,6,Monaco Grand Prix,monaco,Circuit de Monaco,2023-05-28,norris,NOR,Lando Norris,mclaren,McLaren,10,Midfield (P6-P10),10.0,False,9,True,Lapped,2.0,True,77,2,50.0,29.045499999999997,False,,,,,,
2023,6,Monaco Grand Prix,monaco,Circuit de Monaco,2023-05-28,piastri,PIA,Oscar Piastri,mclaren,McLaren,11,Back (P11+),11.0,False,10,True,Lapped,1.0,True,77,1,54.0,25.851,False,,,,,,
2023,6,Monaco Grand Prix,monaco,Circuit de Monaco,2023-05-28,bottas,BOT,Valtteri Bottas,alfa,Alfa Romeo,15,Back (P11+),15.0,False,11,True,Lapped,0.0,False,77,1,51.0,30.395,False,,,,,,
2023,6,Monaco Grand Prix,monaco,Circuit de Monaco,2023-05-28,de_vries,DEV,Nyck de Vries,alphatauri,AlphaTauri,12,Back (P11+),12.0,False,12,True,Lapped,0.0,False,77,1,53.0,24.539,False,,,,,,
2023,6,Monaco Grand Prix,monaco,Circuit de Monaco,2023-05-28,zhou,ZHO,Guanyu Zhou,alfa,Alfa Romeo,19,Back (P11+),19.0,False,13,True,Lapped,0.0,False,77,2,1.0,25.700499999999998,False,,,,,,
2023,6,Monaco Grand Prix,monaco,Circuit de Monaco,2023-05-28,albon,ALB,Alexander Albon,williams,Williams,13,Back (P11+),13.0,False,14,True,Lapped,0.0,False,77,2,18.0,25.64,False,,,,,,
2023,6,Monaco Grand Prix,monaco,Circuit de Monaco,2023-05-28,tsunoda,TSU,Yuki Tsunoda,alphatauri,AlphaTauri,9,Midfield (P6-P10),9.0,False,15,True,Lapped,0.0,False,76,1,53.0,33.706,False,,,,,,
2023,6,Monaco Grand Prix,monaco,Circuit de Monaco,2023-05-28,perez,PER,Sergio Pérez,red_bull,Red Bull,20,Back (P11+),20.0,False,16,True,Lapped,0.0,False,76,5,1.0,27.331200000000003,False,,,,,,
2023,6,Monaco Grand Prix,monaco,Circuit de Monaco,2023-05-28,hulkenberg,HUL,Nico Hülkenberg,haas,Haas F1 Team,18,Back (P11+),18.0,False,17,True,Lapped,0.0,False,76,3,1.0,30.963666666666665,False,,,,,,
2023,6,Monaco Grand Prix,monaco,Circuit de Monaco,2023-05-28,sargeant,SAR,Logan Sargeant,williams,Williams,16,Back (P11+),16.0,False,18,True,Lapped,0.0,False,76,3,20.0,26.032,False,,,,,,
2023,6,Monaco Grand Prix,monaco,Circuit de Monaco,2023-05-28,kevin_magnussen,MAG,Kevin Magnussen,haas,Haas F1 Team,17,Back (P11+),17.0,False,19,True,Retired,0.0,False,70,1,56.0,51.052,False,,,,,,
2023,6,Monaco Grand Prix,monaco,Circuit de Monaco,2023-05-28,stroll,STR,Lance Stroll,aston_martin,Aston Martin,14,Back (P11+),14.0,False,20,True,Retired,0.0,False,53,1,51.0,24.656,False,,,,,,
2023,7,Spanish Grand Prix,catalunya,Circuit de Barcelona-Catalunya,2023-06-04,max_verstappen,VER,Max Verstappen,red_bull,Red Bull,1,Pole (P1),1.0,False,1,False,Finished,26.0,True,66,2,26.0,22.299,False,,,,,,
2023,7,Spanish Grand Prix,catalunya,Circuit de Barcelona-Catalunya,2023-06-04,hamilton,HAM,Lewis Hamilton,mercedes,Mercedes,4,Top 5 (P4-P5),5.0,False,2,False,Finished,18.0,True,66,2,24.0,22.653,False,,,,,,
2023,7,Spanish Grand Prix,catalunya,Circuit de Barcelona-Catalunya,2023-06-04,russell,RUS,George Russell,mercedes,Mercedes,12,Back (P11+),12.0,False,3,False,Finished,15.0,True,66,2,25.0,22.164499999999997,False,,,,,,
2023,7,Spanish Grand Prix,catalunya,Circuit de Barcelona-Catalunya,2023-06-04,perez,PER,Sergio Pérez,red_bull,Red Bull,11,Back (P11+),11.0,False,4,False,Finished,12.0,True,66,2,27.0,21.656,False,,,,,,
2023,7,Spanish Grand Prix,catalunya,Circuit de Barcelona-Catalunya,2023-06-04,sainz,SAI,Carlos Sainz,ferrari,Ferrari,2,Front row (P2-P3),2.0,False,5,False,Finished,10.0,True,66,2,15.0,22.348,False,,,,,,
2023,7,Spanish Grand Prix,catalunya,Circuit de Barcelona-Catalunya,2023-06-04,stroll,STR,Lance Stroll,aston_martin,Aston Martin,5,Top 5 (P4-P5),6.0,False,6,False,Finished,8.0,True,66,2,14.0,22.863,False,,,,,,
2023,7,Spanish Grand Prix,catalunya,Circuit de Barcelona-Catalunya,2023-06-04,alonso,ALO,Fernando Alonso,aston_martin,Aston Martin,8,Midfield (P6-P10),9.0,False,7,False,Finished,6.0,True,66,2,19.0,22.727,False,,,,,,
2023,7,Spanish Grand Prix,catalunya,Circuit de Barcelona-Catalunya,2023-06-04,ocon,OCO,Esteban Ocon,alpine,Alpine F1 Team,6,Midfield (P6-P10),7.0,False,8,False,Finished,4.0,True,66,2,13.0,23.110999999999997,False,,,,,,
2023,7,Spanish Grand Prix,catalunya,Circuit de Barcelona-Catalunya,2023-06-04,zhou,ZHO,Guanyu Zhou,alfa,Alfa Romeo,13,Back (P11+),13.0,False,9,False,Finished,2.0,True,66,2,9.0,23.1595,False,,,,,,
2023,7,Spanish Grand Prix,catalunya,Circuit de Barcelona-Catalunya,2023-06-04,gasly,GAS,Pierre Gasly,alpine,Alpine F1 Team,10,Midfield (P6-P10),4.0,False,10,False,Finished,1.0,True,66,2,19.0,23.499000000000002,False,,,,,,
2023,7,Spanish Grand Prix,catalunya,Circuit de Barcelona-Catalunya,2023-06-04,leclerc,LEC,Charles Leclerc,ferrari,Ferrari,19,Back (P11+),19.0,False,11,False,Finished,0.0,False,66,2,16.0,22.3905,False,,,,,,
2023,7,Spanish Grand Prix,catalunya,Circuit de Barcelona-Catalunya,2023-06-04,tsunoda,TSU,Yuki Tsunoda,alphatauri,AlphaTauri,15,Back (P11+),15.0,False,12,False,Finished,0.0,False,66,2,10.0,22.0925,False,,,,,,
2023,7,Spanish Grand Prix,catalunya,Circuit de Barcelona-Catalunya,2023-06-04,piastri,PIA,Oscar Piastri,mclaren,McLaren,9,Midfield (P6-P10),10.0,False,13,True,Lapped,0.0,False,65,2,17.0,22.616,False,,,,,,
2023,7,Spanish Grand Prix,catalunya,Circuit de Barcelona-Catalunya,2023-06-04,de_vries,DEV,Nyck de Vries,alphatauri,AlphaTauri,14,Back (P11+),14.0,False,14,True,Lapped,0.0,False,65,2,9.0,22.249,False,,,,,,
2023,7,Spanish Grand Prix,catalunya,Circuit de Barcelona-Catalunya,2023-06-04,hulkenberg,HUL,Nico Hülkenberg,haas,Haas F1 Team,7,Midfield (P6-P10),8.0,False,15,True,Lapped,0.0,False,65,3,8.0,23.346333333333334,False,,,,,,
2023,7,Spanish Grand Prix,catalunya,Circuit de Barcelona-Catalunya,2023-06-04,albon,ALB,Alexander Albon,williams,Williams,18,Back (P11+),18.0,False,16,True,Lapped,0.0,False,65,2,16.0,23.384,False,,,,,,
2023,7,Spanish Grand Prix,catalunya,Circuit de Barcelona-Catalunya,2023-06-04,norris,NOR,Lando Norris,mclaren,McLaren,3,Front row (P2-P3),3.0,False,17,True,Lapped,0.0,False,65,3,1.0,27.549333333333333,False,,,,,,
2023,7,Spanish Grand Prix,catalunya,Circuit de Barcelona-Catalunya,2023-06-04,kevin_magnussen,MAG,Kevin Magnussen,haas,Haas F1 Team,17,Back (P11+),17.0,False,18,True,Lapped,0.0,False,65,3,10.0,23.07166666666667,False,,,,,,
2023,7,Spanish Grand Prix,catalunya,Circuit de Barcelona-Catalunya,2023-06-04,bottas,BOT,Valtteri Bottas,alfa,Alfa Romeo,16,Back (P11+),16.0,False,19,True,Lapped,0.0,False,65,2,5.0,23.894,False,,,,,,
2023,7,Spanish Grand Prix,catalunya,Circuit de Barcelona-Catalunya,2023-06-04,sargeant,SAR,Logan Sargeant,williams,Williams,20,Back (P11+),20.0,False,20,True,Lapped,0.0,False,65,2,17.0,23.205,False,,,,,,
2023,8,Canadian Grand Prix,villeneuve,Circuit Gilles Villeneuve,2023-06-18,max_verstappen,VER,Max Verstappen,red_bull,Red Bull,1,Pole (P1),1.0,False,1,False,Finished,25.0,True,70,2,12.0,23.777,False,,,,,,
2023,8,Canadian Grand Prix,villeneuve,Circuit Gilles Villeneuve,2023-06-18,alonso,ALO,Fernando Alonso,aston_martin,Aston Martin,2,Front row (P2-P3),3.0,False,2,False,Finished,18.0,True,70,2,12.0,23.9795,False,,,,,,
2023,8,Canadian Grand Prix,villeneuve,Circuit Gilles Villeneuve,2023-06-18,hamilton,HAM,Lewis Hamilton,mercedes,Mercedes,3,Front row (P2-P3),4.0,False,3,False,Finished,15.0,True,70,2,12.0,24.043999999999997,False,,,,,,
2023,8,Canadian Grand Prix,villeneuve,Circuit Gilles Villeneuve,2023-06-18,leclerc,LEC,Charles Leclerc,ferrari,Ferrari,10,Midfield (P6-P10),11.0,False,4,False,Finished,12.0,True,70,1,39.0,24.343,False,,,,,,
2023,8,Canadian Grand Prix,villeneuve,Circuit Gilles Villeneuve,2023-06-18,sainz,SAI,Carlos Sainz,ferrari,Ferrari,11,Back (P11+),8.0,False,5,False,Finished,10.0,True,70,1,38.0,24.133,False,,,,,,
2023,8,Canadian Grand Prix,villeneuve,Circuit Gilles Villeneuve,2023-06-18,perez,PER,Sergio Pérez,red_bull,Red Bull,12,Back (P11+),12.0,False,6,False,Finished,9.0,True,70,2,37.0,23.249499999999998,False,,,,,,
2023,8,Canadian Grand Prix,villeneuve,Circuit Gilles Villeneuve,2023-06-18,albon,ALB,Alexander Albon,williams,Williams,9,Midfield (P6-P10),10.0,False,7,False,Finished,6.0,True,70,1,12.0,25.064,False,,,,,,
2023,8,Canadian Grand Prix,villeneuve,Circuit Gilles Villeneuve,2023-06-18,ocon,OCO,Esteban Ocon,alpine,Alpine F1 Team,6,Midfield (P6-P10),6.0,False,8,False,Finished,4.0,True,70,2,12.0,24.05,False,,,,,,
2023,8,Canadian Grand Prix,villeneuve,Circuit Gilles Villeneuve,2023-06-18,stroll,STR,Lance Stroll,aston_martin,Aston Martin,16,Back (P11+),13.0,False,9,False,Finished,2.0,True,70,2,11.0,23.775,False,,,,,,
2023,8,Canadian Grand Prix,villeneuve,Circuit Gilles Villeneuve,2023-06-18,bottas,BOT,Valtteri Bottas,alfa,Alfa Romeo,14,Back (P11+),15.0,False,10,False,Finished,1.0,True,70,1,36.0,24.038,False,,,,,,
2023,8,Canadian Grand Prix,villeneuve,Circuit Gilles Villeneuve,2023-06-18,piastri,PIA,Oscar Piastri,mclaren,McLaren,8,Midfield (P6-P10),9.0,False,11,False,Finished,0.0,False,70,2,12.0,24.131999999999998,False,,,,,,
2023,8,Canadian Grand Prix,villeneuve,Circuit Gilles Villeneuve,2023-06-18,gasly,GAS,Pierre Gasly,alpine,Alpine F1 Team,15,Back (P11+),17.0,False,12,False,Finished,0.0,False,70,2,10.0,25.816000000000003,False,,,,,,
2023,8,Canadian Grand Prix,villeneuve,Circuit Gilles Villeneuve,2023-06-18,norris,NOR,Lando Norris,mclaren,McLaren,7,Midfield (P6-P10),7.0,False,13,False,Finished,0.0,False,70,2,12.0,24.716,False,,,,,,
2023,8,Canadian Grand Prix,villeneuve,Circuit Gilles Villeneuve,2023-06-18,tsunoda,TSU,Yuki Tsunoda,alphatauri,AlphaTauri,19,Back (P11+),16.0,False,14,False,Finished,0.0,False,70,2,1.0,25.5845,False,,,,,,
2023,8,Canadian Grand Prix,villeneuve,Circuit Gilles Villeneuve,2023-06-18,hulkenberg,HUL,Nico Hülkenberg,haas,Haas F1 Team,5,Top 5 (P4-P5),2.0,False,15,True,Lapped,0.0,False,69,2,11.0,24.54,False,,,,,,
2023,8,Canadian Grand Prix,villeneuve,Circuit Gilles Villeneuve,2023-06-18,zhou,ZHO,Guanyu Zhou,alfa,Alfa Romeo,20,Back (P11+),20.0,False,16,True,Lapped,0.0,False,69,2,12.0,25.835,False,,,,,,
2023,8,Canadian Grand Prix,villeneuve,Circuit Gilles Villeneuve,2023-06-18,kevin_magnussen,MAG,Kevin Magnussen,haas,Haas F1 Team,13,Back (P11+),14.0,False,17,True,Lapped,0.0,False,69,2,35.0,24.712,False,,,,,,
2023,8,Canadian Grand Prix,villeneuve,Circuit Gilles Villeneuve,2023-06-18,de_vries,DEV,Nyck de Vries,alphatauri,AlphaTauri,17,Back (P11+),18.0,False,18,True,Lapped,0.0,False,69,2,11.0,24.373,False,,,,,,
2023,8,Canadian Grand Prix,villeneuve,Circuit Gilles Villeneuve,2023-06-18,russell,RUS,George Russell,mercedes,Mercedes,4,Top 5 (P4-P5),5.0,False,19,True,Retired,0.0,False,53,1,12.0,,False,,,,,,
2023,8,Canadian Grand Prix,villeneuve,Circuit Gilles Villeneuve,2023-06-18,sargeant,SAR,Logan Sargeant,williams,Williams,18,Back (P11+),19.0,False,20,True,Retired,0.0,False,6,0,,,False,,,,,,
2023,9,Austrian Grand Prix,red_bull_ring,Red Bull Ring,2023-07-02,max_verstappen,VER,Max Verstappen,red_bull,Red Bull,1,Pole (P1),1.0,False,1,False,Finished,26.0,True,71,4,2.0,20.175749999999997,False,,,,,,
2023,9,Austrian Grand Prix,red_bull_ring,Red Bull Ring,2023-07-02,leclerc,LEC,Charles Leclerc,ferrari,Ferrari,2,Front row (P2-P3),2.0,False,2,False,Finished,18.0,True,71,3,2.0,20.429333333333332,False,,,,,,
2023,9,Austrian Grand Prix,red_bull_ring,Red Bull Ring,2023-07-02,perez,PER,Sergio Pérez,red_bull,Red Bull,15,Back (P11+),15.0,False,3,False,Finished,15.0,True,71,3,2.0,20.116666666666664,False,,,,,,
2023,9,Austrian Grand Prix,red_bull_ring,Red Bull Ring,2023-07-02,norris,NOR,Lando Norris,mclaren,McLaren,4,Top 5 (P4-P5),4.0,False,4,False,Finished,12.0,True,71,3,2.0,20.484666666666666,False,,,,,,
2023,9,Austrian Grand Prix,red_bull_ring,Red Bull Ring,2023-07-02,alonso,ALO,Fernando Alonso,aston_martin,Aston Martin,7,Midfield (P6-P10),7.0,False,5,False,Finished,10.0,True,71,3,2.0,20.32133333333333,False,,,,,,
2023,9,Austrian Grand Prix,red_bull_ring,Red Bull Ring,2023-07-02,sainz,SAI,Carlos Sainz,ferrari,Ferrari,3,Front row (P2-P3),3.0,False,6,False,Finished,8.0,True,71,3,2.0,23.748666666666665,False,,,,,,
2023,9,Austrian Grand Prix,red_bull_ring,Red Bull Ring,2023-07-02,russell,RUS,George Russell,mercedes,Mercedes,11,Back (P11+),11.0,False,7,False,Finished,6.0,True,71,3,2.0,20.636666666666667,False,,,,,,
2023,9,Austrian Grand Prix,red_bull_ring,Red Bull Ring,2023-07-02,hamilton,HAM,Lewis Hamilton,mercedes,Mercedes,5,Top 5 (P4-P5),5.0,False,8,False,Finished,4.0,True,71,3,2.0,22.044,False,,,,,,
2023,9,Austrian Grand Prix,red_bull_ring,Red Bull Ring,2023-07-02,stroll,STR,Lance Stroll,aston_martin,Aston Martin,6,Midfield (P6-P10),6.0,False,9,False,Finished,2.0,True,71,4,2.0,21.216250000000002,False,,,,,,
2023,9,Austrian Grand Prix,red_bull_ring,Red Bull Ring,2023-07-02,gasly,GAS,Pierre Gasly,alpine,Alpine F1 Team,9,Midfield (P6-P10),9.0,False,10,False,Finished,1.0,True,71,3,2.0,21.999333333333336,False,,,,,,
2023,9,Austrian Grand Prix,red_bull_ring,Red Bull Ring,2023-07-02,albon,ALB,Alexander Albon,williams,Williams,10,Midfield (P6-P10),10.0,False,11,False,Finished,0.0,False,71,3,2.0,21.994,False,,,,,,
2023,9,Austrian Grand Prix,red_bull_ring,Red Bull Ring,2023-07-02,zhou,ZHO,Guanyu Zhou,alfa,Alfa Romeo,17,Back (P11+),17.0,False,12,True,Lapped,0.0,False,70,3,2.0,21.25033333333333,False,,,,,,
2023,9,Austrian Grand Prix,red_bull_ring,Red Bull Ring,2023-07-02,sargeant,SAR,Logan Sargeant,williams,Williams,18,Back (P11+),18.0,False,13,True,Lapped,0.0,False,70,3,2.0,20.691333333333333,False,,,,,,
2023,9,Austrian Grand Prix,red_bull_ring,Red Bull Ring,2023-07-02,ocon,OCO,Esteban Ocon,alpine,Alpine F1 Team,12,Back (P11+),12.0,False,14,True,Lapped,0.0,False,70,3,2.0,23.532666666666668,False,,,,,,
2023,9,Austrian Grand Prix,red_bull_ring,Red Bull Ring,2023-07-02,bottas,BOT,Valtteri Bottas,alfa,Alfa Romeo,14,Back (P11+),14.0,False,15,True,Lapped,0.0,False,70,3,2.0,23.63,False,,,,,,
2023,9,Austrian Grand Prix,red_bull_ring,Red Bull Ring,2023-07-02,piastri,PIA,Oscar Piastri,mclaren,McLaren,13,Back (P11+),13.0,False,16,True,Lapped,0.0,False,70,4,2.0,23.004,False,,,,,,
2023,9,Austrian Grand Prix,red_bull_ring,Red Bull Ring,2023-07-02,de_vries,DEV,Nyck de Vries,alphatauri,AlphaTauri,20,Back (P11+),20.0,False,17,True,Lapped,0.0,False,70,3,2.0,19.813333333333333,False,,,,,,
2023,9,Austrian Grand Prix,red_bull_ring,Red Bull Ring,2023-07-02,kevin_magnussen,MAG,Kevin Magnussen,haas,Haas F1 Team,19,Back (P11+),19.0,False,18,True,Lapped,0.0,False,70,3,1.0,24.830333333333332,False,,,,,,
2023,9,Austrian Grand Prix,red_bull_ring,Red Bull Ring,2023-07-02,tsunoda,TSU,Yuki Tsunoda,alphatauri,AlphaTauri,16,Back (P11+),16.0,False,19,True,Lapped,0.0,False,70,4,1.0,23.65375,False,,,,,,
2023,9,Austrian Grand Prix,red_bull_ring,Red Bull Ring,2023-07-02,hulkenberg,HUL,Nico Hülkenberg,haas,Haas F1 Team,8,Midfield (P6-P10),8.0,False,20,True,Retired,0.0,False,12,2,2.0,19.3345,False,,,,,,
2023,10,British Grand Prix,silverstone,Silverstone Circuit,2023-07-09,max_verstappen,VER,Max Verstappen,red_bull,Red Bull,1,Pole (P1),1.0,False,1,False,Finished,26.0,True,52,1,33.0,29.056,False,,,,,,
2023,10,British Grand Prix,silverstone,Silverstone Circuit,2023-07-09,norris,NOR,Lando Norris,mclaren,McLaren,2,Front row (P2-P3),2.0,False,2,False,Finished,18.0,True,52,1,33.0,28.438,False,,,,,,
2023,10,British Grand Prix,silverstone,Silverstone Circuit,2023-07-09,hamilton,HAM,Lewis Hamilton,mercedes,Mercedes,7,Midfield (P6-P10),7.0,False,3,False,Finished,15.0,True,52,1,33.0,29.169,False,,,,,,
2023,10,British Grand Prix,silverstone,Silverstone Circuit,2023-07-09,piastri,PIA,Oscar Piastri,mclaren,McLaren,3,Front row (P2-P3),3.0,False,4,False,Finished,12.0,True,52,1,29.0,28.655,False,,,,,,
2023,10,British Grand Prix,silverstone,Silverstone Circuit,2023-07-09,russell,RUS,George Russell,mercedes,Mercedes,6,Midfield (P6-P10),6.0,False,5,False,Finished,10.0,True,52,1,28.0,29.455,False,,,,,,
2023,10,British Grand Prix,silverstone,Silverstone Circuit,2023-07-09,perez,PER,Sergio Pérez,red_bull,Red Bull,15,Back (P11+),15.0,False,6,False,Finished,8.0,True,52,1,28.0,28.06,False,,,,,,
2023,10,British Grand Prix,silverstone,Silverstone Circuit,2023-07-09,alonso,ALO,Fernando Alonso,aston_martin,Aston Martin,9,Midfield (P6-P10),9.0,False,7,False,Finished,6.0,True,52,1,33.0,28.679,False,,,,,,
2023,10,British Grand Prix,silverstone,Silverstone Circuit,2023-07-09,albon,ALB,Alexander Albon,williams,Williams,8,Midfield (P6-P10),8.0,False,8,False,Finished,4.0,True,52,1,32.0,29.634,False,,,,,,
2023,10,British Grand Prix,silverstone,Silverstone Circuit,2023-07-09,leclerc,LEC,Charles Leclerc,ferrari,Ferrari,4,Top 5 (P4-P5),4.0,False,9,False,Finished,2.0,True,52,2,18.0,28.5245,False,,,,,,
2023,10,British Grand Prix,silverstone,Silverstone Circuit,2023-07-09,sainz,SAI,Carlos Sainz,ferrari,Ferrari,5,Top 5 (P4-P5),5.0,False,10,False,Finished,1.0,True,52,1,26.0,28.869,False,,,,,,
2023,10,British Grand Prix,silverstone,Silverstone Circuit,2023-07-09,sargeant,SAR,Logan Sargeant,williams,Williams,14,Back (P11+),14.0,False,11,False,Finished,0.0,False,52,1,29.0,28.847,False,,,,,,
2023,10,British Grand Prix,silverstone,Silverstone Circuit,2023-07-09,bottas,BOT,Valtteri Bottas,alfa,Alfa Romeo,20,Back (P11+),15.0,False,12,False,Finished,0.0,False,52,1,32.0,29.662,False,,,,,,
2023,10,British Grand Prix,silverstone,Silverstone Circuit,2023-07-09,hulkenberg,HUL,Nico Hülkenberg,haas,Haas F1 Team,11,Back (P11+),11.0,False,13,False,Finished,0.0,False,52,2,7.0,35.9875,False,,,,,,
2023,10,British Grand Prix,silverstone,Silverstone Circuit,2023-07-09,stroll,STR,Lance Stroll,aston_martin,Aston Martin,12,Back (P11+),12.0,False,14,False,Finished,0.0,False,52,1,31.0,28.561,False,,,,,,
2023,10,British Grand Prix,silverstone,Silverstone Circuit,2023-07-09,zhou,ZHO,Guanyu Zhou,alfa,Alfa Romeo,17,Back (P11+),17.0,False,15,False,Finished,0.0,False,52,3,24.0,30.75333333333333,False,,,,,,
2023,10,British Grand Prix,silverstone,Silverstone Circuit,2023-07-09,tsunoda,TSU,Yuki Tsunoda,alphatauri,AlphaTauri,16,Back (P11+),16.0,False,16,False,Finished,0.0,False,52,2,14.0,28.478,False,,,,,,
2023,10,British Grand Prix,silverstone,Silverstone Circuit,2023-07-09,de_vries,DEV,Nyck de Vries,alphatauri,AlphaTauri,18,Back (P11+),18.0,False,17,False,Finished,0.0,False,52,2,27.0,28.3275,False,,,,,,
2023,10,British Grand Prix,silverstone,Silverstone Circuit,2023-07-09,gasly,GAS,Pierre Gasly,alpine,Alpine F1 Team,10,Midfield (P6-P10),10.0,False,18,True,Retired,0.0,False,46,1,31.0,28.458,False,,,,,,
2023,10,British Grand Prix,silverstone,Silverstone Circuit,2023-07-09,kevin_magnussen,MAG,Kevin Magnussen,haas,Haas F1 Team,19,Back (P11+),19.0,False,19,True,Retired,0.0,False,31,0,,,False,,,,,,
2023,10,British Grand Prix,silverstone,Silverstone Circuit,2023-07-09,ocon,OCO,Esteban Ocon,alpine,Alpine F1 Team,13,Back (P11+),13.0,False,20,True,Retired,0.0,False,9,0,,,False,,,,,,
2023,11,Hungarian Grand Prix,hungaroring,Hungaroring,2023-07-23,max_verstappen,VER,Max Verstappen,red_bull,Red Bull,2,Front row (P2-P3),2.0,False,1,False,Finished,26.0,True,70,2,23.0,21.5435,False,,,,,,
2023,11,Hungarian Grand Prix,hungaroring,Hungaroring,2023-07-23,norris,NOR,Lando Norris,mclaren,McLaren,3,Front row (P2-P3),3.0,False,2,False,Finished,18.0,True,70,2,17.0,21.485500000000002,False,,,,,,
2023,11,Hungarian Grand Prix,hungaroring,Hungaroring,2023-07-23,perez,PER,Sergio Pérez,red_bull,Red Bull,9,Midfield (P6-P10),9.0,False,3,False,Finished,15.0,True,70,2,24.0,21.371,False,,,,,,
2023,11,Hungarian Grand Prix,hungaroring,Hungaroring,2023-07-23,hamilton,HAM,Lewis Hamilton,mercedes,Mercedes,1,Pole (P1),1.0,False,4,False,Finished,12.0,True,70,2,16.0,21.851,False,,,,,,
2023,11,Hungarian Grand Prix,hungaroring,Hungaroring,2023-07-23,piastri,PIA,Oscar Piastri,mclaren,McLaren,4,Top 5 (P4-P5),4.0,False,5,False,Finished,10.0,True,70,2,18.0,21.6005,False,,,,,,
2023,11,Hungarian Grand Prix,hungaroring,Hungaroring,2023-07-23,russell,RUS,George Russell,mercedes,Mercedes,18,Back (P11+),18.0,False,6,False,Finished,8.0,True,70,2,28.0,21.7805,False,,,,,,
2023,11,Hungarian Grand Prix,hungaroring,Hungaroring,2023-07-23,leclerc,LEC,Charles Leclerc,ferrari,Ferrari,6,Midfield (P6-P10),6.0,False,7,False,Finished,6.0,True,70,2,17.0,24.928,False,,,,,,
2023,11,Hungarian Grand Prix,hungaroring,Hungaroring,2023-07-23,sainz,SAI,Carlos Sainz,ferrari,Ferrari,11,Back (P11+),11.0,False,8,False,Finished,4.0,True,70,2,15.0,21.7265,False,,,,,,
2023,11,Hungarian Grand Prix,hungaroring,Hungaroring,2023-07-23,alonso,ALO,Fernando Alonso,aston_martin,Aston Martin,8,Midfield (P6-P10),8.0,False,9,False,Finished,2.0,True,70,2,20.0,23.534,False,,,,,,
2023,11,Hungarian Grand Prix,hungaroring,Hungaroring,2023-07-23,stroll,STR,Lance Stroll,aston_martin,Aston Martin,14,Back (P11+),14.0,False,10,True,Lapped,1.0,True,69,2,9.0,22.1565,False,,,,,,
2023,11,Hungarian Grand Prix,hungaroring,Hungaroring,2023-07-23,albon,ALB,Alexander Albon,williams,Williams,16,Back (P11+),16.0,False,11,True,Lapped,0.0,False,69,2,8.0,21.919,False,,,,,,
2023,11,Hungarian Grand Prix,hungaroring,Hungaroring,2023-07-23,bottas,BOT,Valtteri Bottas,alfa,Alfa Romeo,7,Midfield (P6-P10),7.0,False,12,True,Lapped,0.0,False,69,2,9.0,22.678,False,,,,,,
2023,11,Hungarian Grand Prix,hungaroring,Hungaroring,2023-07-23,ricciardo,RIC,Daniel Ricciardo,alphatauri,AlphaTauri,13,Back (P11+),13.0,False,13,True,Lapped,0.0,False,69,2,18.0,22.0805,False,,,,,,
2023,11,Hungarian Grand Prix,hungaroring,Hungaroring,2023-07-23,hulkenberg,HUL,Nico Hülkenberg,haas,Haas F1 Team,10,Midfield (P6-P10),10.0,False,14,True,Lapped,0.0,False,69,2,16.0,22.438499999999998,False,,,,,,
2023,11,Hungarian Grand Prix,hungaroring,Hungaroring,2023-07-23,tsunoda,TSU,Yuki Tsunoda,alphatauri,AlphaTauri,17,Back (P11+),17.0,False,15,True,Lapped,0.0,False,69,2,9.0,23.6755,False,,,,,,
2023,11,Hungarian Grand Prix,hungaroring,Hungaroring,2023-07-23,zhou,ZHO,Guanyu Zhou,alfa,Alfa Romeo,5,Top 5 (P4-P5),5.0,False,16,True,Lapped,0.0,False,69,2,10.0,26.032,False,,,,,,
2023,11,Hungarian Grand Prix,hungaroring,Hungaroring,2023-07-23,kevin_magnussen,MAG,Kevin Magnussen,haas,Haas F1 Team,19,Back (P11+),19.0,False,17,True,Lapped,0.0,False,69,2,14.0,22.4525,False,,,,,,
2023,11,Hungarian Grand Prix,hungaroring,Hungaroring,2023-07-23,sargeant,SAR,Logan Sargeant,williams,Williams,20,Back (P11+),20.0,False,18,True,Retired,0.0,False,67,2,13.0,23.099,False,,,,,,
2023,11,Hungarian Grand Prix,hungaroring,Hungaroring,2023-07-23,ocon,OCO,Esteban Ocon,alpine,Alpine F1 Team,12,Back (P11+),12.0,False,19,True,Retired,0.0,False,2,0,,,False,,,,,,
2023,11,Hungarian Grand Prix,hungaroring,Hungaroring,2023-07-23,gasly,GAS,Pierre Gasly,alpine,Alpine F1 Team,15,Back (P11+),15.0,False,20,True,Retired,0.0,False,1,0,,,False,,,,,,
2023,12,Belgian Grand Prix,spa,Circuit de Spa-Francorchamps,2023-07-30,max_verstappen,VER,Max Verstappen,red_bull,Red Bull,6,Midfield (P6-P10),1.0,False,1,False,Finished,25.0,True,44,2,14.0,22.9495,False,,,,,,
2023,12,Belgian Grand Prix,spa,Circuit de Spa-Francorchamps,2023-07-30,perez,PER,Sergio Pérez,red_bull,Red Bull,2,Front row (P2-P3),3.0,False,2,False,Finished,18.0,True,44,2,13.0,23.197000000000003,False,,,,,,
2023,12,Belgian Grand Prix,spa,Circuit de Spa-Francorchamps,2023-07-30,leclerc,LEC,Charles Leclerc,ferrari,Ferrari,1,Pole (P1),2.0,False,3,False,Finished,15.0,True,44,2,13.0,23.186,False,,,,,,
2023,12,Belgian Grand Prix,spa,Circuit de Spa-Francorchamps,2023-07-30,hamilton,HAM,Lewis Hamilton,mercedes,Mercedes,3,Front row (P2-P3),4.0,False,4,False,Finished,13.0,True,44,3,12.0,23.08966666666667,False,,,,,,
2023,12,Belgian Grand Prix,spa,Circuit de Spa-Francorchamps,2023-07-30,alonso,ALO,Fernando Alonso,aston_martin,Aston Martin,9,Midfield (P6-P10),9.0,False,5,False,Finished,10.0,True,44,2,10.0,23.441499999999998,False,,,,,,
2023,12,Belgian Grand Prix,spa,Circuit de Spa-Francorchamps,2023-07-30,russell,RUS,George Russell,mercedes,Mercedes,8,Midfield (P6-P10),8.0,False,6,False,Finished,8.0,True,44,1,22.0,23.837,False,,,,,,
2023,12,Belgian Grand Prix,spa,Circuit de Spa-Francorchamps,2023-07-30,norris,NOR,Lando Norris,mclaren,McLaren,7,Midfield (P6-P10),7.0,False,7,False,Finished,6.0,True,44,2,5.0,24.378,False,,,,,,
2023,12,Belgian Grand Prix,spa,Circuit de Spa-Francorchamps,2023-07-30,ocon,OCO,Esteban Ocon,alpine,Alpine F1 Team,14,Back (P11+),15.0,False,8,False,Finished,4.0,True,44,2,6.0,23.212,False,,,,,,
2023,12,Belgian Grand Prix,spa,Circuit de Spa-Francorchamps,2023-07-30,stroll,STR,Lance Stroll,aston_martin,Aston Martin,10,Midfield (P6-P10),10.0,False,9,False,Finished,2.0,True,44,1,20.0,25.397,False,,,,,,
2023,12,Belgian Grand Prix,spa,Circuit de Spa-Francorchamps,2023-07-30,tsunoda,TSU,Yuki Tsunoda,alphatauri,AlphaTauri,11,Back (P11+),11.0,False,10,False,Finished,1.0,True,44,2,9.0,22.673499999999997,False,,,,,,
2023,12,Belgian Grand Prix,spa,Circuit de Spa-Francorchamps,2023-07-30,gasly,GAS,Pierre Gasly,alpine,Alpine F1 Team,12,Back (P11+),12.0,False,11,False,Finished,0.0,False,44,1,23.0,25.664,False,,,,,,
2023,12,Belgian Grand Prix,spa,Circuit de Spa-Francorchamps,2023-07-30,bottas,BOT,Valtteri Bottas,alfa,Alfa Romeo,13,Back (P11+),14.0,False,12,False,Finished,0.0,False,44,2,6.0,23.573999999999998,False,,,,,,
2023,12,Belgian Grand Prix,spa,Circuit de Spa-Francorchamps,2023-07-30,zhou,ZHO,Guanyu Zhou,alfa,Alfa Romeo,17,Back (P11+),17.0,False,13,False,Finished,0.0,False,44,2,7.0,24.247,False,,,,,,
2023,12,Belgian Grand Prix,spa,Circuit de Spa-Francorchamps,2023-07-30,albon,ALB,Alexander Albon,williams,Williams,15,Back (P11+),16.0,False,14,False,Finished,0.0,False,44,3,7.0,24.046666666666667,False,,,,,,
2023,12,Belgian Grand Prix,spa,Circuit de Spa-Francorchamps,2023-07-30,kevin_magnussen,MAG,Kevin Magnussen,haas,Haas F1 Team,16,Back (P11+),13.0,False,15,False,Finished,0.0,False,44,2,5.0,23.605,False,,,,,,
2023,12,Belgian Grand Prix,spa,Circuit de Spa-Francorchamps,2023-07-30,ricciardo,RIC,Daniel Ricciardo,alphatauri,AlphaTauri,19,Back (P11+),19.0,False,16,False,Finished,0.0,False,44,2,5.0,23.066499999999998,False,,,,,,
2023,12,Belgian Grand Prix,spa,Circuit de Spa-Francorchamps,2023-07-30,sargeant,SAR,Logan Sargeant,williams,Williams,18,Back (P11+),18.0,False,17,False,Finished,0.0,False,44,3,8.0,23.538999999999998,False,,,,,,
2023,12,Belgian Grand Prix,spa,Circuit de Spa-Francorchamps,2023-07-30,hulkenberg,HUL,Nico Hülkenberg,haas,Haas F1 Team,20,Back (P11+),20.0,False,18,False,Finished,0.0,False,44,2,12.0,24.9045,False,,,,,,
2023,12,Belgian Grand Prix,spa,Circuit de Spa-Francorchamps,2023-07-30,sainz,SAI,Carlos Sainz,ferrari,Ferrari,4,Top 5 (P4-P5),5.0,False,19,True,Retired,0.0,False,23,1,7.0,23.303,False,,,,,,
2023,12,Belgian Grand Prix,spa,Circuit de Spa-Francorchamps,2023-07-30,piastri,PIA,Oscar Piastri,mclaren,McLaren,5,Top 5 (P4-P5),6.0,False,20,True,Retired,0.0,False,0,0,,,False,,,,,,
2023,13,Dutch Grand Prix,zandvoort,Circuit Park Zandvoort,2023-08-27,max_verstappen,VER,Max Verstappen,red_bull,Red Bull,1,Pole (P1),1.0,False,1,False,Finished,25.0,True,72,6,2.0,19.641000000000002,False,,,,,,
2023,13,Dutch Grand Prix,zandvoort,Circuit Park Zandvoort,2023-08-27,alonso,ALO,Fernando Alonso,aston_martin,Aston Martin,5,Top 5 (P4-P5),5.0,False,2,False,Finished,19.0,True,72,5,2.0,21.639499999999998,False,,,,,,
2023,13,Dutch Grand Prix,zandvoort,Circuit Park Zandvoort,2023-08-27,gasly,GAS,Pierre Gasly,alpine,Alpine F1 Team,12,Back (P11+),12.0,False,3,False,Finished,15.0,True,72,5,1.0,23.452,False,,,,,,
2023,13,Dutch Grand Prix,zandvoort,Circuit Park Zandvoort,2023-08-27,perez,PER,Sergio Pérez,red_bull,Red Bull,7,Midfield (P6-P10),7.0,False,4,False,Finished,12.0,True,72,6,1.0,24.820600000000002,False,,,,,,
2023,13,Dutch Grand Prix,zandvoort,Circuit Park Zandvoort,2023-08-27,sainz,SAI,Carlos Sainz,ferrari,Ferrari,6,Midfield (P6-P10),6.0,False,5,False,Finished,10.0,True,72,5,2.0,19.93,False,,,,,,
2023,13,Dutch Grand Prix,zandvoort,Circuit Park Zandvoort,2023-08-27,hamilton,HAM,Lewis Hamilton,mercedes,Mercedes,13,Back (P11+),13.0,False,6,False,Finished,8.0,True,72,5,3.0,20.0855,False,,,,,,
2023,13,Dutch Grand Prix,zandvoort,Circuit Park Zandvoort,2023-08-27,norris,NOR,Lando Norris,mclaren,McLaren,2,Front row (P2-P3),2.0,False,7,False,Finished,6.0,True,72,6,3.0,24.7172,False,,,,,,
2023,13,Dutch Grand Prix,zandvoort,Circuit Park Zandvoort,2023-08-27,albon,ALB,Alexander Albon,williams,Williams,4,Top 5 (P4-P5),4.0,False,8,False,Finished,4.0,True,72,4,44.0,26.733666666666664,False,,,,,,
2023,13,Dutch Grand Prix,zandvoort,Circuit Park Zandvoort,2023-08-27,piastri,PIA,Oscar Piastri,mclaren,McLaren,8,Midfield (P6-P10),8.0,False,9,False,Finished,2.0,True,72,5,15.0,24.732000000000003,False,,,,,,
2023,13,Dutch Grand Prix,zandvoort,Circuit Park Zandvoort,2023-08-27,ocon,OCO,Esteban Ocon,alpine,Alpine F1 Team,16,Back (P11+),17.0,False,10,False,Finished,1.0,True,72,6,2.0,24.097199999999997,False,,,,,,
2023,13,Dutch Grand Prix,zandvoort,Circuit Park Zandvoort,2023-08-27,stroll,STR,Lance Stroll,aston_martin,Aston Martin,11,Back (P11+),11.0,False,11,False,Finished,0.0,False,72,7,4.0,22.484166666666663,False,,,,,,
2023,13,Dutch Grand Prix,zandvoort,Circuit Park Zandvoort,2023-08-27,hulkenberg,HUL,Nico Hülkenberg,haas,Haas F1 Team,14,Back (P11+),15.0,False,12,False,Finished,0.0,False,72,5,16.0,24.154249999999998,False,,,,,,
2023,13,Dutch Grand Prix,zandvoort,Circuit Park Zandvoort,2023-08-27,lawson,LAW,Liam Lawson,alphatauri,AlphaTauri,19,Back (P11+),20.0,False,13,False,Finished,0.0,False,72,7,1.0,27.147000000000002,False,,,,,,
2023,13,Dutch Grand Prix,zandvoort,Circuit Park Zandvoort,2023-08-27,bottas,BOT,Valtteri Bottas,alfa,Alfa Romeo,18,Back (P11+),19.0,False,14,False,Finished,0.0,False,72,5,16.0,23.16325,False,,,,,,
2023,13,Dutch Grand Prix,zandvoort,Circuit Park Zandvoort,2023-08-27,tsunoda,TSU,Yuki Tsunoda,alphatauri,AlphaTauri,17,Back (P11+),14.0,False,15,False,Finished,0.0,False,72,5,1.0,26.682000000000002,False,,,,,,
2023,13,Dutch Grand Prix,zandvoort,Circuit Park Zandvoort,2023-08-27,kevin_magnussen,MAG,Kevin Magnussen,haas,Haas F1 Team,21,Back (P11+),18.0,False,16,False,Finished,0.0,False,72,6,1.0,25.240000000000002,False,,,,,,
2023,13,Dutch Grand Prix,zandvoort,Circuit Park Zandvoort,2023-08-27,russell,RUS,George Russell,mercedes,Mercedes,3,Front row (P2-P3),3.0,False,17,False,Finished,0.0,False,72,7,4.0,24.533166666666663,False,,,,,,
2023,13,Dutch Grand Prix,zandvoort,Circuit Park Zandvoort,2023-08-27,zhou,ZHO,Guanyu Zhou,alfa,Alfa Romeo,15,Back (P11+),16.0,False,18,True,Accident,0.0,False,62,4,1.0,21.30675,False,,,,,,
2023,13,Dutch Grand Prix,zandvoort,Circuit Park Zandvoort,2023-08-27,leclerc,LEC,Charles Leclerc,ferrari,Ferrari,9,Midfield (P6-P10),9.0,False,19,True,Undertray,0.0,False,41,2,1.0,29.944000000000003,False,,,,,,
2023,13,Dutch Grand Prix,zandvoort,Circuit Park Zandvoort,2023-08-27,sargeant,SAR,Logan Sargeant,williams,Williams,10,Midfield (P6-P10),10.0,False,20,True,Accident,0.0,False,14,0,,,False,,,,,,
2023,14,Italian Grand Prix,monza,Autodromo Nazionale di Monza,2023-09-03,max_verstappen,VER,Max Verstappen,red_bull,Red Bull,2,Front row (P2-P3),2.0,False,1,False,Finished,25.0,True,51,1,20.0,24.228,False,,,,,,
2023,14,Italian Grand Prix,monza,Autodromo Nazionale di Monza,2023-09-03,perez,PER,Sergio Pérez,red_bull,Red Bull,5,Top 5 (P4-P5),5.0,False,2,False,Finished,18.0,True,51,1,21.0,23.819,False,,,,,,
2023,14,Italian Grand Prix,monza,Autodromo Nazionale di Monza,2023-09-03,sainz,SAI,Carlos Sainz,ferrari,Ferrari,1,Pole (P1),1.0,False,3,False,Finished,15.0,True,51,1,19.0,25.183,False,,,,,,
2023,14,Italian Grand Prix,monza,Autodromo Nazionale di Monza,2023-09-03,leclerc,LEC,Charles Leclerc,ferrari,Ferrari,3,Front row (P2-P3),3.0,False,4,False,Finished,12.0,True,51,1,20.0,23.931,False,,,,,,
2023,14,Italian Grand Prix,monza,Autodromo Nazionale di Monza,2023-09-03,russell,RUS,George Russell,mercedes,Mercedes,4,Top 5 (P4-P5),4.0,False,5,False,Finished,10.0,True,51,1,19.0,24.215,False,,,,,,
2023,14,Italian Grand Prix,monza,Autodromo Nazionale di Monza,2023-09-03,hamilton,HAM,Lewis Hamilton,mercedes,Mercedes,8,Midfield (P6-P10),8.0,False,6,False,Finished,8.0,True,51,1,27.0,24.255,False,,,,,,
2023,14,Italian Grand Prix,monza,Autodromo Nazionale di Monza,2023-09-03,albon,ALB,Alexander Albon,williams,Williams,6,Midfield (P6-P10),6.0,False,7,False,Finished,6.0,True,51,1,15.0,24.538,False,,,,,,
2023,14,Italian Grand Prix,monza,Autodromo Nazionale di Monza,2023-09-03,norris,NOR,Lando Norris,mclaren,McLaren,9,Midfield (P6-P10),9.0,False,8,False,Finished,4.0,True,51,1,22.0,23.727,False,,,,,,
2023,14,Italian Grand Prix,monza,Autodromo Nazionale di Monza,2023-09-03,alonso,ALO,Fernando Alonso,aston_martin,Aston Martin,10,Midfield (P6-P10),10.0,False,9,False,Finished,2.0,True,51,1,21.0,24.798,False,,,,,,
2023,14,Italian Grand Prix,monza,Autodromo Nazionale di Monza,2023-09-03,bottas,BOT,Valtteri Bottas,alfa,Alfa Romeo,14,Back (P11+),14.0,False,10,False,Finished,1.0,True,51,1,25.0,24.658,False,,,,,,
2023,14,Italian Grand Prix,monza,Autodromo Nazionale di Monza,2023-09-03,lawson,LAW,Liam Lawson,alphatauri,AlphaTauri,12,Back (P11+),12.0,False,11,False,Finished,0.0,False,51,2,13.0,24.246499999999997,False,,,,,,
2023,14,Italian Grand Prix,monza,Autodromo Nazionale di Monza,2023-09-03,piastri,PIA,Oscar Piastri,mclaren,McLaren,7,Midfield (P6-P10),7.0,False,12,False,Finished,0.0,False,51,2,23.0,27.966,False,,,,,,
2023,14,Italian Grand Prix,monza,Autodromo Nazionale di Monza,2023-09-03,sargeant,SAR,Logan Sargeant,williams,Williams,15,Back (P11+),15.0,False,13,False,Finished,0.0,False,51,1,14.0,24.779,False,,,,,,
2023,14,Italian Grand Prix,monza,Autodromo Nazionale di Monza,2023-09-03,zhou,ZHO,Guanyu Zhou,alfa,Alfa Romeo,16,Back (P11+),16.0,False,14,False,Finished,0.0,False,51,2,11.0,25.177500000000002,False,,,,,,
2023,14,Italian Grand Prix,monza,Autodromo Nazionale di Monza,2023-09-03,gasly,GAS,Pierre Gasly,alpine,Alpine F1 Team,17,Back (P11+),17.0,False,15,False,Finished,0.0,False,51,2,10.0,26.031,False,,,,,,
2023,14,Italian Grand Prix,monza,Autodromo Nazionale di Monza,2023-09-03,stroll,STR,Lance Stroll,aston_martin,Aston Martin,20,Back (P11+),20.0,False,16,False,Finished,0.0,False,51,1,20.0,25.667,False,,,,,,
2023,14,Italian Grand Prix,monza,Autodromo Nazionale di Monza,2023-09-03,hulkenberg,HUL,Nico Hülkenberg,haas,Haas F1 Team,13,Back (P11+),13.0,False,17,True,Lapped,0.0,False,50,2,14.0,25.2115,False,,,,,,
2023,14,Italian Grand Prix,monza,Autodromo Nazionale di Monza,2023-09-03,kevin_magnussen,MAG,Kevin Magnussen,haas,Haas F1 Team,19,Back (P11+),19.0,False,18,True,Lapped,0.0,False,50,2,12.0,24.7125,False,,,,,,
2023,14,Italian Grand Prix,monza,Autodromo Nazionale di Monza,2023-09-03,ocon,OCO,Esteban Ocon,alpine,Alpine F1 Team,18,Back (P11+),18.0,False,19,True,Retired,0.0,False,39,1,24.0,24.249,False,,,,,,
2023,14,Italian Grand Prix,monza,Autodromo Nazionale di Monza,2023-09-03,tsunoda,TSU,Yuki Tsunoda,alphatauri,AlphaTauri,11,Back (P11+),11.0,False,20,True,Did not start,0.0,False,0,0,,,False,,,,,,
2023,15,Singapore Grand Prix,marina_bay,Marina Bay Street Circuit,2023-09-17,sainz,SAI,Carlos Sainz,ferrari,Ferrari,1,Pole (P1),1.0,False,1,False,Finished,25.0,True,62,1,20.0,29.499,False,,,,,,
2023,15,Singapore Grand Prix,marina_bay,Marina Bay Street Circuit,2023-09-17,norris,NOR,Lando Norris,mclaren,McLaren,4,Top 5 (P4-P5),4.0,False,2,False,Finished,18.0,True,62,1,20.0,29.485,False,,,,,,
2023,15,Singapore Grand Prix,marina_bay,Marina Bay Street Circuit,2023-09-17,hamilton,HAM,Lewis Hamilton,mercedes,Mercedes,5,Top 5 (P4-P5),5.0,False,3,False,Finished,16.0,True,62,2,20.0,33.106,False,,,,,,
2023,15,Singapore Grand Prix,marina_bay,Marina Bay Street Circuit,2023-09-17,leclerc,LEC,Charles Leclerc,ferrari,Ferrari,3,Front row (P2-P3),3.0,False,4,False,Finished,12.0,True,62,1,20.0,32.888,False,,,,,,
2023,15,Singapore Grand Prix,marina_bay,Marina Bay Street Circuit,2023-09-17,max_verstappen,VER,Max Verstappen,red_bull,Red Bull,11,Back (P11+),11.0,False,5,False,Finished,10.0,True,62,1,40.0,29.698,False,,,,,,
2023,15,Singapore Grand Prix,marina_bay,Marina Bay Street Circuit,2023-09-17,gasly,GAS,Pierre Gasly,alpine,Alpine F1 Team,12,Back (P11+),12.0,False,6,False,Finished,8.0,True,62,1,20.0,31.802,False,,,,,,
2023,15,Singapore Grand Prix,marina_bay,Marina Bay Street Circuit,2023-09-17,piastri,PIA,Oscar Piastri,mclaren,McLaren,17,Back (P11+),17.0,False,7,False,Finished,6.0,True,62,1,20.0,29.369,False,,,,,,
2023,15,Singapore Grand Prix,marina_bay,Marina Bay Street Circuit,2023-09-17,perez,PER,Sergio Pérez,red_bull,Red Bull,13,Back (P11+),13.0,False,8,False,Finished,4.0,True,62,1,39.0,28.977,False,,,,,,
2023,15,Singapore Grand Prix,marina_bay,Marina Bay Street Circuit,2023-09-17,lawson,LAW,Liam Lawson,alphatauri,AlphaTauri,10,Midfield (P6-P10),10.0,False,9,False,Finished,2.0,True,62,1,20.0,32.348,False,,,,,,
2023,15,Singapore Grand Prix,marina_bay,Marina Bay Street Circuit,2023-09-17,kevin_magnussen,MAG,Kevin Magnussen,haas,Haas F1 Team,6,Midfield (P6-P10),6.0,False,10,False,Finished,1.0,True,62,2,20.0,32.2765,False,,,,,,
2023,15,Singapore Grand Prix,marina_bay,Marina Bay Street Circuit,2023-09-17,albon,ALB,Alexander Albon,williams,Williams,14,Back (P11+),14.0,False,11,False,Finished,0.0,False,62,2,20.0,29.9625,False,,,,,,
2023,15,Singapore Grand Prix,marina_bay,Marina Bay Street Circuit,2023-09-17,zhou,ZHO,Guanyu Zhou,alfa,Alfa Romeo,19,Back (P11+),19.0,False,12,False,Finished,0.0,False,62,2,2.0,30.3345,False,,,,,,
2023,15,Singapore Grand Prix,marina_bay,Marina Bay Street Circuit,2023-09-17,hulkenberg,HUL,Nico Hülkenberg,haas,Haas F1 Team,9,Midfield (P6-P10),9.0,False,13,False,Finished,0.0,False,62,1,20.0,35.497,False,,,,,,
2023,15,Singapore Grand Prix,marina_bay,Marina Bay Street Circuit,2023-09-17,sargeant,SAR,Logan Sargeant,williams,Williams,18,Back (P11+),18.0,False,14,False,Finished,0.0,False,62,2,19.0,31.018,False,,,,,,
2023,15,Singapore Grand Prix,marina_bay,Marina Bay Street Circuit,2023-09-17,alonso,ALO,Fernando Alonso,aston_martin,Aston Martin,7,Midfield (P6-P10),7.0,False,15,False,Finished,0.0,False,62,2,20.0,41.689,False,,,,,,
2023,15,Singapore Grand Prix,marina_bay,Marina Bay Street Circuit,2023-09-17,russell,RUS,George Russell,mercedes,Mercedes,2,Front row (P2-P3),2.0,False,16,True,Retired,0.0,False,61,2,20.0,30.0075,False,,,,,,
2023,15,Singapore Grand Prix,marina_bay,Marina Bay Street Circuit,2023-09-17,bottas,BOT,Valtteri Bottas,alfa,Alfa Romeo,16,Back (P11+),16.0,False,17,True,Retired,0.0,False,51,1,40.0,30.487,False,,,,,,
2023,15,Singapore Grand Prix,marina_bay,Marina Bay Street Circuit,2023-09-17,ocon,OCO,Esteban Ocon,alpine,Alpine F1 Team,8,Midfield (P6-P10),8.0,False,18,True,Retired,0.0,False,42,1,20.0,29.755,False,,,,,,
2023,15,Singapore Grand Prix,marina_bay,Marina Bay Street Circuit,2023-09-17,tsunoda,TSU,Yuki Tsunoda,alphatauri,AlphaTauri,15,Back (P11+),15.0,False,19,True,Retired,0.0,False,0,0,,,False,,,,,,
2023,15,Singapore Grand Prix,marina_bay,Marina Bay Street Circuit,2023-09-17,stroll,STR,Lance Stroll,aston_martin,Aston Martin,21,Back (P11+),20.0,False,20,True,Withdrew,0.0,False,0,0,,,False,,,,,,
2023,16,Japanese Grand Prix,suzuka,Suzuka Circuit,2023-09-24,max_verstappen,VER,Max Verstappen,red_bull,Red Bull,1,Pole (P1),1.0,False,1,False,Finished,26.0,True,53,2,16.0,24.039,False,,,,,,
2023,16,Japanese Grand Prix,suzuka,Suzuka Circuit,2023-09-24,norris,NOR,Lando Norris,mclaren,McLaren,3,Front row (P2-P3),3.0,False,2,False,Finished,18.0,True,53,2,17.0,23.3525,False,,,,,,
2023,16,Japanese Grand Prix,suzuka,Suzuka Circuit,2023-09-24,piastri,PIA,Oscar Piastri,mclaren,McLaren,2,Front row (P2-P3),2.0,False,3,False,Finished,15.0,True,53,2,13.0,23.8265,False,,,,,,
2023,16,Japanese Grand Prix,suzuka,Suzuka Circuit,2023-09-24,leclerc,LEC,Charles Leclerc,ferrari,Ferrari,4,Top 5 (P4-P5),4.0,False,4,False,Finished,12.0,True,53,2,17.0,23.0615,False,,,,,,
2023,16,Japanese Grand Prix,suzuka,Suzuka Circuit,2023-09-24,hamilton,HAM,Lewis Hamilton,mercedes,Mercedes,7,Midfield (P6-P10),7.0,False,5,False,Finished,10.0,True,53,2,16.0,24.236,False,,,,,,
2023,16,Japanese Grand Prix,suzuka,Suzuka Circuit,2023-09-24,sainz,SAI,Carlos Sainz,ferrari,Ferrari,6,Midfield (P6-P10),6.0,False,6,False,Finished,8.0,True,53,2,18.0,23.2245,False,,,,,,
2023,16,Japanese Grand Prix,suzuka,Suzuka Circuit,2023-09-24,russell,RUS,George Russell,mercedes,Mercedes,8,Midfield (P6-P10),8.0,False,7,False,Finished,6.0,True,53,1,24.0,24.034,False,,,,,,
2023,16,Japanese Grand Prix,suzuka,Suzuka Circuit,2023-09-24,alonso,ALO,Fernando Alonso,aston_martin,Aston Martin,10,Midfield (P6-P10),10.0,False,8,False,Finished,4.0,True,53,2,11.0,24.189999999999998,False,,,,,,
2023,16,Japanese Grand Prix,suzuka,Suzuka Circuit,2023-09-24,ocon,OCO,Esteban Ocon,alpine,Alpine F1 Team,14,Back (P11+),14.0,False,9,False,Finished,2.0,True,53,2,1.0,25.4225,False,,,,,,
2023,16,Japanese Grand Prix,suzuka,Suzuka Circuit,2023-09-24,gasly,GAS,Pierre Gasly,alpine,Alpine F1 Team,12,Back (P11+),12.0,False,10,False,Finished,1.0,True,53,2,18.0,24.569499999999998,False,,,,,,
2023,16,Japanese Grand Prix,suzuka,Suzuka Circuit,2023-09-24,lawson,LAW,Liam Lawson,alphatauri,AlphaTauri,11,Back (P11+),11.0,False,11,True,Lapped,0.0,False,52,2,10.0,23.4035,False,,,,,,
2023,16,Japanese Grand Prix,suzuka,Suzuka Circuit,2023-09-24,tsunoda,TSU,Yuki Tsunoda,alphatauri,AlphaTauri,9,Midfield (P6-P10),9.0,False,12,True,Lapped,0.0,False,52,2,9.0,23.1355,False,,,,,,
2023,16,Japanese Grand Prix,suzuka,Suzuka Circuit,2023-09-24,zhou,ZHO,Guanyu Zhou,alfa,Alfa Romeo,19,Back (P11+),19.0,False,13,True,Lapped,0.0,False,52,3,1.0,29.749333333333336,False,,,,,,
2023,16,Japanese Grand Prix,suzuka,Suzuka Circuit,2023-09-24,hulkenberg,HUL,Nico Hülkenberg,haas,Haas F1 Team,18,Back (P11+),18.0,False,14,True,Lapped,0.0,False,52,3,8.0,23.506,False,,,,,,
2023,16,Japanese Grand Prix,suzuka,Suzuka Circuit,2023-09-24,kevin_magnussen,MAG,Kevin Magnussen,haas,Haas F1 Team,15,Back (P11+),15.0,False,15,True,Lapped,0.0,False,52,2,12.0,23.837,False,,,,,,
2023,16,Japanese Grand Prix,suzuka,Suzuka Circuit,2023-09-24,albon,ALB,Alexander Albon,williams,Williams,13,Back (P11+),13.0,False,16,True,Retired,0.0,False,26,2,1.0,51.153999999999996,False,,,,,,
2023,16,Japanese Grand Prix,suzuka,Suzuka Circuit,2023-09-24,sargeant,SAR,Logan Sargeant,williams,Williams,20,Back (P11+),20.0,False,17,True,Retired,0.0,False,22,3,2.0,37.255,False,,,,,,
2023,16,Japanese Grand Prix,suzuka,Suzuka Circuit,2023-09-24,stroll,STR,Lance Stroll,aston_martin,Aston Martin,17,Back (P11+),17.0,False,18,True,Retired,0.0,False,20,1,14.0,23.441,False,,,,,,
2023,16,Japanese Grand Prix,suzuka,Suzuka Circuit,2023-09-24,perez,PER,Sergio Pérez,red_bull,Red Bull,5,Top 5 (P4-P5),5.0,False,19,True,Retired,0.0,False,15,4,2.0,34.86666666666667,False,,,,,,
2023,16,Japanese Grand Prix,suzuka,Suzuka Circuit,2023-09-24,bottas,BOT,Valtteri Bottas,alfa,Alfa Romeo,16,Back (P11+),16.0,False,20,True,Retired,0.0,False,7,2,1.0,54.657,False,,,,,,
2023,17,Qatar Grand Prix,losail,Lusail International Circuit,2023-10-08,max_verstappen,VER,Max Verstappen,red_bull,Red Bull,1,Pole (P1),1.0,False,1,False,Finished,26.0,True,57,3,17.0,28.68733333333333,False,,,,,,
2023,17,Qatar Grand Prix,losail,Lusail International Circuit,2023-10-08,piastri,PIA,Oscar Piastri,mclaren,McLaren,6,Midfield (P6-P10),6.0,False,2,False,Finished,18.0,True,57,3,12.0,28.077333333333332,False,,,,,,
2023,17,Qatar Grand Prix,losail,Lusail International Circuit,2023-10-08,norris,NOR,Lando Norris,mclaren,McLaren,10,Midfield (P6-P10),10.0,False,3,False,Finished,15.0,True,57,3,13.0,27.807333333333332,False,,,,,,
2023,17,Qatar Grand Prix,losail,Lusail International Circuit,2023-10-08,russell,RUS,George Russell,mercedes,Mercedes,2,Front row (P2-P3),2.0,False,4,False,Finished,12.0,True,57,4,1.0,31.18325,False,,,,,,
2023,17,Qatar Grand Prix,losail,Lusail International Circuit,2023-10-08,leclerc,LEC,Charles Leclerc,ferrari,Ferrari,5,Top 5 (P4-P5),5.0,False,5,False,Finished,10.0,True,57,3,12.0,27.871333333333336,False,,,,,,
2023,17,Qatar Grand Prix,losail,Lusail International Circuit,2023-10-08,alonso,ALO,Fernando Alonso,aston_martin,Aston Martin,4,Top 5 (P4-P5),4.0,False,6,False,Finished,8.0,True,57,3,11.0,28.399333333333335,False,,,,,,
2023,17,Qatar Grand Prix,losail,Lusail International Circuit,2023-10-08,ocon,OCO,Esteban Ocon,alpine,Alpine F1 Team,8,Midfield (P6-P10),8.0,False,7,False,Finished,6.0,True,57,3,10.0,29.033,False,,,,,,
2023,17,Qatar Grand Prix,losail,Lusail International Circuit,2023-10-08,bottas,BOT,Valtteri Bottas,alfa,Alfa Romeo,9,Midfield (P6-P10),9.0,False,8,False,Finished,4.0,True,57,3,3.0,29.436666666666667,False,,,,,,
2023,17,Qatar Grand Prix,losail,Lusail International Circuit,2023-10-08,zhou,ZHO,Guanyu Zhou,alfa,Alfa Romeo,19,Back (P11+),20.0,False,9,False,Finished,2.0,True,57,3,18.0,28.884333333333334,False,,,,,,
2023,17,Qatar Grand Prix,losail,Lusail International Circuit,2023-10-08,perez,PER,Sergio Pérez,red_bull,Red Bull,20,Back (P11+),13.0,False,10,False,Finished,1.0,True,57,3,17.0,31.406333333333333,False,,,,,,
2023,17,Qatar Grand Prix,losail,Lusail International Circuit,2023-10-08,stroll,STR,Lance Stroll,aston_martin,Aston Martin,16,Back (P11+),17.0,False,11,False,Finished,0.0,False,57,3,3.0,28.813666666666666,False,,,,,,
2023,17,Qatar Grand Prix,losail,Lusail International Circuit,2023-10-08,gasly,GAS,Pierre Gasly,alpine,Alpine F1 Team,7,Midfield (P6-P10),7.0,False,12,False,Finished,0.0,False,57,3,11.0,31.159000000000002,False,,,,,,
2023,17,Qatar Grand Prix,losail,Lusail International Circuit,2023-10-08,albon,ALB,Alexander Albon,williams,Williams,13,Back (P11+),14.0,False,13,False,Finished,0.0,False,57,3,18.0,28.993666666666666,False,,,,,,
2023,17,Qatar Grand Prix,losail,Lusail International Circuit,2023-10-08,kevin_magnussen,MAG,Kevin Magnussen,haas,Haas F1 Team,18,Back (P11+),19.0,False,14,True,Lapped,0.0,False,56,3,3.0,29.340666666666667,False,,,,,,
2023,17,Qatar Grand Prix,losail,Lusail International Circuit,2023-10-08,tsunoda,TSU,Yuki Tsunoda,alphatauri,AlphaTauri,11,Back (P11+),11.0,False,15,True,Lapped,0.0,False,56,3,9.0,27.728666666666665,False,,,,,,
2023,17,Qatar Grand Prix,losail,Lusail International Circuit,2023-10-08,hulkenberg,HUL,Nico Hülkenberg,haas,Haas F1 Team,14,Back (P11+),15.0,False,16,True,Lapped,0.0,False,56,3,13.0,32.248,False,,,,,,
2023,17,Qatar Grand Prix,losail,Lusail International Circuit,2023-10-08,lawson,LAW,Liam Lawson,alphatauri,AlphaTauri,17,Back (P11+),18.0,False,17,True,Lapped,0.0,False,56,3,3.0,28.721999999999998,False,,,,,,
2023,17,Qatar Grand Prix,losail,Lusail International Circuit,2023-10-08,sargeant,SAR,Logan Sargeant,williams,Williams,15,Back (P11+),16.0,False,18,True,Retired,0.0,False,40,2,13.0,29.4045,False,,,,,,
2023,17,Qatar Grand Prix,losail,Lusail International Circuit,2023-10-08,hamilton,HAM,Lewis Hamilton,mercedes,Mercedes,3,Front row (P2-P3),3.0,False,19,True,Retired,0.0,False,0,0,,,False,,,,,,
2023,17,Qatar Grand Prix,losail,Lusail International Circuit,2023-10-08,sainz,SAI,Carlos Sainz,ferrari,Ferrari,12,Back (P11+),12.0,False,20,True,Did not start,0.0,False,0,0,,,False,,,,,,
2023,18,United States Grand Prix,americas,Circuit of the Americas,2023-10-22,max_verstappen,VER,Max Verstappen,red_bull,Red Bull,6,Midfield (P6-P10),6.0,False,1,False,Finished,25.0,True,56,2,16.0,24.365000000000002,False,,,,,,
2023,18,United States Grand Prix,americas,Circuit of the Americas,2023-10-22,norris,NOR,Lando Norris,mclaren,McLaren,2,Front row (P2-P3),2.0,False,2,False,Finished,18.0,True,56,2,17.0,23.758000000000003,False,,,,,,
2023,18,United States Grand Prix,americas,Circuit of the Americas,2023-10-22,sainz,SAI,Carlos Sainz,ferrari,Ferrari,4,Top 5 (P4-P5),4.0,False,3,False,Finished,15.0,True,56,2,17.0,23.670499999999997,False,,,,,,
2023,18,United States Grand Prix,americas,Circuit of the Americas,2023-10-22,perez,PER,Sergio Pérez,red_bull,Red Bull,9,Midfield (P6-P10),9.0,False,4,False,Finished,12.0,True,56,2,17.0,23.996000000000002,False,,,,,,
2023,18,United States Grand Prix,americas,Circuit of the Americas,2023-10-22,russell,RUS,George Russell,mercedes,Mercedes,5,Top 5 (P4-P5),5.0,False,5,False,Finished,10.0,True,56,2,21.0,24.163,False,,,,,,
2023,18,United States Grand Prix,americas,Circuit of the Americas,2023-10-22,gasly,GAS,Pierre Gasly,alpine,Alpine F1 Team,7,Midfield (P6-P10),7.0,False,6,False,Finished,8.0,True,56,2,18.0,24.39,False,,,,,,
2023,18,United States Grand Prix,americas,Circuit of the Americas,2023-10-22,stroll,STR,Lance Stroll,aston_martin,Aston Martin,20,Back (P11+),19.0,False,7,False,Finished,6.0,True,56,2,20.0,24.206,False,,,,,,
2023,18,United States Grand Prix,americas,Circuit of the Americas,2023-10-22,tsunoda,TSU,Yuki Tsunoda,alphatauri,AlphaTauri,11,Back (P11+),11.0,False,8,False,Finished,5.0,True,56,3,17.0,23.983666666666664,False,,,,,,
2023,18,United States Grand Prix,americas,Circuit of the Americas,2023-10-22,albon,ALB,Alexander Albon,williams,Williams,15,Back (P11+),18.0,False,9,False,Finished,2.0,True,56,2,10.0,24.4585,False,,,,,,
2023,18,United States Grand Prix,americas,Circuit of the Americas,2023-10-22,sargeant,SAR,Logan Sargeant,williams,Williams,16,Back (P11+),20.0,False,10,False,Finished,1.0,True,56,2,11.0,25.2685,False,,,,,,
2023,18,United States Grand Prix,americas,Circuit of the Americas,2023-10-22,hulkenberg,HUL,Nico Hülkenberg,haas,Haas F1 Team,18,Back (P11+),16.0,False,11,False,Finished,0.0,False,56,2,19.0,25.4405,False,,,,,,
2023,18,United States Grand Prix,americas,Circuit of the Americas,2023-10-22,bottas,BOT,Valtteri Bottas,alfa,Alfa Romeo,13,Back (P11+),13.0,False,12,False,Finished,0.0,False,56,2,10.0,24.9015,False,,,,,,
2023,18,United States Grand Prix,americas,Circuit of the Americas,2023-10-22,zhou,ZHO,Guanyu Zhou,alfa,Alfa Romeo,12,Back (P11+),12.0,False,13,True,Lapped,0.0,False,55,2,9.0,25.176499999999997,False,,,,,,
2023,18,United States Grand Prix,americas,Circuit of the Americas,2023-10-22,kevin_magnussen,MAG,Kevin Magnussen,haas,Haas F1 Team,17,Back (P11+),14.0,False,14,True,Lapped,0.0,False,55,2,10.0,24.906,False,,,,,,
2023,18,United States Grand Prix,americas,Circuit of the Americas,2023-10-22,ricciardo,RIC,Daniel Ricciardo,alphatauri,AlphaTauri,14,Back (P11+),15.0,False,15,True,Lapped,0.0,False,55,2,22.0,25.4385,False,,,,,,
2023,18,United States Grand Prix,americas,Circuit of the Americas,2023-10-22,alonso,ALO,Fernando Alonso,aston_martin,Aston Martin,19,Back (P11+),17.0,False,16,True,Retired,0.0,False,49,2,19.0,24.939,False,,,,,,
2023,18,United States Grand Prix,americas,Circuit of the Americas,2023-10-22,piastri,PIA,Oscar Piastri,mclaren,McLaren,10,Midfield (P6-P10),10.0,False,17,True,Retired,0.0,False,10,0,,,False,,,,,,
2023,18,United States Grand Prix,americas,Circuit of the Americas,2023-10-22,ocon,OCO,Esteban Ocon,alpine,Alpine F1 Team,8,Midfield (P6-P10),8.0,False,18,True,Retired,0.0,False,6,0,,,False,,,,,,
2023,18,United States Grand Prix,americas,Circuit of the Americas,2023-10-22,hamilton,HAM,Lewis Hamilton,mercedes,Mercedes,3,Front row (P2-P3),3.0,False,19,True,Disqualified,0.0,False,56,2,20.0,24.782,False,,,,,,
2023,18,United States Grand Prix,americas,Circuit of the Americas,2023-10-22,leclerc,LEC,Charles Leclerc,ferrari,Ferrari,1,Pole (P1),1.0,False,20,True,Disqualified,0.0,False,56,1,23.0,23.963,False,,,,,,
2023,19,Mexico City Grand Prix,rodriguez,Autódromo Hermanos Rodríguez,2023-10-29,max_verstappen,VER,Max Verstappen,red_bull,Red Bull,3,Front row (P2-P3),3.0,False,1,False,Finished,25.0,True,71,3,19.0,22.3995,False,,,,,,
2023,19,Mexico City Grand Prix,rodriguez,Autódromo Hermanos Rodríguez,2023-10-29,hamilton,HAM,Lewis Hamilton,mercedes,Mercedes,6,Midfield (P6-P10),6.0,False,2,False,Finished,19.0,True,71,2,24.0,22.21,False,,,,,,
2023,19,Mexico City Grand Prix,rodriguez,Autódromo Hermanos Rodríguez,2023-10-29,leclerc,LEC,Charles Leclerc,ferrari,Ferrari,1,Pole (P1),1.0,False,3,False,Finished,15.0,True,71,2,31.0,22.248,False,,,,,,
2023,19,Mexico City Grand Prix,rodriguez,Autódromo Hermanos Rodríguez,2023-10-29,sainz,SAI,Carlos Sainz,ferrari,Ferrari,2,Front row (P2-P3),2.0,False,4,False,Finished,12.0,True,71,2,30.0,22.067,False,,,,,,
2023,19,Mexico City Grand Prix,rodriguez,Autódromo Hermanos Rodríguez,2023-10-29,norris,NOR,Lando Norris,mclaren,McLaren,17,Back (P11+),19.0,False,5,False,Finished,10.0,True,71,3,11.0,22.985500000000002,False,,,,,,
2023,19,Mexico City Grand Prix,rodriguez,Autódromo Hermanos Rodríguez,2023-10-29,russell,RUS,George Russell,mercedes,Mercedes,8,Midfield (P6-P10),8.0,False,6,False,Finished,8.0,True,71,2,26.0,22.311,False,,,,,,
2023,19,Mexico City Grand Prix,rodriguez,Autódromo Hermanos Rodríguez,2023-10-29,ricciardo,RIC,Daniel Ricciardo,alphatauri,AlphaTauri,4,Top 5 (P4-P5),4.0,False,7,False,Finished,6.0,True,71,2,27.0,22.406,False,,,,,,
2023,19,Mexico City Grand Prix,rodriguez,Autódromo Hermanos Rodríguez,2023-10-29,piastri,PIA,Oscar Piastri,mclaren,McLaren,7,Midfield (P6-P10),7.0,False,8,False,Finished,4.0,True,71,2,25.0,23.734,False,,,,,,
2023,19,Mexico City Grand Prix,rodriguez,Autódromo Hermanos Rodríguez,2023-10-29,albon,ALB,Alexander Albon,williams,Williams,14,Back (P11+),14.0,False,9,False,Finished,2.0,True,71,2,33.0,23.68,False,,,,,,
2023,19,Mexico City Grand Prix,rodriguez,Autódromo Hermanos Rodríguez,2023-10-29,ocon,OCO,Esteban Ocon,alpine,Alpine F1 Team,15,Back (P11+),16.0,False,10,False,Finished,1.0,True,71,1,34.0,,False,,,,,,
2023,19,Mexico City Grand Prix,rodriguez,Autódromo Hermanos Rodríguez,2023-10-29,gasly,GAS,Pierre Gasly,alpine,Alpine F1 Team,11,Back (P11+),11.0,False,11,False,Finished,0.0,False,71,2,28.0,22.627,False,,,,,,
2023,19,Mexico City Grand Prix,rodriguez,Autódromo Hermanos Rodríguez,2023-10-29,tsunoda,TSU,Yuki Tsunoda,alphatauri,AlphaTauri,18,Back (P11+),15.0,False,12,False,Finished,0.0,False,71,2,9.0,30.121,False,,,,,,
2023,19,Mexico City Grand Prix,rodriguez,Autódromo Hermanos Rodríguez,2023-10-29,hulkenberg,HUL,Nico Hülkenberg,haas,Haas F1 Team,12,Back (P11+),12.0,False,13,False,Finished,0.0,False,71,2,23.0,23.144,False,,,,,,
2023,19,Mexico City Grand Prix,rodriguez,Autódromo Hermanos Rodríguez,2023-10-29,zhou,ZHO,Guanyu Zhou,alfa,Alfa Romeo,10,Midfield (P6-P10),10.0,False,14,False,Finished,0.0,False,71,2,21.0,22.817,False,,,,,,
2023,19,Mexico City Grand Prix,rodriguez,Autódromo Hermanos Rodríguez,2023-10-29,bottas,BOT,Valtteri Bottas,alfa,Alfa Romeo,9,Midfield (P6-P10),9.0,False,15,False,Finished,0.0,False,71,2,31.0,23.638,False,,,,,,
2023,19,Mexico City Grand Prix,rodriguez,Autódromo Hermanos Rodríguez,2023-10-29,sargeant,SAR,Logan Sargeant,williams,Williams,19,Back (P11+),20.0,False,16,True,Retired,0.0,False,70,2,22.0,23.945,False,,,,,,
2023,19,Mexico City Grand Prix,rodriguez,Autódromo Hermanos Rodríguez,2023-10-29,stroll,STR,Lance Stroll,aston_martin,Aston Martin,21,Back (P11+),18.0,False,17,True,Collision damage,0.0,False,66,2,30.0,22.582,False,,,,,,
2023,19,Mexico City Grand Prix,rodriguez,Autódromo Hermanos Rodríguez,2023-10-29,alonso,ALO,Fernando Alonso,aston_martin,Aston Martin,13,Back (P11+),13.0,False,18,True,Withdrew,0.0,False,47,2,29.0,22.844,False,,,,,,
2023,19,Mexico City Grand Prix,rodriguez,Autódromo Hermanos Rodríguez,2023-10-29,kevin_magnussen,MAG,Kevin Magnussen,haas,Haas F1 Team,16,Back (P11+),17.0,False,19,True,Accident,0.0,False,31,1,23.0,23.642,False,,,,,,
2023,19,Mexico City Grand Prix,rodriguez,Autódromo Hermanos Rodríguez,2023-10-29,perez,PER,Sergio Pérez,red_bull,Red Bull,5,Top 5 (P4-P5),5.0,False,20,True,Collision damage,0.0,False,1,0,,,False,,,,,,
2023,20,São Paulo Grand Prix,interlagos,Autódromo José Carlos Pace,2023-11-05,max_verstappen,VER,Max Verstappen,red_bull,Red Bull,1,Pole (P1),1.0,False,1,False,Finished,25.0,True,71,4,1.0,21.641999999999996,False,,,,,,
2023,20,São Paulo Grand Prix,interlagos,Autódromo José Carlos Pace,2023-11-05,norris,NOR,Lando Norris,mclaren,McLaren,6,Midfield (P6-P10),7.0,False,2,False,Finished,19.0,True,71,4,1.0,22.28533333333333,False,,,,,,
2023,20,São Paulo Grand Prix,interlagos,Autódromo José Carlos Pace,2023-11-05,alonso,ALO,Fernando Alonso,aston_martin,Aston Martin,4,Top 5 (P4-P5),4.0,False,3,False,Finished,15.0,True,71,4,1.0,22.173666666666666,False,,,,,,
2023,20,São Paulo Grand Prix,interlagos,Autódromo José Carlos Pace,2023-11-05,perez,PER,Sergio Pérez,red_bull,Red Bull,9,Midfield (P6-P10),9.0,False,4,False,Finished,12.0,True,71,4,1.0,22.499,False,,,,,,
2023,20,São Paulo Grand Prix,interlagos,Autódromo José Carlos Pace,2023-11-05,stroll,STR,Lance Stroll,aston_martin,Aston Martin,3,Front row (P2-P3),3.0,False,5,False,Finished,10.0,True,71,4,1.0,22.451999999999998,False,,,,,,
2023,20,São Paulo Grand Prix,interlagos,Autódromo José Carlos Pace,2023-11-05,sainz,SAI,Carlos Sainz,ferrari,Ferrari,7,Midfield (P6-P10),8.0,False,6,False,Finished,8.0,True,71,4,1.0,23.430333333333333,False,,,,,,
2023,20,São Paulo Grand Prix,interlagos,Autódromo José Carlos Pace,2023-11-05,gasly,GAS,Pierre Gasly,alpine,Alpine F1 Team,15,Back (P11+),13.0,False,7,False,Finished,6.0,True,71,4,1.0,23.133666666666667,False,,,,,,
2023,20,São Paulo Grand Prix,interlagos,Autódromo José Carlos Pace,2023-11-05,hamilton,HAM,Lewis Hamilton,mercedes,Mercedes,5,Top 5 (P4-P5),5.0,False,8,False,Finished,4.0,True,71,4,1.0,22.055333333333333,False,,,,,,
2023,20,São Paulo Grand Prix,interlagos,Autódromo José Carlos Pace,2023-11-05,tsunoda,TSU,Yuki Tsunoda,alphatauri,AlphaTauri,16,Back (P11+),16.0,False,9,False,Finished,2.0,True,71,4,1.0,23.845333333333333,False,,,,,,
2023,20,São Paulo Grand Prix,interlagos,Autódromo José Carlos Pace,2023-11-05,ocon,OCO,Esteban Ocon,alpine,Alpine F1 Team,14,Back (P11+),12.0,False,10,True,Lapped,1.0,True,70,5,1.0,23.562749999999998,False,,,,,,
2023,20,São Paulo Grand Prix,interlagos,Autódromo José Carlos Pace,2023-11-05,sargeant,SAR,Logan Sargeant,williams,Williams,19,Back (P11+),19.0,False,11,True,Lapped,0.0,False,70,4,1.0,25.325333333333333,False,,,,,,
2023,20,São Paulo Grand Prix,interlagos,Autódromo José Carlos Pace,2023-11-05,hulkenberg,HUL,Nico Hülkenberg,haas,Haas F1 Team,11,Back (P11+),11.0,False,12,True,Lapped,0.0,False,70,4,1.0,27.501000000000005,False,,,,,,
2023,20,São Paulo Grand Prix,interlagos,Autódromo José Carlos Pace,2023-11-05,ricciardo,RIC,Daniel Ricciardo,alphatauri,AlphaTauri,17,Back (P11+),17.0,False,13,True,Lapped,0.0,False,70,4,1.0,26.744333333333334,False,,,,,,
2023,20,São Paulo Grand Prix,interlagos,Autódromo José Carlos Pace,2023-11-05,piastri,PIA,Oscar Piastri,mclaren,McLaren,10,Midfield (P6-P10),10.0,False,14,True,Lapped,0.0,False,69,4,1.0,28.454333333333334,False,,,,,,
2023,20,São Paulo Grand Prix,interlagos,Autódromo José Carlos Pace,2023-11-05,russell,RUS,George Russell,mercedes,Mercedes,8,Midfield (P6-P10),6.0,False,15,True,Retired,0.0,False,57,4,1.0,22.71366666666667,False,,,,,,
2023,20,São Paulo Grand Prix,interlagos,Autódromo José Carlos Pace,2023-11-05,bottas,BOT,Valtteri Bottas,alfa,Alfa Romeo,18,Back (P11+),18.0,False,16,True,Retired,0.0,False,39,3,1.0,22.4045,False,,,,,,
2023,20,São Paulo Grand Prix,interlagos,Autódromo José Carlos Pace,2023-11-05,zhou,ZHO,Guanyu Zhou,alfa,Alfa Romeo,20,Back (P11+),20.0,False,17,True,Retired,0.0,False,22,3,1.0,22.6045,False,,,,,,
2023,20,São Paulo Grand Prix,interlagos,Autódromo José Carlos Pace,2023-11-05,kevin_magnussen,MAG,Kevin Magnussen,haas,Haas F1 Team,12,Back (P11+),14.0,False,18,True,Retired,0.0,False,0,0,,,False,,,,,,
2023,20,São Paulo Grand Prix,interlagos,Autódromo José Carlos Pace,2023-11-05,albon,ALB,Alexander Albon,williams,Williams,13,Back (P11+),15.0,False,19,True,Retired,0.0,False,0,0,,,False,,,,,,
2023,20,São Paulo Grand Prix,interlagos,Autódromo José Carlos Pace,2023-11-05,leclerc,LEC,Charles Leclerc,ferrari,Ferrari,2,Front row (P2-P3),2.0,False,20,True,Did not start,0.0,False,0,0,,,False,,,,,,
2023,21,Las Vegas Grand Prix,vegas,Las Vegas Strip Street Circuit,2023-11-19,max_verstappen,VER,Max Verstappen,red_bull,Red Bull,2,Front row (P2-P3),3.0,False,1,False,Finished,25.0,True,50,2,16.0,24.0045,False,,,,,,
2023,21,Las Vegas Grand Prix,vegas,Las Vegas Strip Street Circuit,2023-11-19,leclerc,LEC,Charles Leclerc,ferrari,Ferrari,1,Pole (P1),1.0,False,2,False,Finished,18.0,True,50,1,21.0,22.559,False,,,,,,
2023,21,Las Vegas Grand Prix,vegas,Las Vegas Strip Street Circuit,2023-11-19,perez,PER,Sergio Pérez,red_bull,Red Bull,11,Back (P11+),12.0,False,3,False,Finished,15.0,True,50,2,1.0,27.5835,False,,,,,,
2023,21,Las Vegas Grand Prix,vegas,Las Vegas Strip Street Circuit,2023-11-19,ocon,OCO,Esteban Ocon,alpine,Alpine F1 Team,16,Back (P11+),17.0,False,4,False,Finished,12.0,True,50,1,20.0,21.763,False,,,,,,
2023,21,Las Vegas Grand Prix,vegas,Las Vegas Strip Street Circuit,2023-11-19,stroll,STR,Lance Stroll,aston_martin,Aston Martin,19,Back (P11+),14.0,False,5,False,Finished,10.0,True,50,2,3.0,22.396,False,,,,,,
2023,21,Las Vegas Grand Prix,vegas,Las Vegas Strip Street Circuit,2023-11-19,sainz,SAI,Carlos Sainz,ferrari,Ferrari,12,Back (P11+),2.0,False,6,False,Finished,8.0,True,50,2,3.0,21.9455,False,,,,,,
2023,21,Las Vegas Grand Prix,vegas,Las Vegas Strip Street Circuit,2023-11-19,hamilton,HAM,Lewis Hamilton,mercedes,Mercedes,10,Midfield (P6-P10),11.0,False,7,False,Finished,6.0,True,50,2,17.0,23.7775,False,,,,,,
2023,21,Las Vegas Grand Prix,vegas,Las Vegas Strip Street Circuit,2023-11-19,russell,RUS,George Russell,mercedes,Mercedes,3,Front row (P2-P3),4.0,False,8,False,Finished,4.0,True,50,2,15.0,21.6045,False,,,,,,
2023,21,Las Vegas Grand Prix,vegas,Las Vegas Strip Street Circuit,2023-11-19,alonso,ALO,Fernando Alonso,aston_martin,Aston Martin,9,Midfield (P6-P10),10.0,False,9,False,Finished,2.0,True,50,2,1.0,26.259,False,,,,,,
2023,21,Las Vegas Grand Prix,vegas,Las Vegas Strip Street Circuit,2023-11-19,piastri,PIA,Oscar Piastri,mclaren,McLaren,18,Back (P11+),19.0,False,10,False,Finished,2.0,True,50,2,16.0,21.902,False,,,,,,
2023,21,Las Vegas Grand Prix,vegas,Las Vegas Strip Street Circuit,2023-11-19,gasly,GAS,Pierre Gasly,alpine,Alpine F1 Team,4,Top 5 (P4-P5),5.0,False,11,False,Finished,0.0,False,50,1,17.0,22.262,False,,,,,,
2023,21,Las Vegas Grand Prix,vegas,Las Vegas Strip Street Circuit,2023-11-19,albon,ALB,Alexander Albon,williams,Williams,5,Top 5 (P4-P5),6.0,False,12,False,Finished,0.0,False,50,1,16.0,21.242,False,,,,,,
2023,21,Las Vegas Grand Prix,vegas,Las Vegas Strip Street Circuit,2023-11-19,kevin_magnussen,MAG,Kevin Magnussen,haas,Haas F1 Team,8,Midfield (P6-P10),9.0,False,13,False,Finished,0.0,False,50,2,14.0,21.7395,False,,,,,,
2023,21,Las Vegas Grand Prix,vegas,Las Vegas Strip Street Circuit,2023-11-19,ricciardo,RIC,Daniel Ricciardo,alphatauri,AlphaTauri,14,Back (P11+),15.0,False,14,False,Finished,0.0,False,50,1,17.0,22.242,False,,,,,,
2023,21,Las Vegas Grand Prix,vegas,Las Vegas Strip Street Circuit,2023-11-19,zhou,ZHO,Guanyu Zhou,alfa,Alfa Romeo,17,Back (P11+),18.0,False,15,False,Finished,0.0,False,50,1,26.0,22.155,False,,,,,,
2023,21,Las Vegas Grand Prix,vegas,Las Vegas Strip Street Circuit,2023-11-19,sargeant,SAR,Logan Sargeant,williams,Williams,6,Midfield (P6-P10),7.0,False,16,False,Finished,0.0,False,50,1,15.0,21.367,False,,,,,,
2023,21,Las Vegas Grand Prix,vegas,Las Vegas Strip Street Circuit,2023-11-19,bottas,BOT,Valtteri Bottas,alfa,Alfa Romeo,7,Midfield (P6-P10),8.0,False,17,False,Finished,0.0,False,50,2,1.0,32.7445,False,,,,,,
2023,21,Las Vegas Grand Prix,vegas,Las Vegas Strip Street Circuit,2023-11-19,tsunoda,TSU,Yuki Tsunoda,alphatauri,AlphaTauri,20,Back (P11+),20.0,False,18,True,Retired,0.0,False,46,2,10.0,20.7565,False,,,,,,
2023,21,Las Vegas Grand Prix,vegas,Las Vegas Strip Street Circuit,2023-11-19,hulkenberg,HUL,Nico Hülkenberg,haas,Haas F1 Team,13,Back (P11+),13.0,False,19,True,Retired,0.0,False,45,2,12.0,23.8035,False,,,,,,
2023,21,Las Vegas Grand Prix,vegas,Las Vegas Strip Street Circuit,2023-11-19,norris,NOR,Lando Norris,mclaren,McLaren,15,Back (P11+),16.0,False,20,True,Retired,0.0,False,2,0,,,False,,,,,,
2023,22,Abu Dhabi Grand Prix,yas_marina,Yas Marina Circuit,2023-11-26,max_verstappen,VER,Max Verstappen,red_bull,Red Bull,1,Pole (P1),1.0,False,1,False,Finished,26.0,True,58,2,16.0,21.4685,False,,,,,,
2023,22,Abu Dhabi Grand Prix,yas_marina,Yas Marina Circuit,2023-11-26,leclerc,LEC,Charles Leclerc,ferrari,Ferrari,2,Front row (P2-P3),2.0,False,2,False,Finished,18.0,True,58,2,17.0,21.5825,False,,,,,,
2023,22,Abu Dhabi Grand Prix,yas_marina,Yas Marina Circuit,2023-11-26,russell,RUS,George Russell,mercedes,Mercedes,4,Top 5 (P4-P5),4.0,False,3,False,Finished,15.0,True,58,2,14.0,21.866999999999997,False,,,,,,
2023,22,Abu Dhabi Grand Prix,yas_marina,Yas Marina Circuit,2023-11-26,perez,PER,Sergio Pérez,red_bull,Red Bull,9,Midfield (P6-P10),9.0,False,4,False,Finished,12.0,True,58,2,17.0,21.36,False,,,,,,
2023,22,Abu Dhabi Grand Prix,yas_marina,Yas Marina Circuit,2023-11-26,norris,NOR,Lando Norris,mclaren,McLaren,5,Top 5 (P4-P5),5.0,False,5,False,Finished,10.0,True,58,2,14.0,22.746499999999997,False,,,,,,
2023,22,Abu Dhabi Grand Prix,yas_marina,Yas Marina Circuit,2023-11-26,piastri,PIA,Oscar Piastri,mclaren,McLaren,3,Front row (P2-P3),3.0,False,6,False,Finished,8.0,True,58,2,13.0,21.426499999999997,False,,,,,,
2023,22,Abu Dhabi Grand Prix,yas_marina,Yas Marina Circuit,2023-11-26,alonso,ALO,Fernando Alonso,aston_martin,Aston Martin,7,Midfield (P6-P10),7.0,False,7,False,Finished,6.0,True,58,2,12.0,22.1515,False,,,,,,
2023,22,Abu Dhabi Grand Prix,yas_marina,Yas Marina Circuit,2023-11-26,tsunoda,TSU,Yuki Tsunoda,alphatauri,AlphaTauri,6,Midfield (P6-P10),6.0,False,8,False,Finished,4.0,True,58,1,22.0,21.486,False,,,,,,
2023,22,Abu Dhabi Grand Prix,yas_marina,Yas Marina Circuit,2023-11-26,hamilton,HAM,Lewis Hamilton,mercedes,Mercedes,11,Back (P11+),11.0,False,9,False,Finished,2.0,True,58,2,15.0,22.12,False,,,,,,
2023,22,Abu Dhabi Grand Prix,yas_marina,Yas Marina Circuit,2023-11-26,stroll,STR,Lance Stroll,aston_martin,Aston Martin,13,Back (P11+),13.0,False,10,False,Finished,1.0,True,58,2,22.0,21.7665,False,,,,,,
2023,22,Abu Dhabi Grand Prix,yas_marina,Yas Marina Circuit,2023-11-26,ricciardo,RIC,Daniel Ricciardo,alphatauri,AlphaTauri,15,Back (P11+),15.0,False,11,False,Finished,0.0,False,58,2,7.0,21.716,False,,,,,,
2023,22,Abu Dhabi Grand Prix,yas_marina,Yas Marina Circuit,2023-11-26,ocon,OCO,Esteban Ocon,alpine,Alpine F1 Team,12,Back (P11+),12.0,False,12,False,Finished,0.0,False,58,1,15.0,22.16,False,,,,,,
2023,22,Abu Dhabi Grand Prix,yas_marina,Yas Marina Circuit,2023-11-26,gasly,GAS,Pierre Gasly,alpine,Alpine F1 Team,10,Midfield (P6-P10),10.0,False,13,False,Finished,0.0,False,58,2,17.0,23.2845,False,,,,,,
2023,22,Abu Dhabi Grand Prix,yas_marina,Yas Marina Circuit,2023-11-26,albon,ALB,Alexander Albon,williams,Williams,14,Back (P11+),14.0,False,14,False,Finished,0.0,False,58,2,16.0,22.0445,False,,,,,,
2023,22,Abu Dhabi Grand Prix,yas_marina,Yas Marina Circuit,2023-11-26,hulkenberg,HUL,Nico Hülkenberg,haas,Haas F1 Team,8,Midfield (P6-P10),8.0,False,15,False,Finished,0.0,False,58,2,13.0,21.971,False,,,,,,
2023,22,Abu Dhabi Grand Prix,yas_marina,Yas Marina Circuit,2023-11-26,sargeant,SAR,Logan Sargeant,williams,Williams,20,Back (P11+),20.0,False,16,False,Finished,0.0,False,58,2,15.0,22.002,False,,,,,,
2023,22,Abu Dhabi Grand Prix,yas_marina,Yas Marina Circuit,2023-11-26,zhou,ZHO,Guanyu Zhou,alfa,Alfa Romeo,19,Back (P11+),19.0,False,17,False,Finished,0.0,False,58,2,13.0,22.606,False,,,,,,
2023,22,Abu Dhabi Grand Prix,yas_marina,Yas Marina Circuit,2023-11-26,sainz,SAI,Carlos Sainz,ferrari,Ferrari,16,Back (P11+),16.0,False,18,True,Retired,0.0,False,57,2,23.0,21.3965,False,,,,,,
2023,22,Abu Dhabi Grand Prix,yas_marina,Yas Marina Circuit,2023-11-26,bottas,BOT,Valtteri Bottas,alfa,Alfa Romeo,18,Back (P11+),18.0,False,19,True,Lapped,0.0,False,57,1,29.0,22.665,False,,,,,,
2023,22,Abu Dhabi Grand Prix,yas_marina,Yas Marina Circuit,2023-11-26,kevin_magnussen,MAG,Kevin Magnussen,haas,Haas F1 Team,17,Back (P11+),17.0,False,20,True,Lapped,0.0,False,57,2,5.0,22.4635,False,,,,,,
